{
  "model": "deepseek_moe_16b",
  "gpu_memory_gb": 8.0,
  "cache_capacity": 370,
  "total_experts": 1792,
  "tokens": 120,
  "measured": {
    "predictor_ms": 0.4512272587184001,
    "layer_compute_ms": 78.33279645442963,
    "transfer_ms": 50.0
  },
  "baseline": {
    "per_token_latency": [
      7714.9855042696,
      8664.9855042696,
      6064.9855042696,
      7464.9855042696,
      5614.9855042696,
      4064.9855042696,
      5414.9855042696,
      7314.9855042696,
      5764.9855042696,
      8864.9855042696,
      8614.9855042696,
      7414.9855042696,
      8114.9855042696,
      8714.9855042696,
      5564.9855042696,
      4064.9855042696,
      5264.9855042696,
      6514.9855042696,
      6564.9855042696,
      6764.9855042696,
      5464.9855042696,
      4564.9855042696,
      5614.9855042696,
      6064.9855042696,
      8714.9855042696,
      8414.9855042696,
      5864.9855042696,
      9014.9855042696,
      8414.9855042696,
      5264.9855042696,
      7914.9855042696,
      6664.9855042696,
      8914.9855042696,
      5464.9855042696,
      9164.9855042696,
      7414.9855042696,
      5164.9855042696,
      7764.9855042696,
      5564.9855042696,
      6764.9855042696,
      4414.9855042696,
      4464.9855042696,
      7864.9855042696,
      6014.9855042696,
      7114.9855042696,
      9264.9855042696,
      8664.9855042696,
      7364.9855042696,
      8464.9855042696,
      8214.9855042696,
      9514.9855042696,
      8114.9855042696,
      7864.9855042696,
      7264.9855042696,
      3664.9855042696,
      6814.9855042696,
      8014.9855042696,
      9864.9855042696,
      8064.9855042696,
      7264.9855042696,
      8214.9855042696,
      6464.9855042696,
      5214.9855042696,
      6714.9855042696,
      9164.9855042696,
      7064.9855042696,
      6514.9855042696,
      7814.9855042696,
      4814.9855042696,
      5664.9855042696,
      8114.9855042696,
      7214.9855042696,
      6814.9855042696,
      7814.9855042696,
      4914.9855042696,
      5464.9855042696,
      7614.9855042696,
      6464.9855042696,
      9214.9855042696,
      5064.9855042696,
      5714.9855042696,
      8414.9855042696,
      7714.9855042696,
      6614.9855042696,
      7064.9855042696,
      7464.9855042696,
      6264.9855042696,
      6964.9855042696,
      6864.9855042696,
      8014.9855042696,
      5964.9855042696,
      6114.9855042696,
      7964.9855042696,
      7714.9855042696,
      8064.9855042696,
      7664.9855042696,
      5914.9855042696,
      8064.9855042696,
      8414.9855042696,
      8264.9855042696,
      8464.9855042696,
      6114.9855042696,
      7164.9855042696,
      8664.9855042696,
      6214.9855042696,
      7364.9855042696,
      8514.9855042696,
      7514.9855042696,
      7364.9855042696,
      7914.9855042696,
      7814.9855042696,
      5714.9855042696,
      8614.9855042696,
      7964.9855042696,
      7464.9855042696,
      8214.9855042696,
      7664.9855042696,
      5914.9855042696,
      8214.9855042696,
      8464.9855042696
    ],
    "mean_latency_ms": 7116.652170936267,
    "median_latency_ms": 7364.9855042696,
    "cache_hit_rate": 0.38251028806584364,
    "cache_misses": 12004,
    "cache_evictions": 11723,
    "wasted_prefetches": 0,
    "total_prefetches": 0,
    "dedup_skipped": 0,
    "expert_demands": 19440,
    "expert_hits": 7436
  },
  "prefetched_by_K": {
    "6": {
      "per_token_latency": [
        3027.1686402549963,
        2727.1686402549963,
        2827.1686402549967,
        2927.1686402549967,
        2977.168640254997,
        2677.1686402549963,
        2927.1686402549967,
        2827.1686402549963,
        2727.1686402549963,
        2877.1686402549963,
        3777.1686402549976,
        2877.1686402549967,
        3177.168640254997,
        3227.168640254997,
        3027.168640254997,
        2727.1686402549963,
        2877.1686402549963,
        3477.168640254997,
        3427.168640254997,
        3077.1686402549967,
        3227.168640254997,
        2677.1686402549963,
        3477.168640254997,
        3627.168640254997,
        3027.168640254997,
        3077.1686402549967,
        3027.1686402549963,
        3177.168640254997,
        3777.1686402549976,
        3027.1686402549967,
        3277.168640254997,
        3427.1686402549976,
        3077.168640254997,
        2877.1686402549963,
        3427.1686402549976,
        3127.168640254997,
        2827.1686402549963,
        3277.168640254997,
        2977.1686402549963,
        2877.1686402549963,
        2627.1686402549963,
        2777.1686402549967,
        3227.168640254997,
        2577.1686402549963,
        2827.1686402549963,
        2927.1686402549967,
        2977.1686402549963,
        2927.1686402549963,
        3127.168640254997,
        3027.1686402549963,
        3177.1686402549967,
        2977.1686402549963,
        2927.1686402549963,
        3227.168640254997,
        2827.1686402549963,
        3127.1686402549967,
        2727.1686402549963,
        2827.1686402549963,
        3127.168640254997,
        2977.168640254997,
        2977.1686402549963,
        2827.1686402549967,
        2727.1686402549963,
        2877.1686402549963,
        3027.1686402549963,
        2977.1686402549963,
        2727.1686402549963,
        3077.168640254997,
        2827.1686402549963,
        2777.1686402549963,
        3077.1686402549967,
        3027.1686402549963,
        2777.1686402549963,
        2927.1686402549963,
        3177.168640254997,
        2927.1686402549967,
        3377.168640254997,
        2527.168640254996,
        3077.1686402549967,
        3127.168640254997,
        2977.1686402549967,
        2977.1686402549967,
        2877.1686402549963,
        2927.1686402549967,
        3227.168640254997,
        2927.1686402549963,
        3177.168640254997,
        3327.168640254997,
        3427.1686402549976,
        3227.1686402549963,
        3827.168640254998,
        3377.168640254997,
        3277.1686402549967,
        3827.1686402549976,
        3577.168640254997,
        3527.168640254997,
        3177.168640254997,
        3127.1686402549967,
        3377.168640254997,
        2727.1686402549963,
        2877.1686402549963,
        2827.1686402549963,
        3177.1686402549967,
        3677.1686402549976,
        3177.1686402549967,
        3527.168640254997,
        3327.168640254997,
        3127.168640254997,
        3777.1686402549976,
        3527.1686402549976,
        3327.168640254997,
        3227.168640254997,
        3227.168640254997,
        3227.168640254997,
        3727.1686402549976,
        3777.1686402549976,
        3677.168640254997,
        3327.168640254997,
        3427.168640254997,
        3277.168640254997
      ],
      "mean_latency_ms": 3111.75197358833,
      "median_latency_ms": 3077.1686402549967,
      "cache_hit_rate": 0.8784465020576132,
      "cache_misses": 2363,
      "cache_evictions": 20403,
      "wasted_prefetches": 7266,
      "total_prefetches": 18321,
      "dedup_skipped": 48244,
      "expert_demands": 19440,
      "expert_hits": 17077
    },