{
  "model": "deepseek_moe_16b",
  "gpu_memory_gb": 4.0,
  "cache_capacity": 370,
  "total_experts": 1792,
  "tokens": 112,
  "measured": {
    "predictor_ms": 0.6492432516275181,
    "layer_compute_ms": 53.770669036441376,
    "transfer_ms": 50.0
  },
  "baseline": {
    "per_token_latency": [
      6951.808063983914,
      7351.808063983914,
      6701.808063983914,
      6751.808063983914,
      7051.8080639839145,
      5601.8080639839145,
      6651.808063983914,
      5251.8080639839145,
      8051.808063983914,
      6351.8080639839145,
      8001.808063983914,
      5851.808063983914,
      8151.808063983914,
      8501.808063983914,
      8201.808063983914,
      7651.808063983914,
      6601.8080639839145,
      6101.808063983914,
      7351.808063983914,
      6551.808063983914,
      5651.8080639839145,
      3551.808063983915,
      4301.8080639839145,
      6451.808063983914,
      6751.808063983914,
      8151.808063983914,
      9201.808063983914,
      8401.808063983914,
      6601.808063983914,
      6351.808063983914,
      6701.808063983914,
      2901.8080639839154,
      6701.8080639839145,
      7351.808063983914,
      6001.808063983914,
      6401.808063983914,
      5851.808063983914,
      3901.808063983915,
      5101.8080639839145,
      6301.8080639839145,
      3151.808063983916,
      4751.808063983915,
      4051.8080639839145,
      5451.8080639839145,
      9151.808063983914,
      7651.808063983914,
      6451.808063983914,
      7151.808063983914,
      6851.808063983914,
      5801.808063983914,
      3701.808063983915,
      4501.8080639839145,
      4151.8080639839145,
      6301.808063983914,
      5751.8080639839145,
      5601.8080639839145,
      5851.8080639839145,
      8951.808063983914,
      7351.808063983914,
      5551.8080639839145,
      5701.808063983914,
      5751.808063983914,
      6101.808063983914,
      8801.808063983914,
      6901.808063983914,
      6451.808063983914,
      6251.8080639839145,
      6851.808063983914,
      8951.808063983914,
      2151.8080639839172,
      8701.808063983914,
      8801.808063983914,
      5851.808063983914,
      6951.808063983914,
      4101.808063983915,
      6251.808063983914,
      7151.808063983914,
      6101.808063983914,
      5601.808063983914,
      6751.808063983914,
      2551.808063983917,
      3551.808063983915,
      5451.8080639839145,
      6701.8080639839145,
      6401.808063983914,
      5151.8080639839145,
      7601.808063983914,
      8701.808063983914,
      6601.808063983914,
      6251.808063983914,
      5951.808063983914,
      4801.8080639839145,
      4851.8080639839145,
      5201.808063983915,
      8701.808063983914,
      7701.808063983914,
      7501.808063983914,
      4451.8080639839145,
      5451.808063983914,
      5501.8080639839145,
      2801.8080639839163,
      4451.8080639839145,
      5451.8080639839145,
      5101.8080639839145,
      6251.8080639839145,
      8901.808063983914,
      7851.808063983914,
      6551.808063983914,
      5251.8080639839145,
      3651.808063983915,
      6301.808063983914,
      8751.808063983914
    ],
    "mean_latency_ms": 6259.843778269629,
    "median_latency_ms": 6326.808063983914,
    "cache_hit_rate": 0.4064153439153439,
    "cache_misses": 10770,
    "cache_evictions": 10489,
    "wasted_prefetches": 0,
    "total_prefetches": 0,
    "dedup_skipped": 0,
    "expert_demands": 18144,
    "expert_hits": 7374
  },
  "prefetched_by_K": {
    "6": {
      "per_token_latency": [
        1919.3376317778595,
        1769.3376317778595,
        2419.3376317778584,
        2619.3376317778575,
        2019.3376317778595,
        1969.3376317778595,
        2419.3376317778584,
        2019.3376317778595,
        2319.3376317778584,
        2019.3376317778595,
        2419.337631777858,
        2469.3376317778584,
        2569.337631777858,
        2419.3376317778584,
        2519.3376317778584,
        2519.337631777858,
        2319.337631777859,
        2119.3376317778593,
        2619.3376317778575,
        2169.337631777859,
        2069.3376317778593,
        2219.337631777859,
        2369.337631777859,
        2219.337631777859,
        2419.3376317778584,
        2769.337631777858,
        2569.3376317778575,
        2319.3376317778584,
        2269.3376317778584,
        2419.3376317778584,
        2019.3376317778595,
        1969.3376317778595,
        2319.3376317778584,
        2269.3376317778584,
        2169.3376317778593,
        2519.3376317778584,
        2169.337631777859,
        2119.3376317778593,
        2069.3376317778593,
        2169.3376317778593,
        2069.3376317778593,
        1969.3376317778595,
        2169.337631777859,
        2069.3376317778593,
        2369.3376317778584,
        2769.3376317778575,
        2119.3376317778593,
        2369.3376317778584,
        2419.3376317778584,
        2319.337631777859,
        1919.3376317778595,
        2269.337631777859,
        2219.3376317778593,
        2069.3376317778593,
        2219.337631777859,
        2319.337631777859,
        2219.337631777859,
        2469.337631777858,
        2619.3376317778575,
        2019.3376317778595,
        2069.3376317778593,
        2369.3376317778584,
        2319.337631777859,
        2369.3376317778584,
        2469.337631777858,
        2119.3376317778593,
        2219.337631777859,
        2819.3376317778575,
        2469.3376317778584,
        1619.3376317778595,
        2469.337631777858,
        2519.337631777858,
        2519.337631777858,
        2669.3376317778584,
        2169.337631777859,
        2219.3376317778593,
        2419.3376317778584,
        2369.3376317778584,
        2519.337631777858,
        2469.3376317778584,
        2219.3376317778593,
        2019.3376317778595,
        2469.3376317778584,
        2469.3376317778584,
        2319.3376317778584,
        2019.3376317778595,
        2219.337631777859,
        2519.337631777858,
        2119.3376317778593,
        2269.3376317778584,
        1969.3376317778595,
        2019.3376317778595,
        2019.3376317778595,
        2069.3376317778593,
        2369.3376317778584,
        2619.3376317778584,
        2669.3376317778584,
        2419.3376317778584,
        2569.337631777858,
        2619.3376317778584,
        2019.3376317778595,
        2319.3376317778584,
        2269.337631777859,
        2419.3376317778584,
        2269.337631777859,
        2669.3376317778575,
        2569.337631777858,
        2169.3376317778593,
        2269.337631777859,
        2169.3376317778593,
        2169.337631777859,
        2419.3376317778584
      ],
      "mean_latency_ms": 2294.337631777859,
      "median_latency_ms": 2319.3376317778584,
      "cache_hit_rate": 0.8981481481481481,
      "cache_misses": 1848,
      "cache_evictions": 17018,
      "wasted_prefetches": 5908,
      "total_prefetches": 15451,
      "dedup_skipped": 47692,
      "expert_demands": 18144,
      "expert_hits": 16296
    },