{
  "model": "deepseek_moe_16b",
  "gpu_memory_gb": 8.0,
  "cache_capacity": 29,
  "total_experts": 1792,
  "tokens": 120,
  "measured": {
    "predictor_ms": 0.4011140739614213,
    "layer_compute_ms": 15.404387574504923,
    "transfer_ms": 50.0
  },
  "baseline": {
    "per_token_latency": [
      8465.918464511631,
      8515.918464511631,
      8515.918464511631,
      8515.918464511631,
      8515.918464511631,
      8515.918464511631,
      8515.918464511631,
      8515.918464511631,
      8515.918464511631,
      8515.918464511631,
      8515.918464511631,
      8515.918464511631,
      8515.918464511631,
      8515.918464511631,
      8515.918464511631,
      8515.918464511631,
      8515.918464511631,
      8515.918464511631,
      8515.918464511631,
      8515.918464511631,
      8515.918464511631,
      8515.918464511631,
      8515.918464511631,
      8515.918464511631,
      8515.918464511631,
      8515.918464511631,
      8515.918464511631,
      8515.918464511631,
      8515.918464511631,
      8515.918464511631,
      8515.918464511631,
      8515.918464511631,
      8515.918464511631,
      8515.918464511631,
      8515.918464511631,
      8515.918464511631,
      8515.918464511631,
      8515.918464511631,
      8515.918464511631,
      8515.918464511631,
      8515.918464511631,
      8515.918464511631,
      8515.918464511631,
      8515.918464511631,
      8515.918464511631,
      8515.918464511631,
      8515.918464511631,
      8515.918464511631,
      8515.918464511631,
      8515.918464511631,
      8515.918464511631,
      8515.918464511631,
      8515.918464511631,
      8515.918464511631,
      8515.918464511631,
      8515.918464511631,
      8515.918464511631,
      8515.918464511631,
      8515.918464511631,
      8515.918464511631,
      8515.918464511631,
      8515.918464511631,
      8515.918464511631,
      8515.918464511631,
      8515.918464511631,
      8515.918464511631,
      8515.918464511631,
      8515.918464511631,
      8515.918464511631,
      8515.918464511631,
      8515.918464511631,
      8515.918464511631,
      8515.918464511631,
      8515.918464511631,
      8515.918464511631,
      8515.918464511631,
      8515.918464511631,
      8515.918464511631,
      8515.918464511631,
      8515.918464511631,
      8515.918464511631,
      8515.918464511631,
      8515.918464511631,
      8515.918464511631,
      8515.918464511631,
      8515.918464511631,
      8515.918464511631,
      8515.918464511631,
      8515.918464511631,
      8515.918464511631,
      8515.918464511631,
      8515.918464511631,
      8515.918464511631,
      8515.918464511631,
      8515.918464511631,
      8515.918464511631,
      8515.918464511631,
      8515.918464511631,
      8515.918464511631,
      8515.918464511631,
      8515.918464511631,
      8515.918464511631,
      8515.918464511631,
      8515.918464511631,
      8515.918464511631,
      8515.918464511631,
      8515.918464511631,
      8515.918464511631,
      8515.918464511631,
      8515.918464511631,
      8515.918464511631,
      8515.918464511631,
      8515.918464511631,
      8515.918464511631,
      8515.918464511631,
      8515.918464511631,
      8515.918464511631,
      8515.918464511631,
      8515.918464511631,
      8515.918464511631
    ],
    "mean_latency_ms": 8515.501797844965,
    "median_latency_ms": 8515.918464511631,
    "cache_hit_rate": 5.1440329218106995e-05,
    "cache_misses": 19439,
    "cache_evictions": 19499,
    "wasted_prefetches": 0,
    "total_prefetches": 0,
    "dedup_skipped": 0,
    "expert_demands": 19440,
    "expert_hits": 1
  },
  "prefetched_by_K": {
    "6": {
      "per_token_latency": [
        8276.748544508586,
        8326.748544508586,
        8376.748544508586,
        8426.748544508586,
        8426.748544508586,
        8426.748544508586,
        8426.748544508586,
        8376.748544508586,
        8376.748544508586,
        8326.748544508586,
        8376.748544508586,
        8426.748544508586,
        8326.748544508586,
        8476.748544508586,
        8376.748544508586,
        8376.748544508586,
        8426.748544508586,
        8476.748544508586,
        8426.748544508586,
        8526.748544508586,
        8476.748544508586,
        8376.748544508586,
        8476.748544508586,
        8476.748544508586,
        8376.748544508586,
        8426.748544508586,
        8526.748544508586,
        8426.748544508586,
        8476.748544508586,
        8426.748544508586,
        8376.748544508586,
        8426.748544508586,
        8376.748544508586,
        8426.748544508586,
        8376.748544508586,
        8426.748544508586,
        8376.748544508586,
        8376.748544508586,
        8376.748544508586,
        8376.748544508586,
        8426.748544508586,
        8376.748544508586,
        8326.748544508586,
        8476.748544508586,
        8376.748544508586,
        8426.748544508586,
        8426.748544508586,
        8426.748544508586,
        8326.748544508586,
        8376.748544508586,
        8326.748544508586,
        8326.748544508586,
        8476.748544508586,
        8376.748544508586,
        8476.748544508586,
        8376.748544508586,
        8426.748544508586,
        8376.748544508586,
        8526.748544508586,
        8426.748544508586,
        8526.748544508586,
        8426.748544508586,
        8426.748544508586,
        8476.748544508586,
        8376.748544508586,
        8376.748544508586,
        8426.748544508586,
        8376.748544508586,
        8326.748544508586,
        8426.748544508586,
        8376.748544508586,
        8326.748544508586,
        8426.748544508586,
        8326.748544508586,
        8326.748544508586,
        8476.748544508586,
        8426.748544508586,
        8476.748544508586,
        8376.748544508586,
        8376.748544508586,
        8426.748544508586,
        8326.748544508586,
        8326.748544508586,
        8476.748544508586,
        8476.748544508586,
        8476.748544508586,
        8376.748544508586,
        8476.748544508586,
        8326.748544508586,
        8426.748544508586,
        8376.748544508586,
        8476.748544508586,
        8426.748544508586,
        8526.748544508586,
        8326.748544508586,
        8526.748544508586,
        8476.748544508586,
        8526.748544508586,
        8526.748544508586,
        8426.748544508586,
        8476.748544508586,
        8376.748544508586,
        8426.748544508586,
        8426.748544508586,
        8526.748544508586,
        8376.748544508586,
        8426.748544508586,
        8426.748544508586,
        8526.748544508586,
        8476.748544508586,
        8476.748544508586,
        8376.748544508586,
        8476.748544508586,
        8376.748544508586,
        8526.748544508586,
        8476.748544508586,
        8476.748544508586,
        8326.748544508586,
        8526.748544508586,
        8476.748544508586
      ],
      "mean_latency_ms": 8418.831877841922,
      "median_latency_ms": 8426.748544508586,
      "cache_hit_rate": 0.013323045267489711,
      "cache_misses": 19181,
      "cache_evictions": 35798,
      "wasted_prefetches": 3550,
      "total_prefetches": 16557,
      "dedup_skipped": 3,
      "expert_demands": 19440,
      "expert_hits": 259
    },