{
  "model": "deepseek_moe_16b",
  "gpu_memory_gb": 32.0,
  "cache_capacity": 1053,
  "total_experts": 1792,
  "tokens": 120,
  "measured": {
    "predictor_ms": 0.45258311016692054,
    "layer_compute_ms": 17.260573637706262,
    "transfer_ms": 50.0
  },
  "baseline": {
    "per_token_latency": [
      6016.03548821807,
      7066.03548821807,
      4666.03548821807,
      4716.03548821807,
      3216.03548821807,
      1516.0354882180693,
      3516.03548821807,
      5466.03548821807,
      3416.03548821807,
      5416.03548821807,
      4316.03548821807,
      2216.0354882180695,
      1466.0354882180695,
      1616.03548821807,
      1366.035488218069,
      1216.0354882180688,
      2166.0354882180704,
      1616.0354882180693,
      1416.0354882180693,
      1366.035488218069,
      1116.0354882180693,
      1316.0354882180688,
      2516.0354882180695,
      1266.035488218069,
      2716.03548821807,
      3216.03548821807,
      2116.03548821807,
      1566.0354882180698,
      2266.0354882180695,
      1766.0354882180695,
      1866.0354882180695,
      2416.0354882180704,
      1116.0354882180686,
      1616.0354882180695,
      2566.0354882180695,
      3666.0354882180704,
      1966.0354882180695,
      2666.0354882180695,
      1316.0354882180688,
      2166.03548821807,
      1166.0354882180686,
      816.0354882180685,
      3716.0354882180704,
      2366.0354882180695,
      2316.0354882180695,
      1166.035488218069,
      2516.0354882180695,
      816.0354882180687,
      1366.035488218069,
      2266.0354882180695,
      966.0354882180688,
      1216.0354882180688,
      766.0354882180685,
      1416.0354882180695,
      1216.035488218069,
      916.0354882180685,
      916.0354882180687,
      866.0354882180688,
      966.0354882180685,
      616.0354882180691,
      2566.0354882180695,
      3266.03548821807,
      1966.0354882180702,
      1516.0354882180693,
      866.0354882180688,
      866.0354882180687,
      1266.0354882180688,
      1366.035488218069,
      1716.0354882180698,
      916.0354882180688,
      816.0354882180688,
      766.0354882180686,
      566.0354882180693,
      866.0354882180687,
      866.0354882180687,
      816.0354882180686,
      1616.0354882180693,
      566.0354882180691,
      566.0354882180692,
      716.0354882180688,
      716.035488218069,
      816.0354882180686,
      566.0354882180692,
      1266.035488218069,
      2066.0354882180695,
      2766.03548821807,
      2416.0354882180695,
      1566.0354882180693,
      2166.0354882180704,
      1016.0354882180683,
      2616.0354882180704,
      2266.0354882180695,
      1416.0354882180695,
      2266.0354882180704,
      2216.03548821807,
      1666.0354882180693,
      916.0354882180685,
      916.0354882180685,
      2616.0354882180704,
      2866.03548821807,
      2266.0354882180695,
      1916.0354882180695,
      866.0354882180685,
      1266.035488218069,
      1116.0354882180688,
      816.0354882180686,
      1166.0354882180688,
      766.0354882180688,
      816.0354882180687,
      616.035488218069,
      616.0354882180691,
      716.0354882180688,
      616.0354882180691,
      616.0354882180688,
      516.0354882180692,
      866.0354882180685,
      716.0354882180691,
      666.035488218069,
      1016.0354882180685,
      1916.0354882180698
    ],
    "mean_latency_ms": 1773.5354882180693,
    "median_latency_ms": 1391.035488218069,
    "cache_hit_rate": 0.8385802469135802,
    "cache_misses": 3138,
    "cache_evictions": 2174,
    "wasted_prefetches": 0,
    "total_prefetches": 0,
    "dedup_skipped": 0,
    "expert_demands": 19440,
    "expert_hits": 16302
  },
  "prefetched_by_K": {
    "6": {
      "per_token_latency": [
        1378.2552321925748,
        1378.2552321925748,
        1278.255232192575,
        1678.2552321925755,
        828.2552321925748,
        828.2552321925752,
        1128.2552321925748,
        1428.2552321925752,
        1228.255232192575,
        1578.2552321925757,
        1428.2552321925746,
        1128.255232192575,
        1078.255232192575,
        1278.2552321925755,
        928.2552321925749,
        878.2552321925746,
        1378.255232192575,
        1578.255232192575,
        828.2552321925747,
        828.2552321925754,
        878.2552321925749,
        1078.2552321925748,
        1178.2552321925755,
        678.2552321925755,
        728.2552321925752,
        1428.2552321925752,
        1128.2552321925743,
        828.2552321925747,
        1378.255232192575,
        1128.2552321925748,
        878.2552321925749,
        1278.2552321925755,
        478.2552321925763,
        1228.255232192575,
        978.2552321925746,
        1228.255232192575,
        878.2552321925749,
        1028.2552321925739,
        1278.255232192575,
        828.2552321925745,
        628.2552321925756,
        578.2552321925759,
        1228.2552321925748,
        1078.2552321925746,
        1128.2552321925748,
        628.2552321925759,
        778.2552321925752,
        578.2552321925759,
        978.2552321925745,
        928.2552321925746,
        578.2552321925759,
        678.2552321925757,
        528.2552321925763,
        878.2552321925745,
        1078.255232192574,
        728.2552321925749,
        628.2552321925756,
        478.2552321925763,
        778.2552321925749,
        578.2552321925759,
        878.255232192575,
        1328.255232192575,
        978.2552321925745,
        828.2552321925749,
        728.2552321925756,
        778.2552321925751,
        678.2552321925756,
        678.2552321925752,
        778.2552321925747,
        578.2552321925759,
        678.2552321925757,
        628.2552321925756,
        528.2552321925763,
        678.2552321925752,
        778.2552321925749,
        528.2552321925763,
        828.2552321925752,
        528.2552321925763,
        528.2552321925763,
        678.2552321925754,
        728.2552321925752,
        728.2552321925752,
        578.255232192576,
        728.2552321925755,
        878.2552321925749,
        1278.2552321925748,
        1378.2552321925748,
        1078.2552321925743,
        1278.2552321925752,
        828.2552321925747,
        1328.2552321925752,
        1478.2552321925752,
        1228.2552321925748,
        1328.255232192575,
        1128.255232192575,
        1078.255232192575,
        678.2552321925756,
        578.2552321925759,
        1328.2552321925755,
        928.2552321925738,
        1278.2552321925743,
        828.2552321925749,
        578.2552321925759,
        828.2552321925751,
        828.2552321925749,
        878.2552321925746,
        1078.2552321925748,
        578.2552321925759,
        828.2552321925746,
        1028.255232192574,
        1228.255232192575,
        1028.2552321925748,
        928.2552321925747,
        928.2552321925746,
        678.2552321925752,
        728.2552321925756,
        728.255232192576,
        628.2552321925756,
        728.2552321925749,
        1178.2552321925748
      ],
      "mean_latency_ms": 939.5052321925751,
      "median_latency_ms": 878.2552321925748,
      "cache_hit_rate": 0.9430555555555555,
      "cache_misses": 1107,
      "cache_evictions": 3201,
      "wasted_prefetches": 1046,
      "total_prefetches": 3058,
      "dedup_skipped": 30778,
      "expert_demands": 19440,
      "expert_hits": 18333
    },