{
  "model": "deepseek_moe_16b",
  "gpu_memory_gb": 32.0,
  "cache_capacity": 1792,
  "total_experts": 1792,
  "tokens": 120,
  "measured": {
    "predictor_ms": 0.6119265207606885,
    "layer_compute_ms": 51.86978023582034,
    "transfer_ms": 50.0
  },
  "baseline": {
    "per_token_latency": [
      6900.484066367146,
      8100.484066367146,
      5600.484066367147,
      5600.484066367147,
      4200.484066367147,
      2700.4840663671484,
      4050.4840663671475,
      6400.484066367147,
      4300.484066367147,
      6350.484066367146,
      5050.484066367147,
      2800.484066367148,
      2200.4840663671494,
      2850.4840663671475,
      2200.4840663671494,
      2350.484066367149,
      3100.484066367147,
      2300.4840663671494,
      1950.4840663671498,
      1950.4840663671498,
      2050.48406636715,
      2150.4840663671494,
      3000.4840663671484,
      1800.4840663671498,
      2350.4840663671494,
      3350.4840663671475,
      2450.484066367149,
      1700.4840663671498,
      2500.484066367149,
      1750.4840663671498,
      2350.4840663671494,
      2050.48406636715,
      1600.4840663671498,
      1750.4840663671498,
      2050.48406636715,
      2100.4840663671494,
      1800.4840663671498,
      1450.4840663671498,
      1650.4840663671498,
      1700.4840663671498,
      1550.4840663671498,
      1500.4840663671498,
      2500.4840663671484,
      1800.4840663671498,
      2000.4840663671498,
      1500.4840663671498,
      2000.4840663671498,
      1450.4840663671498,
      1850.4840663671498,
      1600.4840663671498,
      1500.4840663671498,
      1600.4840663671498,
      1450.4840663671498,
      1600.4840663671498,
      1550.4840663671498,
      1500.4840663671498,
      1750.4840663671498,
      1450.4840663671498,
      1450.4840663671498,
      1400.4840663671498,
      1550.4840663671498,
      1550.4840663671498,
      1600.4840663671498,
      1600.4840663671498,
      1400.4840663671498,
      1550.4840663671498,
      1400.4840663671498,
      1550.4840663671498,
      1500.4840663671498,
      1550.4840663671498,
      1450.4840663671498,
      1450.4840663671498,
      1400.4840663671498,
      1550.4840663671498,
      1400.4840663671498,
      1500.4840663671498,
      1450.4840663671498,
      1400.4840663671498,
      1400.4840663671498,
      1400.4840663671498,
      1400.4840663671498,
      1400.4840663671498,
      1400.4840663671498,
      1550.4840663671498,
      1450.4840663671498,
      1600.4840663671498,
      1800.4840663671498,
      1550.4840663671498,
      1750.4840663671498,
      1650.4840663671498,
      2050.48406636715,
      1650.4840663671498,
      1450.4840663671498,
      1750.4840663671498,
      2200.4840663671494,
      1500.4840663671498,
      1450.4840663671498,
      1450.4840663671498,
      1500.4840663671498,
      1400.4840663671498,
      1400.4840663671498,
      1400.4840663671498,
      1400.4840663671498,
      1500.4840663671498,
      1400.4840663671498,
      1400.4840663671498,
      1450.4840663671498,
      1400.4840663671498,
      1400.4840663671498,
      1450.4840663671498,
      1400.4840663671498,
      1450.4840663671498,
      1400.4840663671498,
      1400.4840663671498,
      1400.4840663671498,
      1600.4840663671498,
      1400.4840663671498,
      1450.4840663671498,
      1400.4840663671498,
      1450.4840663671498
    ],
    "mean_latency_ms": 2047.9840663671494,
    "median_latency_ms": 1550.4840663671498,
    "cache_hit_rate": 0.9200617283950617,
    "cache_misses": 1554,
    "cache_evictions": 0,
    "wasted_prefetches": 0,
    "total_prefetches": 0,
    "dedup_skipped": 0,
    "expert_demands": 19440,
    "expert_hits": 17886
  },
  "prefetched_by_K": {
    "6": {
      "per_token_latency": [
        1867.00608242769,
        1817.0060824276898,
        1967.00608242769,
        1867.0060824276895,
        1867.0060824276895,
        1467.006082427689,
        1617.006082427689,
        1817.0060824276895,
        1717.0060824276893,
        1967.0060824276902,
        1867.0060824276895,
        1567.0060824276893,
        1567.0060824276893,
        1717.0060824276895,
        1467.0060824276889,
        1617.0060824276893,
        1817.0060824276898,
        1767.0060824276895,
        1517.006082427689,
        1417.0060824276889,
        1467.006082427689,
        1467.006082427689,
        1617.0060824276893,
        1417.0060824276889,
        1417.0060824276889,
        1617.0060824276893,
        1617.0060824276893,
        1467.006082427689,
        1667.0060824276893,
        1467.006082427689,
        1667.0060824276893,
        1467.006082427689,
        1467.0060824276889,
        1567.0060824276893,
        1467.006082427689,
        1517.006082427689,
        1467.006082427689,
        1467.006082427689,
        1517.006082427689,
        1417.0060824276889,
        1417.0060824276889,
        1517.006082427689,
        1517.006082427689,
        1417.0060824276889,
        1467.006082427689,
        1417.0060824276889,
        1417.0060824276889,
        1417.0060824276889,
        1517.006082427689,
        1417.0060824276889,
        1467.006082427689,
        1417.0060824276889,
        1467.006082427689,
        1417.0060824276889,
        1467.006082427689,
        1417.0060824276889,
        1417.0060824276889,
        1467.006082427689,
        1417.0060824276889,
        1417.0060824276889,
        1417.0060824276889,
        1467.006082427689,
        1417.0060824276889,
        1417.0060824276889,
        1417.0060824276889,
        1417.0060824276889,
        1417.0060824276889,
        1417.0060824276889,
        1417.0060824276889,
        1417.0060824276889,
        1417.0060824276889,
        1417.0060824276889,
        1417.0060824276889,
        1417.0060824276889,
        1417.0060824276889,
        1417.0060824276889,
        1417.0060824276889,
        1417.0060824276889,
        1417.0060824276889,
        1417.0060824276889,
        1417.0060824276889,
        1417.0060824276889,
        1417.0060824276889,
        1417.0060824276889,
        1417.0060824276889,
        1467.006082427689,
        1467.006082427689,
        1417.0060824276889,
        1517.006082427689,
        1417.0060824276889,
        1567.0060824276893,
        1467.006082427689,
        1417.0060824276889,
        1517.006082427689,
        1467.006082427689,
        1417.0060824276889,
        1417.0060824276889,
        1417.0060824276889,
        1417.0060824276889,
        1417.0060824276889,
        1417.0060824276889,
        1417.0060824276889,
        1417.0060824276889,
        1417.0060824276889,
        1417.0060824276889,
        1417.0060824276889,
        1417.0060824276889,
        1417.0060824276889,
        1417.0060824276889,
        1417.0060824276889,
        1417.0060824276889,
        1467.0060824276889,
        1417.0060824276889,
        1417.0060824276889,
        1417.0060824276889,
        1417.0060824276889,
        1417.0060824276889,
        1417.0060824276889,
        1417.0060824276889,
        1417.0060824276889
      ],
      "mean_latency_ms": 1492.4227490943554,
      "median_latency_ms": 1417.0060824276889,
      "cache_hit_rate": 0.9906893004115226,
      "cache_misses": 181,
      "cache_evictions": 0,
      "wasted_prefetches": 535,
      "total_prefetches": 1432,
      "dedup_skipped": 69021,
      "expert_demands": 19440,
      "expert_hits": 19259
    },