{
  "model": "deepseek_moe_16b",
  "gpu_memory_gb": 4.0,
  "cache_capacity": 370,
  "total_experts": 1792,
  "tokens": 120,
  "measured": {
    "predictor_ms": 0.6181285986331878,
    "layer_compute_ms": 51.79713415658033,
    "transfer_ms": 50.0
  },
  "baseline": {
    "per_token_latency": [
      6898.522622227674,
      8098.522622227674,
      5598.522622227672,
      7198.522622227674,
      4948.522622227667,
      3398.522622227669,
      4648.522622227669,
      7048.522622227672,
      4948.522622227671,
      8298.522622227676,
      7948.522622227674,
      6648.522622227672,
      7398.522622227674,
      8098.522622227674,
      4848.52262222767,
      3248.522622227669,
      4848.522622227669,
      6048.522622227671,
      6048.522622227671,
      5548.522622227671,
      4948.522622227667,
      3598.522622227669,
      4448.522622227669,
      3648.522622227669,
      7848.522622227674,
      7748.522622227674,
      5198.522622227671,
      7998.522622227676,
      7648.522622227672,
      4498.522622227669,
      7398.522622227674,
      6348.522622227672,
      7998.522622227676,
      4948.522622227669,
      8498.522622227676,
      6648.522622227672,
      4748.522622227669,
      6848.522622227674,
      5398.522622227672,
      6398.522622227674,
      3898.522622227669,
      3448.522622227669,
      7248.522622227674,
      5398.522622227672,
      6148.522622227672,
      8648.522622227676,
      7648.522622227674,
      6398.522622227672,
      7748.522622227676,
      7348.522622227672,
      8948.522622227676,
      7148.522622227674,
      6948.522622227672,
      6748.522622227672,
      2898.522622227669,
      6048.522622227669,
      7398.522622227672,
      9048.522622227676,
      7448.522622227674,
      6148.522622227672,
      7548.522622227674,
      5648.522622227671,
      4398.522622227669,
      6148.522622227672,
      8198.522622227674,
      6198.522622227672,
      5898.522622227672,
      6998.522622227674,
      4048.522622227669,
      4598.522622227671,
      7298.522622227674,
      6298.522622227672,
      6148.522622227672,
      7148.522622227674,
      4148.522622227669,
      4998.522622227671,
      6998.522622227674,
      5648.522622227671,
      8648.522622227674,
      4248.522622227669,
      4648.522622227671,
      7698.522622227674,
      6798.522622227672,
      5998.522622227672,
      6498.522622227672,
      6548.522622227672,
      5848.522622227672,
      6498.522622227672,
      6148.522622227672,
      7348.522622227674,
      5398.5226222276715,
      4948.522622227671,
      7248.522622227674,
      6448.522622227674,
      7348.522622227672,
      7248.522622227674,
      5098.522622227671,
      7648.522622227674,
      7698.522622227674,
      7398.522622227674,
      7398.522622227674,
      4898.522622227671,
      6398.522622227672,
      7948.522622227674,
      5198.522622227671,
      6448.522622227672,
      7748.522622227674,
      6498.522622227674,
      6548.522622227674,
      6698.522622227672,
      7148.522622227674,
      5148.52262222767,
      7648.522622227674,
      7048.522622227674,
      6448.522622227674,
      7398.522622227672,
      7298.522622227674,
      5048.522622227671,
      7798.522622227674,
      7598.522622227674
    ],
    "mean_latency_ms": 6362.2726222276715,
    "median_latency_ms": 6498.522622227673,
    "cache_hit_rate": 0.38719135802469135,
    "cache_misses": 11913,
    "cache_evictions": 11632,
    "wasted_prefetches": 0,
    "total_prefetches": 0,
    "dedup_skipped": 0,
    "expert_demands": 19440,
    "expert_hits": 7527
  },
  "prefetched_by_K": {
    "6": {
      "per_token_latency": [
        1865.2120943907646,
        1815.2120943907646,
        2065.2120943907644,
        2015.2120943907646,
        2565.212094390764,
        1965.2120943907644,
        2015.2120943907646,
        2015.2120943907644,
        2115.2120943907644,
        2215.212094390764,
        2915.212094390764,
        1915.2120943907646,
        2615.212094390764,
        2365.212094390764,
        2165.2120943907644,
        1965.2120943907646,
        2365.212094390764,
        2865.212094390764,
        2465.212094390764,
        2415.2120943907644,
        2165.2120943907644,
        1915.2120943907644,
        2465.2120943907644,
        2765.2120943907644,
        2415.212094390764,
        2265.2120943907644,
        2365.2120943907644,
        2515.212094390764,
        3215.212094390764,
        2315.2120943907644,
        2715.212094390764,
        2765.212094390764,
        2415.212094390764,
        2115.2120943907644,
        2715.212094390764,
        2465.212094390764,
        2165.2120943907644,
        2665.212094390764,
        2365.2120943907644,
        2215.2120943907644,
        1915.2120943907646,
        1865.2120943907646,
        2415.212094390764,
        1915.2120943907646,
        2065.2120943907644,
        2115.212094390764,
        2415.2120943907644,
        2065.2120943907644,
        2465.212094390764,
        2115.2120943907644,
        2465.212094390764,
        2465.212094390764,
        2215.2120943907644,
        2465.212094390764,
        2065.2120943907644,
        2165.212094390764,
        2015.2120943907646,
        2215.212094390764,
        2365.212094390764,
        2315.2120943907644,
        2465.212094390764,
        2065.2120943907644,
        1965.2120943907646,
        1965.2120943907646,
        2065.2120943907644,
        2065.212094390764,
        1965.2120943907646,
        2215.212094390764,
        1915.2120943907644,
        1765.2120943907646,
        2065.2120943907644,
        1865.2120943907644,
        1815.2120943907646,
        2165.2120943907644,
        1815.2120943907646,
        1815.2120943907648,
        2265.2120943907644,
        1765.2120943907646,
        2265.212094390764,
        2065.2120943907644,
        1515.212094390765,
        2165.212094390764,
        2065.2120943907644,
        2215.2120943907644,
        2315.2120943907644,
        2315.212094390764,
        2565.212094390764,
        2865.212094390764,
        2565.212094390764,
        2515.2120943907644,
        2815.212094390764,
        2615.2120943907644,
        2565.212094390764,
        2815.212094390764,
        2765.212094390764,
        2865.212094390764,
        2815.212094390764,
        2465.212094390764,
        2515.212094390764,
        1865.2120943907646,
        2215.2120943907644,
        1915.2120943907644,
        2115.2120943907644,
        2865.212094390764,
        2615.212094390764,
        2515.2120943907644,
        2665.212094390764,
        2315.212094390764,
        2765.2120943907635,
        2615.212094390764,
        2665.212094390764,
        2465.2120943907644,
        2565.212094390764,
        2465.212094390764,
        2965.212094390764,
        2515.212094390764,
        2865.212094390764,
        2565.2120943907644,
        2215.2120943907644,
        2415.212094390764
      ],
      "mean_latency_ms": 2313.9620943907644,
      "median_latency_ms": 2315.212094390764,
      "cache_hit_rate": 0.8890432098765432,
      "cache_misses": 2157,
      "cache_evictions": 19666,
      "wasted_prefetches": 6842,
      "total_prefetches": 17790,
      "dedup_skipped": 48999,
      "expert_demands": 19440,
      "expert_hits": 17283
    },