{
  "model": "deepseek_moe_16b",
  "gpu_memory_gb": 16.0,
  "cache_capacity": 1792,
  "total_experts": 1792,
  "tokens": 120,
  "measured": {
    "predictor_ms": 0.6210263685702726,
    "layer_compute_ms": 51.61399945064827,
    "transfer_ms": 50.0
  },
  "baseline": {
    "per_token_latency": [
      6893.577985167505,
      8093.577985167506,
      5593.577985167505,
      5593.577985167504,
      4193.577985167504,
      2693.5779851675034,
      4043.5779851675043,
      6393.577985167505,
      4293.577985167504,
      6343.577985167505,
      5043.577985167505,
      2793.577985167504,
      2193.577985167503,
      2843.577985167504,
      2193.577985167503,
      2343.577985167503,
      3093.577985167504,
      2293.5779851675024,
      1943.5779851675024,
      1943.5779851675024,
      2043.5779851675022,
      2143.5779851675024,
      2993.5779851675034,
      1793.5779851675027,
      2343.577985167503,
      3343.5779851675043,
      2443.5779851675024,
      1693.5779851675024,
      2493.5779851675034,
      1743.5779851675027,
      2343.5779851675024,
      2043.5779851675022,
      1593.5779851675027,
      1743.5779851675024,
      2043.5779851675024,
      2093.5779851675024,
      1793.5779851675024,
      1443.577985167503,
      1643.5779851675027,
      1693.5779851675024,
      1543.5779851675027,
      1493.5779851675027,
      2493.577985167503,
      1793.5779851675024,
      1993.5779851675022,
      1493.577985167503,
      1993.5779851675027,
      1443.577985167503,
      1843.5779851675024,
      1593.577985167503,
      1493.5779851675027,
      1593.5779851675027,
      1443.577985167503,
      1593.5779851675027,
      1543.5779851675027,
      1493.5779851675027,
      1743.5779851675024,
      1443.577985167503,
      1443.577985167503,
      1393.577985167503,
      1543.5779851675027,
      1543.577985167503,
      1593.5779851675027,
      1593.5779851675027,
      1393.577985167503,
      1543.5779851675027,
      1393.577985167503,
      1543.5779851675027,
      1493.577985167503,
      1543.5779851675027,
      1443.577985167503,
      1443.577985167503,
      1393.577985167503,
      1543.577985167503,
      1393.577985167503,
      1493.577985167503,
      1443.577985167503,
      1393.577985167503,
      1393.577985167503,
      1393.577985167503,
      1393.577985167503,
      1393.577985167503,
      1393.577985167503,
      1543.577985167503,
      1443.577985167503,
      1593.5779851675027,
      1793.5779851675022,
      1543.577985167503,
      1743.5779851675024,
      1643.5779851675027,
      2043.577985167502,
      1643.5779851675027,
      1443.577985167503,
      1743.5779851675024,
      2193.577985167503,
      1493.5779851675027,
      1443.577985167503,
      1443.577985167503,
      1493.5779851675027,
      1393.577985167503,
      1393.577985167503,
      1393.577985167503,
      1393.577985167503,
      1493.5779851675027,
      1393.577985167503,
      1393.577985167503,
      1443.577985167503,
      1393.577985167503,
      1393.577985167503,
      1443.577985167503,
      1393.577985167503,
      1443.577985167503,
      1393.577985167503,
      1393.577985167503,
      1393.577985167503,
      1593.5779851675027,
      1393.577985167503,
      1443.577985167503,
      1393.577985167503,
      1443.577985167503
    ],
    "mean_latency_ms": 2041.0779851675034,
    "median_latency_ms": 1543.577985167503,
    "cache_hit_rate": 0.9200617283950617,
    "cache_misses": 1554,
    "cache_evictions": 0,
    "wasted_prefetches": 0,
    "total_prefetches": 0,
    "dedup_skipped": 0,
    "expert_demands": 19440,
    "expert_hits": 17886
  },
  "prefetched_by_K": {
    "6": {
      "per_token_latency": [
        1860.345697118899,
        1810.3456971188991,
        1960.3456971188991,
        1860.3456971188994,
        1860.3456971188994,
        1460.3456971188998,
        1610.3456971188998,
        1810.3456971188994,
        1710.3456971188996,
        1960.345697118899,
        1860.3456971188994,
        1560.3456971188996,
        1560.3456971188996,
        1710.3456971188994,
        1460.3456971189,
        1610.3456971188996,
        1810.3456971188991,
        1760.3456971188994,
        1510.3456971188998,
        1410.3456971189,
        1460.3456971188998,
        1460.3456971188998,
        1610.3456971188996,
        1410.3456971189,
        1410.3456971189,
        1610.3456971188996,
        1610.3456971188996,
        1460.3456971188998,
        1660.3456971188996,
        1460.3456971188998,
        1660.3456971188996,
        1460.3456971188998,
        1460.3456971189,
        1560.3456971188996,
        1460.3456971188998,
        1510.3456971188998,
        1460.3456971188998,
        1460.3456971188998,
        1510.3456971188998,
        1410.3456971189,
        1410.3456971189,
        1510.3456971188998,
        1510.3456971188998,
        1410.3456971189,
        1460.3456971188998,
        1410.3456971189,
        1410.3456971189,
        1410.3456971189,
        1510.3456971188998,
        1410.3456971189,
        1460.3456971188998,
        1410.3456971189,
        1460.3456971188998,
        1410.3456971189,
        1460.3456971188998,
        1410.3456971189,
        1410.3456971189,
        1460.3456971188998,
        1410.3456971189,
        1410.3456971189,
        1410.3456971189,
        1460.3456971188998,
        1410.3456971189,
        1410.3456971189,
        1410.3456971189,
        1410.3456971189,
        1410.3456971189,
        1410.3456971189,
        1410.3456971189,
        1410.3456971189,
        1410.3456971189,
        1410.3456971189,
        1410.3456971189,
        1410.3456971189,
        1410.3456971189,
        1410.3456971189,
        1410.3456971189,
        1410.3456971189,
        1410.3456971189,
        1410.3456971189,
        1410.3456971189,
        1410.3456971189,
        1410.3456971189,
        1410.3456971189,
        1410.3456971189,
        1460.3456971188998,
        1460.3456971188998,
        1410.3456971189,
        1510.3456971188998,
        1410.3456971189,
        1560.3456971188996,
        1460.3456971188998,
        1410.3456971189,
        1510.3456971188998,
        1460.3456971188998,
        1410.3456971189,
        1410.3456971189,
        1410.3456971189,
        1410.3456971189,
        1410.3456971189,
        1410.3456971189,
        1410.3456971189,
        1410.3456971189,
        1410.3456971189,
        1410.3456971189,
        1410.3456971189,
        1410.3456971189,
        1410.3456971189,
        1410.3456971189,
        1410.3456971189,
        1410.3456971189,
        1460.3456971189,
        1410.3456971189,
        1410.3456971189,
        1410.3456971189,
        1410.3456971189,
        1410.3456971189,
        1410.3456971189,
        1410.3456971189,
        1410.3456971189
      ],
      "mean_latency_ms": 1485.762363785567,
      "median_latency_ms": 1410.3456971189,
      "cache_hit_rate": 0.9906893004115226,
      "cache_misses": 181,
      "cache_evictions": 0,
      "wasted_prefetches": 535,
      "total_prefetches": 1432,
      "dedup_skipped": 69021,
      "expert_demands": 19440,
      "expert_hits": 19259
    },