{
  "model": "deepseek_moe_16b",
  "gpu_memory_gb": 16.0,
  "cache_capacity": 1792,
  "total_experts": 1792,
  "tokens": 112,
  "measured": {
    "predictor_ms": 0.6216628226899991,
    "layer_compute_ms": 52.59732386800978,
    "transfer_ms": 50.0
  },
  "baseline": {
    "per_token_latency": [
      6920.127744436266,
      7320.127744436266,
      6620.127744436266,
      6370.127744436266,
      6820.127744436266,
      5020.127744436266,
      6320.127744436266,
      4720.127744436266,
      5570.127744436266,
      4470.127744436266,
      3970.127744436266,
      3120.127744436266,
      2970.127744436266,
      5020.127744436266,
      3370.127744436266,
      2920.1277444362654,
      2320.1277444362654,
      2420.1277444362654,
      3020.1277444362654,
      2420.1277444362654,
      1770.1277444362652,
      1720.1277444362652,
      1920.1277444362654,
      1970.127744436265,
      1920.1277444362654,
      1820.127744436265,
      1820.127744436265,
      2220.1277444362654,
      1920.127744436265,
      2170.1277444362654,
      2120.1277444362654,
      1570.127744436265,
      1620.1277444362652,
      2120.127744436266,
      1520.1277444362647,
      1870.127744436265,
      1620.127744436265,
      1620.127744436265,
      2170.1277444362654,
      1670.1277444362652,
      1870.1277444362652,
      1670.1277444362647,
      1670.127744436265,
      1470.1277444362647,
      1570.127744436265,
      1520.127744436265,
      1420.1277444362647,
      1470.1277444362647,
      1670.127744436265,
      1570.127744436265,
      1470.1277444362647,
      1520.127744436265,
      1620.127744436265,
      1520.127744436265,
      1520.127744436265,
      1470.1277444362647,
      1470.1277444362647,
      1470.1277444362647,
      1670.1277444362652,
      1570.127744436265,
      1470.1277444362647,
      1720.1277444362652,
      1870.1277444362652,
      1520.1277444362647,
      1570.127744436265,
      1470.1277444362647,
      1620.127744436265,
      1520.127744436265,
      1470.1277444362647,
      1420.1277444362647,
      2070.127744436265,
      1620.127744436265,
      1620.127744436265,
      1520.1277444362647,
      1470.1277444362647,
      1770.1277444362652,
      1770.1277444362654,
      1520.1277444362647,
      1570.127744436265,
      1470.1277444362647,
      1420.1277444362647,
      1520.127744436265,
      1470.1277444362647,
      1470.1277444362647,
      1570.127744436265,
      1420.1277444362647,
      1420.1277444362647,
      1570.127744436265,
      1420.1277444362647,
      1420.1277444362647,
      1470.1277444362647,
      1470.1277444362647,
      1470.1277444362647,
      1420.1277444362647,
      1420.1277444362647,
      1570.1277444362647,
      1470.1277444362647,
      1420.1277444362647,
      1470.1277444362647,
      1470.1277444362647,
      1420.1277444362647,
      1470.1277444362647,
      1470.1277444362647,
      1520.1277444362647,
      1470.1277444362647,
      1520.127744436265,
      1420.1277444362647,
      1420.1277444362647,
      1520.127744436265,
      1420.1277444362647,
      1520.127744436265,
      1420.1277444362647
    ],
    "mean_latency_ms": 2134.4134587219787,
    "median_latency_ms": 1570.127744436265,
    "cache_hit_rate": 0.9118165784832452,
    "cache_misses": 1600,
    "cache_evictions": 0,
    "wasted_prefetches": 0,
    "total_prefetches": 0,
    "dedup_skipped": 0,
    "expert_demands": 18144,
    "expert_hits": 16544
  },
  "prefetched_by_K": {
    "6": {
      "per_token_latency": [
        1886.9126406488965,
        1736.912640648896,
        2136.9126406488963,
        2136.9126406488954,
        1786.912640648896,
        1786.912640648896,
        1986.9126406488965,
        1686.912640648896,
        1886.9126406488965,
        1586.9126406488956,
        1586.9126406488956,
        1586.9126406488956,
        1586.9126406488958,
        1586.9126406488956,
        1586.9126406488958,
        1536.9126406488956,
        1486.9126406488954,
        1436.9126406488954,
        1536.9126406488954,
        1586.9126406488956,
        1486.9126406488954,
        1486.9126406488954,
        1486.9126406488954,
        1486.9126406488954,
        1686.9126406488958,
        1486.9126406488954,
        1436.9126406488954,
        1536.9126406488956,
        1536.9126406488954,
        1486.9126406488954,
        1486.9126406488954,
        1486.9126406488954,
        1436.9126406488954,
        1486.9126406488954,
        1436.9126406488954,
        1436.9126406488954,
        1486.9126406488954,
        1436.9126406488954,
        1436.9126406488954,
        1436.9126406488954,
        1486.9126406488954,
        1436.9126406488954,
        1436.9126406488954,
        1436.9126406488954,
        1436.9126406488954,
        1486.9126406488954,
        1436.9126406488954,
        1436.9126406488954,
        1436.9126406488954,
        1436.9126406488954,
        1436.9126406488954,
        1486.9126406488954,
        1486.9126406488954,
        1436.9126406488954,
        1486.9126406488954,
        1436.9126406488954,
        1436.9126406488954,
        1436.9126406488954,
        1436.9126406488954,
        1486.9126406488954,
        1436.9126406488954,
        1486.9126406488954,
        1436.9126406488954,
        1436.9126406488954,
        1486.9126406488954,
        1436.9126406488954,
        1486.9126406488954,
        1486.9126406488954,
        1436.9126406488954,
        1436.9126406488954,
        1536.9126406488956,
        1486.9126406488954,
        1436.9126406488954,
        1436.9126406488954,
        1436.9126406488954,
        1436.9126406488954,
        1436.9126406488954,
        1436.9126406488954,
        1486.9126406488954,
        1436.9126406488954,
        1436.9126406488954,
        1436.9126406488954,
        1436.9126406488954,
        1436.9126406488954,
        1436.9126406488954,
        1436.9126406488954,
        1436.9126406488954,
        1486.9126406488954,
        1436.9126406488954,
        1436.9126406488954,
        1436.9126406488954,
        1436.9126406488954,
        1436.9126406488954,
        1436.9126406488954,
        1436.9126406488954,
        1436.9126406488954,
        1436.9126406488954,
        1436.9126406488954,
        1486.9126406488954,
        1436.9126406488954,
        1436.9126406488954,
        1436.9126406488954,
        1436.9126406488954,
        1436.9126406488954,
        1436.9126406488954,
        1436.9126406488954,
        1436.9126406488954,
        1436.9126406488954,
        1436.9126406488954,
        1436.9126406488954,
        1436.9126406488954,
        1436.9126406488954
      ],
      "mean_latency_ms": 1500.7519263631814,
      "median_latency_ms": 1436.9126406488954,
      "cache_hit_rate": 0.9921186067019401,
      "cache_misses": 143,
      "cache_evictions": 0,
      "wasted_prefetches": 480,
      "total_prefetches": 1480,
      "dedup_skipped": 64240,
      "expert_demands": 18144,
      "expert_hits": 18001
    },