{
  "model": "deepseek_moe_16b",
  "gpu_memory_gb": 32.0,
  "cache_capacity": 1792,
  "total_experts": 1792,
  "tokens": 120,
  "measured": {
    "predictor_ms": 0.46415762937869187,
    "layer_compute_ms": 77.86855937816479,
    "transfer_ms": 50.0
  },
  "baseline": {
    "per_token_latency": [
      7702.451103210448,
      8652.45110321045,
      6052.451103210448,
      6202.451103210448,
      4952.451103210448,
      3452.4511032104483,
      4902.451103210448,
      6702.451103210448,
      4902.451103210448,
      6902.451103210448,
      5952.451103210448,
      3752.451103210448,
      3052.4511032104483,
      3552.451103210448,
      3102.4511032104483,
      2902.4511032104483,
      3552.451103210448,
      3102.4511032104483,
      2852.4511032104483,
      3102.4511032104483,
      2752.4511032104483,
      2802.4511032104483,
      3652.4511032104483,
      2802.4511032104483,
      3152.4511032104483,
      3952.451103210448,
      3102.451103210448,
      2552.4511032104488,
      3152.4511032104483,
      2602.4511032104483,
      2902.4511032104483,
      2752.4511032104483,
      2302.4511032104488,
      2552.4511032104483,
      2552.4511032104488,
      2802.4511032104483,
      2502.4511032104488,
      2152.4511032104488,
      2302.4511032104488,
      2502.4511032104483,
      2252.4511032104488,
      2102.4511032104488,
      3252.4511032104483,
      2302.4511032104488,
      2552.4511032104483,
      2252.4511032104488,
      2652.4511032104488,
      2102.4511032104488,
      2402.4511032104488,
      2352.4511032104488,
      2202.4511032104488,
      2352.4511032104488,
      2152.4511032104488,
      2202.4511032104488,
      2302.4511032104483,
      2252.4511032104488,
      2252.4511032104488,
      2152.4511032104488,
      2152.4511032104488,
      2102.4511032104488,
      2352.4511032104488,
      2202.4511032104488,
      2302.4511032104488,
      2352.4511032104488,
      2102.4511032104488,
      2202.4511032104488,
      2202.4511032104488,
      2352.4511032104488,
      2202.4511032104488,
      2202.4511032104488,
      2152.4511032104488,
      2152.4511032104488,
      2102.4511032104488,
      2202.4511032104488,
      2102.4511032104488,
      2202.4511032104483,
      2152.4511032104488,
      2102.4511032104488,
      2152.4511032104488,
      2202.4511032104488,
      2202.4511032104488,
      2102.4511032104488,
      2102.4511032104488,
      2202.4511032104488,
      2302.4511032104488,
      2302.4511032104488,
      2302.4511032104483,
      2202.4511032104488,
      2702.4511032104483,
      2252.4511032104488,
      2552.4511032104483,
      2402.4511032104488,
      2152.4511032104488,
      2552.4511032104483,
      2752.4511032104483,
      2352.4511032104488,
      2152.4511032104488,
      2102.4511032104488,
      2202.4511032104483,
      2102.4511032104488,
      2102.4511032104488,
      2152.4511032104488,
      2102.4511032104488,
      2152.4511032104488,
      2102.4511032104488,
      2152.4511032104488,
      2102.4511032104488,
      2102.4511032104488,
      2102.4511032104488,
      2202.4511032104483,
      2102.4511032104488,
      2152.4511032104488,
      2152.4511032104488,
      2102.4511032104488,
      2102.4511032104488,
      2252.4511032104488,
      2152.4511032104488,
      2202.4511032104488,
      2102.4511032104488,
      2102.4511032104488
    ],
    "mean_latency_ms": 2752.0344365437827,
    "median_latency_ms": 2277.4511032104483,
    "cache_hit_rate": 0.9198045267489712,
    "cache_misses": 1559,
    "cache_evictions": 0,
    "wasted_prefetches": 0,
    "total_prefetches": 0,
    "dedup_skipped": 0,
    "expert_demands": 19440,
    "expert_hits": 17881
  },
  "prefetched_by_K": {
    "6": {
      "per_token_latency": [
        3014.983359203674,
        2714.983359203674,
        2664.9833592036734,
        2714.983359203674,
        2364.9833592036734,
        2264.9833592036734,
        2414.983359203674,
        2514.9833592036734,
        2414.9833592036734,
        2514.9833592036734,
        2564.983359203674,
        2464.9833592036734,
        2114.983359203673,
        2414.983359203673,
        2164.983359203673,
        2114.983359203673,
        2514.9833592036734,
        2364.9833592036734,
        2164.9833592036734,
        2164.9833592036734,
        2264.983359203673,
        2164.983359203673,
        2364.9833592036734,
        2214.9833592036734,
        2114.983359203673,
        2314.9833592036734,
        2364.9833592036734,
        2114.983359203673,
        2214.9833592036734,
        2264.983359203673,
        2264.983359203673,
        2164.983359203673,
        2114.983359203673,
        2264.983359203673,
        2164.983359203673,
        2164.9833592036734,
        2114.983359203673,
        2164.983359203673,
        2164.983359203673,
        2114.983359203673,
        2114.983359203673,
        2114.983359203673,
        2314.9833592036734,
        2164.983359203673,
        2114.983359203673,
        2114.983359203673,
        2114.983359203673,
        2114.983359203673,
        2114.983359203673,
        2114.983359203673,
        2164.983359203673,
        2114.983359203673,
        2164.983359203673,
        2114.983359203673,
        2214.983359203673,
        2114.983359203673,
        2114.983359203673,
        2114.983359203673,
        2114.983359203673,
        2114.983359203673,
        2114.983359203673,
        2164.983359203673,
        2114.983359203673,
        2114.983359203673,
        2114.983359203673,
        2114.983359203673,
        2114.983359203673,
        2114.983359203673,
        2114.983359203673,
        2114.983359203673,
        2164.983359203673,
        2114.983359203673,
        2114.983359203673,
        2114.983359203673,
        2114.983359203673,
        2164.983359203673,
        2114.983359203673,
        2114.983359203673,
        2114.983359203673,
        2164.983359203673,
        2114.983359203673,
        2114.983359203673,
        2114.983359203673,
        2114.983359203673,
        2114.983359203673,
        2114.983359203673,
        2114.983359203673,
        2114.983359203673,
        2414.983359203673,
        2114.983359203673,
        2164.983359203673,
        2164.9833592036734,
        2114.983359203673,
        2214.983359203673,
        2114.983359203673,
        2164.983359203673,
        2114.983359203673,
        2114.983359203673,
        2114.983359203673,
        2114.983359203673,
        2114.983359203673,
        2114.983359203673,
        2114.983359203673,
        2114.983359203673,
        2114.983359203673,
        2114.983359203673,
        2114.983359203673,
        2114.983359203673,
        2114.983359203673,
        2114.983359203673,
        2114.983359203673,
        2164.9833592036734,
        2114.983359203673,
        2114.983359203673,
        2114.983359203673,
        2114.983359203673,
        2114.983359203673,
        2114.983359203673,
        2114.983359203673,
        2114.983359203673
      ],
      "mean_latency_ms": 2193.3166925370074,
      "median_latency_ms": 2114.983359203673,
      "cache_hit_rate": 0.9903292181069959,
      "cache_misses": 188,
      "cache_evictions": 0,
      "wasted_prefetches": 578,
      "total_prefetches": 1427,
      "dedup_skipped": 69032,
      "expert_demands": 19440,
      "expert_hits": 19252
    },