{
  "model": "deepseek_moe_16b",
  "gpu_memory_gb": 32.0,
  "cache_capacity": 1792,
  "total_experts": 1792,
  "tokens": 112,
  "measured": {
    "predictor_ms": 0.6338453378735317,
    "layer_compute_ms": 53.125016883567525,
    "transfer_ms": 50.0
  },
  "baseline": {
    "per_token_latency": [
      6934.375455856326,
      7334.375455856326,
      6634.375455856326,
      6384.375455856326,
      6834.375455856326,
      5034.375455856325,
      6334.375455856326,
      4734.375455856325,
      5584.375455856326,
      4484.375455856325,
      3984.3754558563246,
      3134.3754558563246,
      2984.3754558563237,
      5034.375455856325,
      3384.3754558563246,
      2934.3754558563237,
      2334.375455856323,
      2434.375455856323,
      3034.3754558563237,
      2434.3754558563232,
      1784.375455856322,
      1734.375455856322,
      1934.375455856322,
      1984.375455856322,
      1934.375455856322,
      1834.375455856322,
      1834.375455856322,
      2234.375455856323,
      1934.3754558563223,
      2184.3754558563223,
      2134.3754558563223,
      1584.375455856322,
      1634.375455856322,
      2134.3754558563223,
      1534.3754558563223,
      1884.375455856322,
      1634.375455856322,
      1634.375455856322,
      2184.3754558563223,
      1684.375455856322,
      1884.375455856322,
      1684.3754558563223,
      1684.375455856322,
      1484.375455856322,
      1584.375455856322,
      1534.375455856322,
      1434.3754558563223,
      1484.3754558563223,
      1684.375455856322,
      1584.375455856322,
      1484.3754558563223,
      1534.375455856322,
      1634.375455856322,
      1534.375455856322,
      1534.3754558563223,
      1484.3754558563223,
      1484.3754558563223,
      1484.3754558563223,
      1684.375455856322,
      1584.375455856322,
      1484.375455856322,
      1734.375455856322,
      1884.3754558563223,
      1534.3754558563223,
      1584.375455856322,
      1484.3754558563223,
      1634.375455856322,
      1534.375455856322,
      1484.3754558563223,
      1434.3754558563223,
      2084.3754558563223,
      1634.375455856322,
      1634.3754558563223,
      1534.3754558563223,
      1484.3754558563223,
      1784.375455856322,
      1784.375455856322,
      1534.375455856322,
      1584.375455856322,
      1484.3754558563223,
      1434.3754558563223,
      1534.375455856322,
      1484.3754558563223,
      1484.375455856322,
      1584.3754558563223,
      1434.3754558563223,
      1434.3754558563223,
      1584.375455856322,
      1434.3754558563223,
      1434.3754558563223,
      1484.375455856322,
      1484.3754558563223,
      1484.3754558563223,
      1434.3754558563223,
      1434.3754558563223,
      1584.3754558563223,
      1484.3754558563223,
      1434.3754558563223,
      1484.3754558563223,
      1484.3754558563223,
      1434.3754558563223,
      1484.3754558563223,
      1484.3754558563223,
      1534.3754558563223,
      1484.3754558563223,
      1534.375455856322,
      1434.3754558563223,
      1434.3754558563223,
      1534.375455856322,
      1434.3754558563223,
      1534.3754558563223,
      1434.3754558563223
    ],
    "mean_latency_ms": 2148.6611701420375,
    "median_latency_ms": 1584.375455856322,
    "cache_hit_rate": 0.9118165784832452,
    "cache_misses": 1600,
    "cache_evictions": 0,
    "wasted_prefetches": 0,
    "total_prefetches": 0,
    "dedup_skipped": 0,
    "expert_demands": 18144,
    "expert_hits": 16544
  },
  "prefetched_by_K": {
    "6": {
      "per_token_latency": [
        1901.4892799789059,
        1751.4892799789063,
        2151.4892799789063,
        2151.489279978907,
        1801.4892799789063,
        1801.4892799789063,
        2001.489279978906,
        1701.4892799789063,
        1901.489279978906,
        1601.4892799789066,
        1601.4892799789066,
        1601.4892799789068,
        1601.4892799789066,
        1601.4892799789066,
        1601.4892799789066,
        1551.4892799789066,
        1501.4892799789068,
        1451.4892799789068,
        1551.4892799789068,
        1601.4892799789066,
        1501.4892799789068,
        1501.4892799789068,
        1501.4892799789068,
        1501.4892799789068,
        1701.4892799789066,
        1501.4892799789068,
        1451.4892799789068,
        1551.4892799789068,
        1551.4892799789068,
        1501.4892799789068,
        1501.4892799789068,
        1501.4892799789068,
        1451.4892799789068,
        1501.4892799789068,
        1451.4892799789068,
        1451.4892799789068,
        1501.4892799789068,
        1451.4892799789068,
        1451.4892799789068,
        1451.4892799789068,
        1501.4892799789068,
        1451.4892799789068,
        1451.4892799789068,
        1451.4892799789068,
        1451.4892799789068,
        1501.4892799789068,
        1451.4892799789068,
        1451.4892799789068,
        1451.4892799789068,
        1451.4892799789068,
        1451.4892799789068,
        1501.4892799789068,
        1501.4892799789068,
        1451.4892799789068,
        1501.4892799789068,
        1451.4892799789068,
        1451.4892799789068,
        1451.4892799789068,
        1451.4892799789068,
        1501.4892799789068,
        1451.4892799789068,
        1501.4892799789068,
        1451.4892799789068,
        1451.4892799789068,
        1501.4892799789068,
        1451.4892799789068,
        1501.4892799789068,
        1501.4892799789068,
        1451.4892799789068,
        1451.4892799789068,
        1551.4892799789068,
        1501.4892799789068,
        1451.4892799789068,
        1451.4892799789068,
        1451.4892799789068,
        1451.4892799789068,
        1451.4892799789068,
        1451.4892799789068,
        1501.4892799789068,
        1451.4892799789068,
        1451.4892799789068,
        1451.4892799789068,
        1451.4892799789068,
        1451.4892799789068,
        1451.4892799789068,
        1451.4892799789068,
        1451.4892799789068,
        1501.4892799789068,
        1451.4892799789068,
        1451.4892799789068,
        1451.4892799789068,
        1451.4892799789068,
        1451.4892799789068,
        1451.4892799789068,
        1451.4892799789068,
        1451.4892799789068,
        1451.4892799789068,
        1451.4892799789068,
        1501.4892799789068,
        1451.4892799789068,
        1451.4892799789068,
        1451.4892799789068,
        1451.4892799789068,
        1451.4892799789068,
        1451.4892799789068,
        1451.4892799789068,
        1451.4892799789068,
        1451.4892799789068,
        1451.4892799789068,
        1451.4892799789068,
        1451.4892799789068,
        1451.4892799789068
      ],
      "mean_latency_ms": 1515.3285656931928,
      "median_latency_ms": 1451.4892799789068,
      "cache_hit_rate": 0.9921186067019401,
      "cache_misses": 143,
      "cache_evictions": 0,
      "wasted_prefetches": 480,
      "total_prefetches": 1480,
      "dedup_skipped": 64240,
      "expert_demands": 18144,
      "expert_hits": 18001
    },