{
  "model": "deepseek_moe_16b",
  "gpu_memory_gb": 4.0,
  "cache_capacity": 29,
  "total_experts": 1792,
  "tokens": 112,
  "measured": {
    "predictor_ms": 0.4661570372128928,
    "layer_compute_ms": 81.91706303755443,
    "transfer_ms": 50.0
  },
  "baseline": {
    "per_token_latency": [
      10261.76070201397,
      10311.76070201397,
      10311.76070201397,
      10311.76070201397,
      10311.76070201397,
      10311.76070201397,
      10311.76070201397,
      10311.76070201397,
      10311.76070201397,
      10311.76070201397,
      10311.76070201397,
      10311.76070201397,
      10311.76070201397,
      10311.76070201397,
      10311.76070201397,
      10311.76070201397,
      10311.76070201397,
      10311.76070201397,
      10311.76070201397,
      10311.76070201397,
      10311.76070201397,
      10311.76070201397,
      10311.76070201397,
      10311.76070201397,
      10311.76070201397,
      10311.76070201397,
      10311.76070201397,
      10311.76070201397,
      10311.76070201397,
      10311.76070201397,
      10311.76070201397,
      10311.76070201397,
      10311.76070201397,
      10311.76070201397,
      10311.76070201397,
      10311.76070201397,
      10311.76070201397,
      10311.76070201397,
      10311.76070201397,
      10311.76070201397,
      10311.76070201397,
      10311.76070201397,
      10311.76070201397,
      10311.76070201397,
      10311.76070201397,
      10311.76070201397,
      10311.76070201397,
      10311.76070201397,
      10311.76070201397,
      10311.76070201397,
      10311.76070201397,
      10311.76070201397,
      10311.76070201397,
      10311.76070201397,
      10311.76070201397,
      10311.76070201397,
      10311.76070201397,
      10311.76070201397,
      10311.76070201397,
      10311.76070201397,
      10311.76070201397,
      10311.76070201397,
      10311.76070201397,
      10311.76070201397,
      10311.76070201397,
      10311.76070201397,
      10311.76070201397,
      10311.76070201397,
      10311.76070201397,
      10311.76070201397,
      10311.76070201397,
      10311.76070201397,
      10311.76070201397,
      10311.76070201397,
      10311.76070201397,
      10311.76070201397,
      10311.76070201397,
      10311.76070201397,
      10311.76070201397,
      10311.76070201397,
      10311.76070201397,
      10311.76070201397,
      10311.76070201397,
      10311.76070201397,
      10311.76070201397,
      10311.76070201397,
      10311.76070201397,
      10311.76070201397,
      10311.76070201397,
      10311.76070201397,
      10311.76070201397,
      10311.76070201397,
      10311.76070201397,
      10311.76070201397,
      10311.76070201397,
      10311.76070201397,
      10311.76070201397,
      10311.76070201397,
      10311.76070201397,
      10311.76070201397,
      10311.76070201397,
      10311.76070201397,
      10311.76070201397,
      10311.76070201397,
      10311.76070201397,
      10311.76070201397,
      10311.76070201397,
      10311.76070201397,
      10311.76070201397,
      10311.76070201397,
      10311.76070201397,
      10311.76070201397
    ],
    "mean_latency_ms": 10311.31427344254,
    "median_latency_ms": 10311.76070201397,
    "cache_hit_rate": 5.511463844797178e-05,
    "cache_misses": 18143,
    "cache_evictions": 18203,
    "wasted_prefetches": 0,
    "total_prefetches": 0,
    "dedup_skipped": 0,
    "expert_demands": 18144,
    "expert_hits": 1
  },
  "prefetched_by_K": {
    "6": {
      "per_token_latency": [
        8924.346942018718,
        9124.346942018718,
        8274.346942018718,
        9374.346942018718,
        9074.346942018718,
        9674.346942018718,
        7624.346942018717,
        8374.346942018718,
        8824.346942018718,
        9474.346942018718,
        8624.346942018718,
        8924.346942018718,
        9474.346942018718,
        9274.346942018718,
        9474.346942018718,
        8674.346942018718,
        9224.346942018718,
        8624.346942018718,
        9074.346942018718,
        8724.346942018718,
        9174.346942018718,
        8874.346942018718,
        8974.346942018718,
        8824.346942018718,
        9474.346942018718,
        9224.346942018718,
        8824.346942018718,
        8924.346942018718,
        8424.346942018718,
        9124.346942018718,
        9274.346942018718,
        8674.346942018718,
        9024.346942018718,
        8874.346942018718,
        8924.346942018718,
        9824.346942018718,
        9674.346942018718,
        8924.346942018718,
        8674.346942018718,
        9274.346942018718,
        8974.346942018718,
        9024.346942018718,
        8874.346942018718,
        8674.346942018718,
        9624.346942018718,
        8724.346942018718,
        8624.346942018718,
        8424.346942018718,
        9224.346942018718,
        9574.346942018718,
        9374.346942018718,
        8774.346942018718,
        8424.346942018718,
        9424.346942018718,
        9274.346942018718,
        8574.346942018718,
        9124.346942018718,
        9274.346942018718,
        8924.346942018718,
        8874.346942018718,
        9024.346942018718,
        9424.346942018718,
        8074.3469420187175,
        9224.346942018718,
        8674.346942018718,
        9374.346942018718,
        8674.346942018718,
        9024.346942018718,
        8924.346942018718,
        9224.346942018718,
        8874.346942018718,
        8974.346942018718,
        8924.346942018718,
        8374.346942018718,
        8974.346942018718,
        9174.346942018718,
        9274.346942018718,
        9274.346942018718,
        9174.346942018718,
        8924.346942018718,
        8424.346942018718,
        8524.346942018718,
        9224.346942018718,
        8874.346942018718,
        9124.346942018718,
        9224.346942018718,
        8774.346942018718,
        9374.346942018718,
        8874.346942018718,
        9224.346942018718,
        8874.346942018718,
        9124.346942018718,
        9024.346942018718,
        8424.346942018716,
        8874.346942018718,
        8424.346942018718,
        8574.346942018718,
        9324.346942018718,
        9274.346942018718,
        8224.346942018718,
        8974.346942018718,
        9374.346942018718,
        9224.346942018718,
        8874.346942018718,
        9124.346942018718,
        9074.346942018718,
        9274.346942018718,
        8924.346942018718,
        9874.346942018718,
        9424.346942018718,
        8974.346942018718,
        8674.346942018718
      ],
      "mean_latency_ms": 8989.07908487586,
      "median_latency_ms": 8974.346942018718,
      "cache_hit_rate": 0.1648478835978836,
      "cache_misses": 15153,
      "cache_evictions": 38432,
      "wasted_prefetches": 5886,
      "total_prefetches": 23219,
      "dedup_skipped": 24996,
      "expert_demands": 18144,
      "expert_hits": 2991
    },