{
  "model": "deepseek_moe_16b",
  "gpu_memory_gb": 16.0,
  "cache_capacity": 1053,
  "total_experts": 1792,
  "tokens": 120,
  "measured": {
    "predictor_ms": 0.46499318367353193,
    "layer_compute_ms": 79.03951053266172,
    "transfer_ms": 50.0
  },
  "baseline": {
    "per_token_latency": [
      7734.066784381864,
      8684.066784381865,
      6084.066784381864,
      6234.066784381865,
      4984.066784381864,
      3484.0667843818655,
      4934.066784381865,
      6734.066784381865,
      4934.066784381865,
      6934.066784381864,
      5984.066784381864,
      3784.0667843818646,
      3084.0667843818655,
      3584.0667843818646,
      3134.0667843818655,
      2934.066784381866,
      3734.0667843818646,
      3134.0667843818655,
      2984.066784381866,
      3234.066784381866,
      2934.066784381866,
      3084.066784381866,
      3934.0667843818655,
      3034.0667843818655,
      4584.066784381865,
      4834.066784381865,
      3784.0667843818646,
      3184.066784381865,
      3684.066784381865,
      3484.066784381866,
      3484.0667843818655,
      3884.066784381864,
      2634.0667843818665,
      3184.066784381865,
      3934.066784381865,
      5384.066784381864,
      3534.0667843818655,
      4384.066784381866,
      2984.066784381866,
      3934.0667843818646,
      2784.0667843818665,
      2484.0667843818665,
      5384.066784381864,
      3884.066784381865,
      4184.066784381865,
      2734.0667843818665,
      4234.066784381866,
      2534.0667843818665,
      3034.066784381866,
      3734.0667843818655,
      2434.0667843818665,
      2834.0667843818665,
      2434.0667843818665,
      3084.0667843818655,
      2834.0667843818655,
      2634.066784381866,
      2784.066784381866,
      2484.066784381867,
      2634.0667843818665,
      2434.0667843818665,
      4234.066784381865,
      4934.066784381865,
      3534.0667843818646,
      3234.0667843818655,
      2384.0667843818665,
      2584.0667843818665,
      2784.0667843818665,
      3184.066784381866,
      3334.066784381865,
      2584.0667843818665,
      2484.0667843818665,
      2334.066784381867,
      2284.066784381867,
      2534.0667843818665,
      2484.0667843818665,
      2484.0667843818665,
      3234.0667843818655,
      2184.0667843818674,
      2234.0667843818674,
      2434.0667843818665,
      2384.0667843818665,
      2584.0667843818665,
      2284.066784381867,
      2784.0667843818665,
      3884.066784381865,
      4434.066784381865,
      3884.0667843818646,
      3234.0667843818655,
      3734.0667843818646,
      2934.0667843818655,
      4234.066784381865,
      3934.066784381865,
      3034.0667843818655,
      3784.066784381864,
      4134.066784381865,
      3184.066784381866,
      2584.066784381866,
      2584.0667843818665,
      4184.066784381865,
      4584.066784381865,
      4084.066784381865,
      3534.0667843818655,
      2534.066784381866,
      2934.0667843818655,
      2634.0667843818665,
      2434.0667843818665,
      2884.066784381866,
      2434.0667843818665,
      2484.0667843818665,
      2434.0667843818665,
      2384.066784381867,
      2434.0667843818665,
      2584.0667843818665,
      2384.0667843818665,
      2334.066784381867,
      2584.0667843818665,
      2634.0667843818665,
      2584.0667843818665,
      2734.0667843818655,
      3534.066784381865
    ],
    "mean_latency_ms": 3435.3167843818655,
    "median_latency_ms": 3084.0667843818655,
    "cache_hit_rate": 0.8393518518518519,
    "cache_misses": 3123,
    "cache_evictions": 2159,
    "wasted_prefetches": 0,
    "total_prefetches": 0,
    "dedup_skipped": 0,
    "expert_demands": 19440,
    "expert_hits": 16317
  },
  "prefetched_by_K": {
    "6": {
      "per_token_latency": [
        3046.621600341051,
        2746.6216003410514,
        2696.621600341052,
        2746.6216003410514,
        2396.6216003410527,
        2296.6216003410527,
        2446.621600341052,
        2546.621600341052,
        2446.6216003410523,
        2546.621600341052,
        2746.621600341051,
        2646.621600341052,
        2146.621600341053,
        2596.621600341052,
        2346.6216003410527,
        2246.621600341053,
        2646.621600341052,
        2496.621600341052,
        2546.621600341052,
        2296.6216003410527,
        2396.6216003410523,
        2346.6216003410527,
        2696.621600341051,
        2296.6216003410523,
        2296.6216003410527,
        2546.6216003410514,
        2646.621600341052,
        2346.6216003410527,
        2496.621600341052,
        2546.6216003410514,
        2346.6216003410527,
        2596.6216003410514,
        2146.621600341053,
        2546.6216003410514,
        2446.6216003410523,
        2446.6216003410523,
        2346.6216003410527,
        2396.6216003410527,
        2446.621600341052,
        2296.6216003410527,
        2146.621600341053,
        2296.6216003410527,
        2596.6216003410514,
        2296.6216003410527,
        2446.6216003410523,
        2246.6216003410527,
        2346.6216003410527,
        2296.6216003410527,
        2296.6216003410527,
        2296.6216003410527,
        2196.621600341053,
        2246.6216003410527,
        2296.6216003410527,
        2596.621600341052,
        2646.6216003410514,
        2396.6216003410523,
        2146.621600341053,
        2146.621600341053,
        2396.6216003410527,
        2296.6216003410527,
        2296.6216003410527,
        2546.6216003410514,
        2296.6216003410527,
        2396.6216003410527,
        2196.621600341053,
        2296.6216003410527,
        2246.6216003410527,
        2296.6216003410527,
        2346.6216003410527,
        2196.621600341053,
        2396.6216003410523,
        2196.621600341053,
        2196.621600341053,
        2246.621600341053,
        2296.6216003410523,
        2246.6216003410527,
        2296.6216003410527,
        2196.621600341053,
        2146.621600341053,
        2346.6216003410527,
        2346.6216003410527,
        2246.621600341053,
        2296.621600341053,
        2346.6216003410523,
        2496.621600341052,
        2396.6216003410523,
        2446.621600341052,
        2496.621600341052,
        2746.621600341051,
        2346.6216003410527,
        2746.6216003410514,
        2746.6216003410505,
        2346.6216003410527,
        2796.6216003410514,
        2546.6216003410514,
        2496.621600341052,
        2296.6216003410527,
        2296.6216003410527,
        2546.6216003410514,
        2346.6216003410527,
        2346.6216003410527,
        2296.6216003410527,
        2296.6216003410527,
        2696.621600341051,
        2396.6216003410523,
        2646.6216003410514,
        2796.6216003410514,
        2296.6216003410527,
        2446.6216003410523,
        2696.6216003410514,
        2596.621600341052,
        2396.6216003410523,
        2396.6216003410527,
        2296.6216003410527,
        2296.6216003410527,
        2346.6216003410523,
        2396.6216003410527,
        2296.6216003410527,
        2296.6216003410523,
        2446.621600341052
      ],
      "mean_latency_ms": 2413.2882670077183,
      "median_latency_ms": 2346.6216003410527,
      "cache_hit_rate": 0.9670781893004116,
      "cache_misses": 640,
      "cache_evictions": 4131,
      "wasted_prefetches": 1918,
      "total_prefetches": 4455,
      "dedup_skipped": 65950,
      "expert_demands": 19440,
      "expert_hits": 18800
    },