{
  "model": "deepseek_moe_16b",
  "gpu_memory_gb": 8.0,
  "cache_capacity": 1053,
  "total_experts": 1792,
  "tokens": 120,
  "measured": {
    "predictor_ms": 0.618463991313345,
    "layer_compute_ms": 51.83296346664429,
    "transfer_ms": 50.0
  },
  "baseline": {
    "per_token_latency": [
      6899.490013599396,
      8099.490013599396,
      5599.490013599396,
      5599.490013599396,
      4199.490013599396,
      2699.4900135993958,
      4049.4900135993958,
      6399.490013599396,
      4299.490013599396,
      6349.490013599396,
      5049.490013599396,
      2799.4900135993958,
      2199.4900135993958,
      2849.4900135993958,
      2199.4900135993958,
      2349.4900135993958,
      3249.4900135993958,
      2299.4900135993958,
      2149.4900135993958,
      1949.4900135993958,
      2249.4900135993958,
      2249.4900135993958,
      3349.4900135993958,
      1899.4900135993958,
      3599.4900135993958,
      4299.490013599396,
      3199.4900135993958,
      2149.4900135993958,
      2849.4900135993958,
      2599.4900135993958,
      2799.4900135993958,
      3399.4900135993958,
      1949.4900135993958,
      2399.4900135993958,
      3249.4900135993958,
      4699.490013599396,
      2749.4900135993958,
      3349.4900135993958,
      2449.4900135993958,
      3149.4900135993958,
      2199.4900135993958,
      1749.4900135993958,
      4699.490013599396,
      3399.4900135993958,
      3549.4900135993958,
      1949.4900135993958,
      3699.4900135993958,
      1799.4900135993958,
      2399.4900135993958,
      2849.4900135993958,
      1799.4900135993958,
      2199.4900135993958,
      1649.4900135993958,
      2449.4900135993958,
      1949.4900135993958,
      1799.4900135993958,
      2199.4900135993958,
      1649.4900135993958,
      1799.4900135993958,
      1599.4900135993958,
      3299.4900135993958,
      4049.4900135993958,
      2749.4900135993958,
      2649.4900135993958,
      1649.4900135993958,
      1799.4900135993958,
      1999.4900135993958,
      2249.4900135993958,
      2649.4900135993958,
      1799.4900135993958,
      1799.4900135993958,
      1799.4900135993958,
      1499.4900135993958,
      1899.4900135993958,
      1699.4900135993958,
      1899.4900135993958,
      2749.4900135993958,
      1449.4900135993958,
      1399.4900135993958,
      1499.4900135993958,
      1499.4900135993958,
      1799.4900135993958,
      1599.4900135993958,
      1949.4900135993958,
      3049.4900135993958,
      3749.4900135993958,
      3049.4900135993958,
      2649.4900135993958,
      2799.4900135993958,
      2349.4900135993958,
      3949.4900135993958,
      2899.4900135993958,
      2449.4900135993958,
      2949.4900135993958,
      3099.4900135993958,
      2299.4900135993958,
      1899.4900135993958,
      1849.4900135993958,
      3299.4900135993958,
      3699.4900135993958,
      2899.4900135993958,
      2749.4900135993958,
      1949.4900135993958,
      2199.4900135993958,
      1699.4900135993958,
      1599.4900135993958,
      1999.4900135993958,
      1549.4900135993958,
      1999.4900135993958,
      1849.4900135993958,
      1549.4900135993958,
      1649.4900135993958,
      1499.4900135993958,
      1499.4900135993958,
      1699.4900135993958,
      1799.4900135993958,
      1749.4900135993958,
      1699.4900135993958,
      1999.4900135993958,
      2749.4900135993958
    ],
    "mean_latency_ms": 2676.5733469327292,
    "median_latency_ms": 2299.4900135993958,
    "cache_hit_rate": 0.842335390946502,
    "cache_misses": 3065,
    "cache_evictions": 2101,
    "wasted_prefetches": 0,
    "total_prefetches": 0,
    "dedup_skipped": 0,
    "expert_demands": 19440,
    "expert_hits": 16375
  },
  "prefetched_by_K": {
    "6": {
      "per_token_latency": [
        1866.1885413648554,
        1816.1885413648554,
        1966.1885413648554,
        1866.1885413648554,
        1866.1885413648556,
        1466.1885413648556,
        1616.1885413648554,
        1816.1885413648554,
        1716.1885413648554,
        1966.1885413648554,
        1916.1885413648554,
        1666.1885413648556,
        1666.1885413648554,
        1866.1885413648554,
        1616.1885413648556,
        1666.1885413648556,
        1916.1885413648554,
        2066.1885413648556,
        1616.1885413648556,
        1516.1885413648554,
        1466.1885413648556,
        1616.1885413648554,
        1716.1885413648554,
        1566.1885413648556,
        1616.1885413648554,
        1916.1885413648554,
        1916.1885413648554,
        1716.1885413648556,
        1916.1885413648556,
        1566.1885413648556,
        1816.1885413648554,
        1766.1885413648554,
        1466.1885413648554,
        1816.1885413648554,
        1666.1885413648554,
        1766.1885413648554,
        1766.1885413648554,
        1816.1885413648554,
        1866.1885413648554,
        1566.1885413648554,
        1466.1885413648554,
        1566.1885413648556,
        1916.1885413648554,
        1666.1885413648556,
        1716.1885413648554,
        1466.1885413648556,
        1666.1885413648554,
        1516.1885413648554,
        1666.1885413648556,
        1566.1885413648556,
        1516.1885413648556,
        1566.1885413648554,
        1566.1885413648554,
        1716.1885413648556,
        1866.1885413648554,
        1566.1885413648556,
        1566.1885413648556,
        1466.1885413648556,
        1616.1885413648554,
        1516.1885413648554,
        1566.1885413648556,
        1766.1885413648554,
        1716.1885413648556,
        1616.1885413648556,
        1466.1885413648556,
        1466.1885413648556,
        1516.1885413648556,
        1416.1885413648554,
        1616.1885413648554,
        1416.1885413648554,
        1516.1885413648556,
        1416.1885413648554,
        1466.1885413648554,
        1466.1885413648556,
        1466.1885413648556,
        1566.1885413648554,
        1616.1885413648556,
        1416.1885413648554,
        1416.1885413648554,
        1516.1885413648554,
        1466.1885413648554,
        1566.1885413648556,
        1516.1885413648554,
        1566.1885413648554,
        1766.1885413648554,
        1666.1885413648554,
        1716.1885413648554,
        1666.1885413648556,
        1916.1885413648554,
        1666.1885413648554,
        2066.1885413648556,
        1916.1885413648554,
        1616.1885413648556,
        1816.1885413648556,
        1716.1885413648554,
        1816.1885413648556,
        1516.1885413648556,
        1516.1885413648556,
        1666.1885413648556,
        1716.1885413648554,
        1666.1885413648554,
        1666.1885413648554,
        1566.1885413648554,
        2066.1885413648556,
        1666.1885413648556,
        1766.1885413648554,
        1766.1885413648554,
        1416.1885413648554,
        1716.1885413648556,
        1866.1885413648556,
        1866.1885413648554,
        1716.1885413648556,
        1666.1885413648554,
        1516.1885413648554,
        1616.1885413648556,
        1516.1885413648554,
        1766.1885413648554,
        1466.1885413648556,
        1616.1885413648556,
        1716.1885413648554
      ],
      "mean_latency_ms": 1665.771874698189,
      "median_latency_ms": 1666.1885413648554,
      "cache_hit_rate": 0.9691872427983539,
      "cache_misses": 599,
      "cache_evictions": 3963,
      "wasted_prefetches": 1811,
      "total_prefetches": 4328,
      "dedup_skipped": 66071,
      "expert_demands": 19440,
      "expert_hits": 18841
    },