{
  "model": "deepseek_moe_16b",
  "gpu_memory_gb": 32.0,
  "cache_capacity": 1792,
  "total_experts": 1792,
  "tokens": 112,
  "measured": {
    "predictor_ms": 0.47025422082731017,
    "layer_compute_ms": 80.6811105410258,
    "transfer_ms": 50.0
  },
  "baseline": {
    "per_token_latency": [
      7778.389984607699,
      8028.3899846077,
      7228.389984607698,
      7228.389984607698,
      7678.389984607698,
      5778.389984607698,
      7228.389984607699,
      5728.389984607697,
      5978.389984607698,
      4978.3899846076965,
      4828.3899846076965,
      3828.389984607695,
      3878.389984607695,
      5928.389984607699,
      4078.389984607695,
      3628.389984607696,
      3228.389984607696,
      3128.389984607696,
      3878.3899846076956,
      3028.389984607696,
      2378.3899846076965,
      2478.389984607697,
      2628.3899846076965,
      3078.389984607696,
      2728.3899846076956,
      2428.3899846076965,
      2378.389984607697,
      2978.389984607696,
      2628.389984607696,
      2828.3899846076965,
      3028.3899846076956,
      2378.3899846076965,
      2428.389984607697,
      2878.3899846076956,
      2328.389984607697,
      2528.3899846076965,
      2578.3899846076965,
      2278.389984607697,
      2878.3899846076956,
      2528.3899846076965,
      2628.3899846076965,
      2228.389984607697,
      2428.3899846076965,
      2278.389984607697,
      2228.389984607697,
      2228.389984607697,
      2228.389984607697,
      2228.389984607697,
      2328.389984607697,
      2378.3899846076965,
      2228.389984607697,
      2478.3899846076965,
      2528.389984607697,
      2278.389984607697,
      2328.3899846076965,
      2228.389984607697,
      2178.389984607697,
      2278.389984607697,
      2428.389984607697,
      2328.389984607697,
      2228.389984607697,
      2528.3899846076965,
      2578.389984607696,
      2228.389984607697,
      2378.3899846076965,
      2228.389984607697,
      2328.389984607697,
      2278.389984607697,
      2178.389984607697,
      2178.389984607697,
      2578.3899846076965,
      2428.3899846076965,
      2328.389984607697,
      2378.389984607697,
      2328.389984607697,
      2528.3899846076965,
      2478.3899846076965,
      2328.389984607697,
      2278.389984607697,
      2328.389984607697,
      2178.389984607697,
      2178.389984607697,
      2278.389984607697,
      2278.389984607697,
      2278.389984607697,
      2178.389984607697,
      2228.389984607697,
      2328.389984607697,
      2178.389984607697,
      2178.389984607697,
      2178.389984607697,
      2178.389984607697,
      2228.389984607697,
      2178.389984607697,
      2178.389984607697,
      2328.389984607697,
      2228.389984607697,
      2178.389984607697,
      2278.389984607697,
      2328.3899846076965,
      2178.389984607697,
      2178.389984607697,
      2228.389984607697,
      2178.389984607697,
      2178.389984607697,
      2178.389984607697,
      2228.389984607697,
      2178.389984607697,
      2228.389984607697,
      2178.389984607697,
      2328.389984607697,
      2228.389984607697
    ],
    "mean_latency_ms": 2893.568556036268,
    "median_latency_ms": 2328.389984607697,
    "cache_hit_rate": 0.9117063492063492,
    "cache_misses": 1602,
    "cache_evictions": 0,
    "wasted_prefetches": 0,
    "total_prefetches": 0,
    "dedup_skipped": 0,
    "expert_demands": 18144,
    "expert_hits": 16542
  },
  "prefetched_by_K": {
    "6": {
      "per_token_latency": [
        3091.086848570033,
        2641.086848570033,
        2841.086848570033,
        2841.086848570033,
        2641.086848570033,
        2491.086848570033,
        2691.086848570033,
        2541.086848570033,
        2591.086848570033,
        2341.086848570033,
        2391.0868485700335,
        2291.0868485700335,
        2291.0868485700335,
        2341.086848570033,
        2291.0868485700335,
        2341.0868485700335,
        2241.086848570033,
        2241.0868485700335,
        2241.0868485700335,
        2341.086848570033,
        2191.0868485700335,
        2291.0868485700335,
        2191.0868485700335,
        2341.0868485700335,
        2391.0868485700335,
        2241.0868485700335,
        2191.0868485700335,
        2341.0868485700335,
        2191.0868485700335,
        2241.0868485700335,
        2241.0868485700335,
        2241.0868485700335,
        2191.0868485700335,
        2191.0868485700335,
        2191.0868485700335,
        2191.0868485700335,
        2291.086848570033,
        2241.086848570033,
        2191.0868485700335,
        2191.0868485700335,
        2241.0868485700335,
        2191.0868485700335,
        2191.0868485700335,
        2191.0868485700335,
        2191.0868485700335,
        2191.0868485700335,
        2191.0868485700335,
        2191.0868485700335,
        2191.0868485700335,
        2291.086848570033,
        2241.0868485700335,
        2291.0868485700335,
        2291.0868485700335,
        2191.0868485700335,
        2191.0868485700335,
        2191.0868485700335,
        2191.0868485700335,
        2191.0868485700335,
        2241.0868485700335,
        2241.0868485700335,
        2191.0868485700335,
        2191.0868485700335,
        2191.0868485700335,
        2191.0868485700335,
        2241.0868485700335,
        2191.0868485700335,
        2241.0868485700335,
        2241.086848570033,
        2191.0868485700335,
        2191.0868485700335,
        2241.0868485700335,
        2241.0868485700335,
        2191.0868485700335,
        2241.0868485700335,
        2191.0868485700335,
        2191.0868485700335,
        2191.0868485700335,
        2191.0868485700335,
        2241.0868485700335,
        2191.0868485700335,
        2191.0868485700335,
        2191.0868485700335,
        2191.0868485700335,
        2191.0868485700335,
        2191.0868485700335,
        2191.0868485700335,
        2191.0868485700335,
        2241.0868485700335,
        2191.0868485700335,
        2191.0868485700335,
        2191.0868485700335,
        2191.0868485700335,
        2191.0868485700335,
        2191.0868485700335,
        2191.0868485700335,
        2191.0868485700335,
        2191.0868485700335,
        2191.0868485700335,
        2241.0868485700335,
        2191.0868485700335,
        2191.0868485700335,
        2191.0868485700335,
        2191.0868485700335,
        2191.0868485700335,
        2191.0868485700335,
        2191.0868485700335,
        2191.0868485700335,
        2191.0868485700335,
        2191.0868485700335,
        2191.0868485700335,
        2191.0868485700335,
        2191.0868485700335
      ],
      "mean_latency_ms": 2260.729705712891,
      "median_latency_ms": 2191.0868485700335,
      "cache_hit_rate": 0.9914021164021164,
      "cache_misses": 156,
      "cache_evictions": 0,
      "wasted_prefetches": 501,
      "total_prefetches": 1472,
      "dedup_skipped": 64245,
      "expert_demands": 18144,
      "expert_hits": 17988
    },