{
  "model": "deepseek_moe_16b",
  "gpu_memory_gb": 16.0,
  "cache_capacity": 370,
  "total_experts": 1792,
  "tokens": 112,
  "measured": {
    "predictor_ms": 0.4172065188349397,
    "layer_compute_ms": 16.244308147165512,
    "transfer_ms": 50.0
  },
  "baseline": {
    "per_token_latency": [
      5988.596319973471,
      6338.596319973471,
      5638.596319973471,
      5838.596319973471,
      6188.596319973471,
      4538.596319973471,
      5788.596319973471,
      4338.596319973471,
      6988.596319973471,
      5238.596319973471,
      6938.596319973471,
      4988.596319973471,
      7088.596319973471,
      7488.596319973471,
      7238.596319973471,
      6488.596319973471,
      5738.596319973471,
      5038.596319973471,
      6138.596319973471,
      5588.596319973471,
      4588.596319973471,
      2488.5963199734706,
      3438.59631997347,
      5488.596319973471,
      5588.596319973471,
      6988.596319973471,
      8088.596319973471,
      7438.596319973471,
      5588.596319973471,
      5588.596319973471,
      5838.596319973471,
      2138.5963199734697,
      5488.596319973471,
      6338.596319973471,
      5088.596319973471,
      5338.596319973471,
      5038.596319973471,
      2888.5963199734706,
      4038.596319973471,
      5388.596319973471,
      2188.59631997347,
      3888.59631997347,
      2988.59631997347,
      4438.596319973471,
      8088.596319973471,
      6838.596319973471,
      5688.596319973471,
      6138.596319973471,
      5738.596319973471,
      4838.596319973471,
      3038.59631997347,
      3188.5963199734706,
      3288.5963199734706,
      5288.596319973471,
      5288.596319973471,
      5138.596319973471,
      4888.596319973471,
      7938.596319973471,
      6288.596319973471,
      4638.596319973471,
      4888.596319973471,
      4438.596319973471,
      5238.596319973471,
      7638.596319973471,
      5988.596319973471,
      5188.596319973471,
      5138.596319973471,
      5538.596319973471,
      7888.596319973471,
      1138.5963199734688,
      7488.596319973471,
      7538.596319973471,
      4788.596319973471,
      5938.596319973471,
      3138.5963199734706,
      5188.596319973471,
      6138.596319973471,
      5088.596319973471,
      4638.596319973471,
      5688.596319973471,
      1688.5963199734692,
      2788.5963199734706,
      4188.59631997347,
      5838.596319973471,
      5288.596319973471,
      4038.596319973471,
      6388.596319973471,
      7888.596319973471,
      5438.596319973471,
      5338.596319973471,
      5088.596319973471,
      3738.596319973471,
      3938.5963199734706,
      4138.59631997347,
      7538.596319973471,
      6538.596319973471,
      6638.596319973471,
      3338.5963199734706,
      4388.596319973471,
      4838.596319973471,
      1888.5963199734697,
      3538.5963199734706,
      4388.596319973471,
      4088.5963199734706,
      5288.596319973471,
      7688.596319973471,
      6638.596319973471,
      5738.596319973471,
      4138.596319973471,
      2688.5963199734706,
      5588.596319973471,
      7788.596319973471
    ],
    "mean_latency_ms": 5264.042748544898,
    "median_latency_ms": 5313.596319973471,
    "cache_hit_rate": 0.404265873015873,
    "cache_misses": 10809,
    "cache_evictions": 10528,
    "wasted_prefetches": 0,
    "total_prefetches": 0,
    "dedup_skipped": 0,
    "expert_demands": 18144,
    "expert_hits": 7335
  },
  "prefetched_by_K": {
    "6": {
      "per_token_latency": [
        1449.8608959820142,
        1649.8608959820144,
        2599.8608959820153,
        2299.860895982015,
        2199.8608959820144,
        1399.860895982014,
        2249.8608959820144,
        1549.8608959820144,
        2299.8608959820153,
        1949.8608959820142,
        2599.8608959820153,
        1949.8608959820149,
        2499.8608959820153,
        2399.8608959820153,
        2499.8608959820153,
        2599.8608959820153,
        2199.860895982015,
        1899.860895982015,
        2399.860895982015,
        1799.8608959820153,
        1649.8608959820147,
        1999.8608959820149,
        1449.8608959820133,
        2449.860895982015,
        2649.8608959820153,
        2649.8608959820153,
        2699.8608959820153,
        2349.8608959820153,
        2399.860895982015,
        2549.860895982015,
        2149.860895982015,
        1399.8608959820133,
        1799.8608959820149,
        2499.860895982015,
        2399.860895982015,
        2249.8608959820153,
        2299.860895982015,
        1499.860895982014,
        2149.860895982015,
        2249.860895982015,
        1499.860895982014,
        1599.8608959820142,
        1699.8608959820142,
        2149.8608959820144,
        2549.8608959820153,
        3199.8608959820153,
        1999.860895982015,
        2599.8608959820153,
        2449.860895982015,
        2399.860895982015,
        1799.8608959820142,
        1999.860895982015,
        1999.8608959820147,
        1999.8608959820149,
        2299.8608959820153,
        2299.860895982015,
        2199.8608959820144,
        2449.8608959820153,
        2499.8608959820153,
        1949.8608959820149,
        1849.8608959820149,
        1949.8608959820149,
        2799.8608959820153,
        2149.8608959820153,
        2299.8608959820153,
        1999.860895982015,
        2099.860895982015,
        2699.8608959820153,
        2249.8608959820153,
        699.8608959820122,
        2499.8608959820153,
        2549.8608959820153,
        1949.8608959820153,
        2749.8608959820153,
        1699.8608959820142,
        1999.8608959820149,
        2049.860895982015,
        2149.860895982015,
        2399.8608959820153,
        2599.860895982015,
        1599.860895982014,
        1799.8608959820144,
        2199.860895982014,
        2599.860895982015,
        2199.8608959820153,
        2099.860895982015,
        2249.8608959820153,
        2749.8608959820153,
        1999.860895982015,
        2249.860895982015,
        1999.8608959820149,
        2049.8608959820153,
        1699.8608959820142,
        1799.860895982014,
        1899.8608959820153,
        2549.860895982015,
        2699.8608959820153,
        1749.8608959820137,
        1999.860895982015,
        2949.8608959820153,
        1499.8608959820137,
        2099.860895982015,
        2349.860895982015,
        2099.8608959820144,
        2349.860895982015,
        2449.8608959820153,
        2449.8608959820153,
        2049.8608959820144,
        1799.8608959820149,
        1749.8608959820144,
        2299.860895982015,
        1949.8608959820153
      ],
      "mean_latency_ms": 2155.664467410587,
      "median_latency_ms": 2199.860895982014,
      "cache_hit_rate": 0.7894069664902998,
      "cache_misses": 3821,
      "cache_evictions": 12284,
      "wasted_prefetches": 1837,
      "total_prefetches": 8744,
      "dedup_skipped": 6712,
      "expert_demands": 18144,
      "expert_hits": 14323
    },