{
  "model": "deepseek_moe_16b",
  "gpu_memory_gb": 32.0,
  "cache_capacity": 1053,
  "total_experts": 1792,
  "tokens": 112,
  "measured": {
    "predictor_ms": 0.41600592700005684,
    "layer_compute_ms": 15.980455130338669,
    "transfer_ms": 50.0
  },
  "baseline": {
    "per_token_latency": [
      5981.472288519144,
      6331.472288519144,
      5581.472288519144,
      5381.472288519144,
      6031.472288519144,
      3931.472288519144,
      5431.472288519144,
      3931.472288519144,
      4481.472288519144,
      3231.472288519144,
      3181.472288519144,
      1981.472288519144,
      2131.472288519144,
      5581.472288519144,
      2981.472288519144,
      2381.472288519144,
      1881.472288519144,
      1531.472288519144,
      2931.472288519144,
      1731.472288519144,
      1231.472288519144,
      1181.472288519144,
      2181.472288519144,
      1531.472288519144,
      1931.472288519144,
      1231.472288519144,
      1081.472288519144,
      1831.472288519144,
      1431.472288519144,
      2431.472288519144,
      2131.472288519144,
      781.4722885191441,
      1031.472288519144,
      1581.472288519144,
      981.4722885191441,
      1281.472288519144,
      1031.472288519144,
      881.4722885191441,
      1681.472288519144,
      1181.472288519144,
      1331.472288519144,
      981.4722885191441,
      1231.472288519144,
      1181.472288519144,
      981.4722885191441,
      1881.472288519144,
      581.4722885191441,
      831.4722885191441,
      931.4722885191441,
      931.4722885191441,
      781.4722885191441,
      881.4722885191441,
      1281.472288519144,
      931.4722885191441,
      1431.472288519144,
      631.4722885191441,
      1031.472288519144,
      881.4722885191441,
      1881.472288519144,
      2331.472288519144,
      1481.472288519144,
      1681.472288519144,
      2781.472288519144,
      1781.472288519144,
      1531.472288519144,
      1331.472288519144,
      1331.472288519144,
      2181.472288519144,
      631.4722885191441,
      481.47228851914406,
      1881.472288519144,
      2431.472288519144,
      1481.472288519144,
      3281.472288519144,
      2131.472288519144,
      2031.472288519144,
      2231.472288519144,
      3081.472288519144,
      2081.472288519144,
      3481.472288519144,
      1331.472288519144,
      2031.472288519144,
      1831.472288519144,
      1481.472288519144,
      981.4722885191441,
      1481.472288519144,
      1531.472288519144,
      5131.472288519144,
      2131.472288519144,
      1781.472288519144,
      981.4722885191441,
      1581.472288519144,
      1381.472288519144,
      1481.472288519144,
      2681.472288519144,
      2081.472288519144,
      2281.472288519144,
      1331.472288519144,
      2231.472288519144,
      2731.472288519144,
      931.4722885191441,
      1581.472288519144,
      2931.472288519144,
      2781.472288519144,
      1031.472288519144,
      931.4722885191441,
      1331.472288519144,
      1281.472288519144,
      1681.472288519144,
      1231.472288519144,
      2631.472288519144,
      881.4722885191441
    ],
    "mean_latency_ms": 2010.9365742334298,
    "median_latency_ms": 1581.472288519144,
    "cache_hit_rate": 0.8050044091710759,
    "cache_misses": 3538,
    "cache_evictions": 2574,
    "wasted_prefetches": 0,
    "total_prefetches": 0,
    "dedup_skipped": 0,
    "expert_demands": 18144,
    "expert_hits": 14606
  },
  "prefetched_by_K": {
    "6": {
      "per_token_latency": [
        1442.7044485481447,
        1642.7044485481447,
        2592.7044485481465,
        2092.704448548145,
        2092.7044485481447,
        1242.7044485481447,
        2042.7044485481445,
        1292.7044485481447,
        1692.7044485481447,
        1242.7044485481447,
        1242.7044485481447,
        942.7044485481448,
        1242.7044485481447,
        1892.7044485481447,
        1592.7044485481447,
        1392.7044485481447,
        1042.7044485481447,
        742.7044485481451,
        1492.704448548145,
        1292.7044485481447,
        842.7044485481451,
        842.7044485481453,
        892.7044485481453,
        1592.7044485481447,
        1792.7044485481447,
        1392.7044485481447,
        1692.7044485481447,
        1442.7044485481447,
        1142.7044485481451,
        1192.704448548145,
        742.7044485481454,
        792.7044485481451,
        542.7044485481457,
        992.7044485481449,
        842.7044485481454,
        942.7044485481453,
        692.7044485481456,
        792.7044485481451,
        1192.704448548145,
        1342.7044485481447,
        892.7044485481449,
        1092.704448548145,
        1042.704448548145,
        992.7044485481448,
        742.7044485481454,
        1342.704448548145,
        492.7044485481457,
        742.7044485481455,
        892.7044485481454,
        892.7044485481453,
        692.7044485481454,
        792.7044485481451,
        1042.704448548145,
        692.7044485481454,
        1192.7044485481447,
        542.7044485481456,
        892.7044485481451,
        1342.7044485481447,
        992.7044485481448,
        1142.704448548145,
        992.7044485481449,
        1092.704448548145,
        1992.7044485481447,
        792.7044485481454,
        992.7044485481449,
        642.7044485481455,
        842.7044485481454,
        1292.7044485481447,
        592.7044485481455,
        442.70444854814565,
        1042.704448548145,
        1092.7044485481451,
        892.7044485481451,
        1692.7044485481447,
        1242.7044485481447,
        1292.7044485481447,
        1042.7044485481451,
        1442.7044485481447,
        1542.7044485481447,
        1242.704448548145,
        642.7044485481456,
        1242.7044485481447,
        1042.7044485481451,
        992.7044485481448,
        642.7044485481455,
        842.7044485481451,
        1042.7044485481447,
        1892.7044485481445,
        1392.7044485481447,
        1092.7044485481447,
        992.7044485481448,
        1142.7044485481447,
        842.7044485481454,
        1092.704448548145,
        1042.7044485481447,
        1292.7044485481451,
        1592.7044485481447,
        1042.7044485481451,
        1742.7044485481447,
        1642.704448548145,
        642.7044485481455,
        1142.704448548145,
        1542.7044485481447,
        1542.7044485481447,
        992.7044485481448,
        692.7044485481454,
        1042.704448548145,
        692.7044485481451,
        842.7044485481453,
        1042.704448548145,
        1542.7044485481447,
        642.7044485481456
      ],
      "mean_latency_ms": 1144.936591405288,
      "median_latency_ms": 1042.7044485481451,
      "cache_hit_rate": 0.9133046737213404,
      "cache_misses": 1573,
      "cache_evictions": 3471,
      "wasted_prefetches": 694,
      "total_prefetches": 2862,
      "dedup_skipped": 12594,
      "expert_demands": 18144,
      "expert_hits": 16571
    },