{
  "model": "deepseek_moe_16b",
  "gpu_memory_gb": 16.0,
  "cache_capacity": 1053,
  "total_experts": 1792,
  "tokens": 112,
  "measured": {
    "predictor_ms": 0.47843437196893823,
    "layer_compute_ms": 82.34790405962202,
    "transfer_ms": 50.0
  },
  "baseline": {
    "per_token_latency": [
      7823.393409609796,
      8073.393409609796,
      7273.393409609796,
      7273.393409609796,
      7723.393409609796,
      5823.393409609796,
      7273.393409609796,
      5773.393409609796,
      6023.393409609796,
      5023.393409609796,
      4873.393409609796,
      3873.3934096097964,
      4023.3934096097964,
      7323.393409609796,
      4923.393409609796,
      4023.3934096097964,
      3723.3934096097964,
      3523.3934096097964,
      4773.393409609796,
      3323.3934096097964,
      2973.393409609796,
      3023.3934096097964,
      3923.3934096097964,
      3423.393409609796,
      3523.3934096097964,
      3123.393409609796,
      2823.393409609796,
      3673.393409609797,
      3173.393409609796,
      4423.393409609796,
      4023.3934096097964,
      2623.393409609796,
      2923.393409609796,
      3473.3934096097964,
      2823.393409609796,
      3073.393409609796,
      2823.393409609796,
      2673.3934096097964,
      3573.3934096097964,
      3073.3934096097964,
      3323.3934096097964,
      2673.393409609796,
      2923.393409609796,
      3023.3934096097964,
      2673.393409609796,
      3673.3934096097964,
      2373.393409609796,
      2623.393409609796,
      2673.393409609796,
      2723.3934096097964,
      2623.393409609796,
      2973.3934096097964,
      2923.3934096097964,
      2823.393409609796,
      3223.3934096097964,
      2423.393409609796,
      2723.393409609796,
      2823.393409609796,
      3873.3934096097964,
      4073.3934096097964,
      3223.3934096097964,
      3423.3934096097964,
      4623.393409609796,
      3673.393409609796,
      3223.3934096097964,
      3023.393409609796,
      3073.393409609796,
      3973.393409609797,
      2423.393409609796,
      2373.393409609796,
      3723.3934096097964,
      4373.393409609796,
      3373.3934096097964,
      5023.393409609796,
      3873.3934096097964,
      4173.393409609796,
      3873.3934096097964,
      4923.393409609796,
      3723.3934096097964,
      5073.393409609796,
      3123.393409609796,
      3723.3934096097964,
      3673.3934096097964,
      3123.3934096097964,
      3023.393409609796,
      3223.3934096097964,
      3273.3934096097964,
      7073.393409609796,
      3823.3934096097964,
      3573.3934096097964,
      2723.393409609796,
      3273.3934096097964,
      3123.393409609796,
      3323.393409609796,
      4573.393409609796,
      3673.393409609796,
      4073.3934096097964,
      3123.393409609796,
      4073.393409609797,
      4423.393409609796,
      2773.393409609796,
      3323.393409609796,
      4673.393409609796,
      4573.393409609796,
      2723.393409609796,
      2723.393409609796,
      3223.3934096097964,
      3023.393409609796,
      3523.3934096097964,
      3123.3934096097964,
      4323.393409609796,
      2773.393409609796
    ],
    "mean_latency_ms": 3810.4469810383666,
    "median_latency_ms": 3423.3934096097964,
    "cache_hit_rate": 0.8040674603174603,
    "cache_misses": 3555,
    "cache_evictions": 2591,
    "wasted_prefetches": 0,
    "total_prefetches": 0,
    "dedup_skipped": 0,
    "expert_demands": 18144,
    "expert_hits": 14589
  },
  "prefetched_by_K": {
    "6": {
      "per_token_latency": [
        3136.311137652957,
        2686.3111376529564,
        2886.3111376529564,
        2886.3111376529564,
        2686.3111376529564,
        2536.3111376529564,
        2736.3111376529564,
        2586.3111376529564,
        2686.3111376529564,
        2436.3111376529564,
        2436.3111376529564,
        2486.3111376529564,
        2386.3111376529564,
        2786.311137652957,
        2486.3111376529564,
        2686.3111376529564,
        2386.3111376529564,
        2486.3111376529564,
        2536.3111376529564,
        2536.3111376529564,
        2336.3111376529564,
        2486.3111376529564,
        2486.3111376529564,
        2536.3111376529564,
        2636.3111376529564,
        2786.3111376529564,
        2686.3111376529564,
        2736.3111376529564,
        2436.3111376529564,
        2436.3111376529564,
        2386.3111376529564,
        2436.3111376529564,
        2236.3111376529564,
        2586.3111376529564,
        2286.3111376529564,
        2436.3111376529564,
        2436.3111376529564,
        2486.3111376529564,
        2386.3111376529564,
        2586.3111376529564,
        2486.3111376529564,
        2436.3111376529564,
        2486.3111376529564,
        2436.3111376529564,
        2636.3111376529564,
        2736.3111376529564,
        2286.3111376529564,
        2536.3111376529564,
        2636.3111376529564,
        2886.311137652957,
        2536.3111376529564,
        2536.3111376529564,
        2736.3111376529564,
        2636.3111376529564,
        2686.3111376529564,
        2436.3111376529564,
        2486.3111376529564,
        2586.3111376529564,
        2736.3111376529564,
        2536.3111376529564,
        2536.3111376529564,
        2436.3111376529564,
        2636.3111376529564,
        2486.3111376529564,
        2586.3111376529564,
        2286.3111376529564,
        2536.3111376529564,
        2686.3111376529564,
        2336.3111376529564,
        2286.3111376529564,
        2536.3111376529564,
        2436.3111376529564,
        2536.3111376529564,
        3036.3111376529564,
        2636.3111376529564,
        2586.3111376529564,
        2586.3111376529564,
        2636.3111376529564,
        2736.3111376529564,
        2386.3111376529564,
        2386.3111376529564,
        2586.3111376529564,
        2436.3111376529564,
        2336.3111376529564,
        2286.3111376529564,
        2586.3111376529564,
        2436.3111376529564,
        2736.3111376529564,
        2436.3111376529564,
        2436.3111376529564,
        2336.3111376529564,
        2536.3111376529564,
        2536.3111376529564,
        2436.3111376529564,
        2636.3111376529564,
        2536.3111376529564,
        2636.3111376529564,
        2486.3111376529564,
        2886.3111376529564,
        2986.3111376529564,
        2336.3111376529564,
        2786.3111376529564,
        2686.3111376529564,
        2536.3111376529564,
        2386.3111376529564,
        2686.3111376529564,
        2786.3111376529564,
        2386.3111376529564,
        2636.3111376529564,
        2386.3111376529564,
        2436.3111376529564,
        2436.3111376529564
      ],
      "mean_latency_ms": 2552.382566224385,
      "median_latency_ms": 2536.3111376529564,
      "cache_hit_rate": 0.9609788359788359,
      "cache_misses": 708,
      "cache_evictions": 5173,
      "wasted_prefetches": 2030,
      "total_prefetches": 5429,
      "dedup_skipped": 59996,
      "expert_demands": 18144,
      "expert_hits": 17436
    },