{
  "model": "deepseek_moe_16b",
  "gpu_memory_gb": 8.0,
  "cache_capacity": 370,
  "total_experts": 1792,
  "tokens": 112,
  "measured": {
    "predictor_ms": 0.46189985348394624,
    "layer_compute_ms": 81.1477120010941,
    "transfer_ms": 50.0
  },
  "baseline": {
    "per_token_latency": [
      7790.98822402954,
      8040.98822402954,
      7290.98822402954,
      7540.98822402954,
      7790.98822402954,
      6390.98822402954,
      7590.98822402954,
      6240.98822402954,
      8690.988224029541,
      7040.98822402954,
      8590.988224029541,
      6740.98822402954,
      8890.988224029541,
      9290.988224029537,
      8790.988224029541,
      8340.988224029541,
      7440.98822402954,
      6740.98822402954,
      8040.98822402954,
      7190.98822402954,
      6190.98822402954,
      4240.98822402954,
      5190.98822402954,
      7290.98822402954,
      7440.98822402954,
      8690.988224029541,
      9840.988224029537,
      9190.988224029537,
      7340.98822402954,
      7940.98822402954,
      7840.98822402954,
      3640.9882240295406,
      6940.98822402954,
      7990.98822402954,
      6890.98822402954,
      7090.98822402954,
      6640.98822402954,
      4290.988224029541,
      5990.98822402954,
      7090.98822402954,
      3940.9882240295406,
      5590.988224029541,
      4940.988224029541,
      6040.988224029541,
      9790.988224029537,
      8490.988224029541,
      7490.98822402954,
      7940.98822402954,
      7540.98822402954,
      6640.98822402954,
      4640.988224029541,
      5190.98822402954,
      4990.98822402954,
      7040.98822402954,
      7190.98822402954,
      7040.98822402954,
      6640.98822402954,
      9790.988224029537,
      7990.98822402954,
      6640.98822402954,
      6690.98822402954,
      6540.98822402954,
      6890.98822402954,
      9490.988224029537,
      7740.98822402954,
      6990.98822402954,
      6840.98822402954,
      7340.98822402954,
      9640.988224029537,
      3040.9882240295406,
      9390.988224029537,
      9390.988224029537,
      6490.98822402954,
      7640.98822402954,
      4740.98822402954,
      6890.98822402954,
      7940.98822402954,
      6990.98822402954,
      6390.98822402954,
      7390.98822402954,
      3390.9882240295406,
      4490.98822402954,
      6040.988224029541,
      7640.98822402954,
      7090.98822402954,
      5640.98822402954,
      8090.98822402954,
      9440.988224029537,
      7140.98822402954,
      6990.98822402954,
      6690.98822402954,
      5440.98822402954,
      5690.98822402954,
      5890.98822402954,
      9440.988224029537,
      8340.988224029541,
      8340.988224029541,
      5090.988224029541,
      6190.98822402954,
      6890.98822402954,
      3540.9882240295406,
      5190.98822402954,
      6090.98822402954,
      5790.988224029541,
      7090.98822402954,
      9440.988224029537,
      8390.988224029541,
      7440.98822402954,
      5890.98822402954,
      4390.98822402954,
      7190.98822402954,
      9540.988224029537
    ],
    "mean_latency_ms": 7020.006081172398,
    "median_latency_ms": 7090.98822402954,
    "cache_hit_rate": 0.40382495590828926,
    "cache_misses": 10817,
    "cache_evictions": 10536,
    "wasted_prefetches": 0,
    "total_prefetches": 0,
    "dedup_skipped": 0,
    "expert_demands": 18144,
    "expert_hits": 7327
  },
  "prefetched_by_K": {
    "6": {
      "per_token_latency": [
        3103.459520073607,
        2653.459520073607,
        3153.4595200736067,
        3253.4595200736067,
        2903.4595200736067,
        2903.459520073607,
        3103.4595200736067,
        2753.459520073607,
        3153.459520073606,
        2953.459520073607,
        3353.4595200736067,
        3103.459520073607,
        3303.459520073606,
        2953.459520073607,
        2953.459520073607,
        3403.4595200736067,
        3053.4595200736067,
        3103.4595200736067,
        3453.459520073606,
        2803.459520073607,
        2803.459520073607,
        3003.459520073607,
        3003.459520073607,
        2803.459520073607,
        3453.459520073606,
        3553.4595200736067,
        3203.4595200736067,
        3003.4595200736067,
        3203.4595200736067,
        3253.4595200736067,
        3103.459520073607,
        2803.459520073607,
        2853.459520073607,
        3153.4595200736067,
        3153.4595200736067,
        3203.4595200736067,
        3053.4595200736067,
        2903.459520073607,
        2803.459520073607,
        2803.459520073607,
        2653.4595200736076,
        2703.459520073607,
        2853.459520073607,
        2653.4595200736076,
        3303.4595200736067,
        3353.459520073606,
        2753.459520073607,
        2953.459520073607,
        3453.459520073606,
        3353.4595200736067,
        2903.459520073607,
        2903.459520073607,
        3003.4595200736067,
        2953.4595200736067,
        3203.4595200736067,
        3003.4595200736067,
        3003.4595200736067,
        3403.459520073606,
        3303.4595200736067,
        2753.459520073607,
        2753.459520073607,
        2953.4595200736067,
        3103.459520073607,
        3103.459520073607,
        3303.459520073606,
        2753.459520073607,
        2853.459520073607,
        3453.459520073606,
        3153.4595200736067,
        2353.459520073608,
        3303.459520073606,
        3353.459520073606,
        3303.4595200736067,
        3453.4595200736067,
        2953.459520073607,
        3003.459520073607,
        3103.459520073607,
        3203.4595200736067,
        3203.459520073606,
        3103.459520073607,
        2953.459520073607,
        2603.4595200736076,
        3103.459520073607,
        3103.4595200736067,
        3053.4595200736067,
        3053.4595200736067,
        2903.459520073607,
        3203.459520073606,
        2853.459520073607,
        2953.459520073607,
        2653.4595200736076,
        2953.459520073607,
        2703.459520073607,
        2703.459520073607,
        3253.4595200736067,
        3353.4595200736067,
        3203.4595200736067,
        3003.4595200736067,
        3153.4595200736067,
        3353.4595200736067,
        2803.459520073607,
        3103.4595200736067,
        3253.4595200736067,
        3003.4595200736067,
        3053.459520073607,
        3353.4595200736067,
        3303.459520073606,
        2953.4595200736067,
        3053.4595200736067,
        2553.4595200736076,
        2953.459520073607,
        3203.4595200736067
      ],
      "mean_latency_ms": 3048.995234359322,
      "median_latency_ms": 3053.4595200736067,
      "cache_hit_rate": 0.8956128747795414,
      "cache_misses": 1894,
      "cache_evictions": 17256,
      "wasted_prefetches": 6118,
      "total_prefetches": 15643,
      "dedup_skipped": 47419,
      "expert_demands": 18144,
      "expert_hits": 16250
    },