{
  "model": "deepseek_moe_16b",
  "gpu_memory_gb": 4.0,
  "cache_capacity": 4,
  "total_experts": 1792,
  "tokens": 112,
  "measured": {
    "predictor_ms": 0.4139176309453668,
    "layer_compute_ms": 16.200815396176445,
    "transfer_ms": 50.0
  },
  "baseline": {
    "per_token_latency": [
      8537.422015696759,
      8537.422015696759,
      8537.422015696759,
      8537.422015696759,
      8537.422015696759,
      8537.422015696759,
      8537.422015696759,
      8537.422015696759,
      8537.422015696759,
      8537.422015696759,
      8537.422015696759,
      8537.422015696759,
      8537.422015696759,
      8537.422015696759,
      8537.422015696759,
      8537.422015696759,
      8537.422015696759,
      8537.422015696759,
      8537.422015696759,
      8537.422015696759,
      8537.422015696759,
      8537.422015696759,
      8537.422015696759,
      8537.422015696759,
      8537.422015696759,
      8537.422015696759,
      8537.422015696759,
      8537.422015696759,
      8537.422015696759,
      8537.422015696759,
      8537.422015696759,
      8537.422015696759,
      8537.422015696759,
      8537.422015696759,
      8537.422015696759,
      8537.422015696759,
      8537.422015696759,
      8537.422015696759,
      8537.422015696759,
      8537.422015696759,
      8537.422015696759,
      8537.422015696759,
      8537.422015696759,
      8537.422015696759,
      8537.422015696759,
      8537.422015696759,
      8537.422015696759,
      8537.422015696759,
      8537.422015696759,
      8537.422015696759,
      8537.422015696759,
      8537.422015696759,
      8537.422015696759,
      8537.422015696759,
      8537.422015696759,
      8537.422015696759,
      8537.422015696759,
      8537.422015696759,
      8537.422015696759,
      8537.422015696759,
      8537.422015696759,
      8537.422015696759,
      8537.422015696759,
      8537.422015696759,
      8537.422015696759,
      8537.422015696759,
      8537.422015696759,
      8537.422015696759,
      8537.422015696759,
      8537.422015696759,
      8537.422015696759,
      8537.422015696759,
      8537.422015696759,
      8537.422015696759,
      8537.422015696759,
      8537.422015696759,
      8537.422015696759,
      8537.422015696759,
      8537.422015696759,
      8537.422015696759,
      8537.422015696759,
      8537.422015696759,
      8537.422015696759,
      8537.422015696759,
      8537.422015696759,
      8537.422015696759,
      8537.422015696759,
      8537.422015696759,
      8537.422015696759,
      8537.422015696759,
      8537.422015696759,
      8537.422015696759,
      8537.422015696759,
      8537.422015696759,
      8537.422015696759,
      8537.422015696759,
      8537.422015696759,
      8537.422015696759,
      8537.422015696759,
      8537.422015696759,
      8537.422015696759,
      8537.422015696759,
      8537.422015696759,
      8537.422015696759,
      8537.422015696759,
      8537.422015696759,
      8537.422015696759,
      8537.422015696759,
      8537.422015696759,
      8537.422015696759,
      8537.422015696759,
      8537.422015696759
    ],
    "mean_latency_ms": 8537.42201569676,
    "median_latency_ms": 8537.422015696759,
    "cache_hit_rate": 0.0,
    "cache_misses": 18144,
    "cache_evictions": 18229,
    "wasted_prefetches": 0,
    "total_prefetches": 0,
    "dedup_skipped": 0,
    "expert_demands": 18144,
    "expert_hits": 0
  },
  "prefetched_by_K": {
    "6": {
      "per_token_latency": [
        8548.597791732285,
        8548.597791732285,
        8548.597791732285,
        8548.597791732285,
        8548.597791732285,
        8548.597791732285,
        8548.597791732285,
        8548.597791732285,
        8548.597791732285,
        8548.597791732285,
        8548.597791732285,
        8548.597791732285,
        8548.597791732285,
        8548.597791732285,
        8548.597791732285,
        8548.597791732285,
        8548.597791732285,
        8548.597791732285,
        8548.597791732285,
        8548.597791732285,
        8548.597791732285,
        8548.597791732285,
        8548.597791732285,
        8548.597791732285,
        8548.597791732285,
        8548.597791732285,
        8548.597791732285,
        8548.597791732285,
        8548.597791732285,
        8548.597791732285,
        8548.597791732285,
        8548.597791732285,
        8548.597791732285,
        8548.597791732285,
        8548.597791732285,
        8548.597791732285,
        8548.597791732285,
        8548.597791732285,
        8548.597791732285,
        8548.597791732285,
        8548.597791732285,
        8548.597791732285,
        8548.597791732285,
        8548.597791732285,
        8548.597791732285,
        8548.597791732285,
        8548.597791732285,
        8548.597791732285,
        8548.597791732285,
        8548.597791732285,
        8548.597791732285,
        8548.597791732285,
        8548.597791732285,
        8548.597791732285,
        8548.597791732285,
        8548.597791732285,
        8548.597791732285,
        8548.597791732285,
        8548.597791732285,
        8548.597791732285,
        8548.597791732285,
        8548.597791732285,
        8548.597791732285,
        8548.597791732285,
        8548.597791732285,
        8548.597791732285,
        8548.597791732285,
        8548.597791732285,
        8548.597791732285,
        8548.597791732285,
        8548.597791732285,
        8548.597791732285,
        8548.597791732285,
        8548.597791732285,
        8548.597791732285,
        8548.597791732285,
        8548.597791732285,
        8548.597791732285,
        8548.597791732285,
        8548.597791732285,
        8548.597791732285,
        8548.597791732285,
        8548.597791732285,
        8548.597791732285,
        8548.597791732285,
        8548.597791732285,
        8548.597791732285,
        8548.597791732285,
        8548.597791732285,
        8548.597791732285,
        8548.597791732285,
        8548.597791732285,
        8548.597791732285,
        8548.597791732285,
        8548.597791732285,
        8548.597791732285,
        8548.597791732285,
        8548.597791732285,
        8548.597791732285,
        8548.597791732285,
        8548.597791732285,
        8548.597791732285,
        8548.597791732285,
        8548.597791732285,
        8548.597791732285,
        8548.597791732285,
        8548.597791732285,
        8548.597791732285,
        8548.597791732285,
        8548.597791732285,
        8548.597791732285,
        8548.597791732285
      ],
      "mean_latency_ms": 8548.597791732287,
      "median_latency_ms": 8548.597791732285,
      "cache_hit_rate": 0.0,
      "cache_misses": 18144,
      "cache_evictions": 33684,
      "wasted_prefetches": 2890,
      "total_prefetches": 15455,
      "dedup_skipped": 1,
      "expert_demands": 18144,
      "expert_hits": 0
    },