{
  "model": "deepseek_moe_16b",
  "gpu_memory_gb": 4.0,
  "cache_capacity": 29,
  "total_experts": 1792,
  "tokens": 120,
  "measured": {
    "predictor_ms": 0.4517890359102576,
    "layer_compute_ms": 78.4520496836415,
    "transfer_ms": 50.0
  },
  "baseline": {
    "per_token_latency": [
      10168.205341458317,
      10218.205341458317,
      10218.205341458317,
      10218.205341458317,
      10218.205341458317,
      10218.205341458317,
      10218.205341458317,
      10218.205341458317,
      10218.205341458317,
      10218.205341458317,
      10218.205341458317,
      10218.205341458317,
      10218.205341458317,
      10218.205341458317,
      10218.205341458317,
      10218.205341458317,
      10218.205341458317,
      10218.205341458317,
      10218.205341458317,
      10218.205341458317,
      10218.205341458317,
      10218.205341458317,
      10218.205341458317,
      10218.205341458317,
      10218.205341458317,
      10218.205341458317,
      10218.205341458317,
      10218.205341458317,
      10218.205341458317,
      10218.205341458317,
      10218.205341458317,
      10218.205341458317,
      10218.205341458317,
      10218.205341458317,
      10218.205341458317,
      10218.205341458317,
      10218.205341458317,
      10218.205341458317,
      10218.205341458317,
      10218.205341458317,
      10218.205341458317,
      10218.205341458317,
      10218.205341458317,
      10218.205341458317,
      10218.205341458317,
      10218.205341458317,
      10218.205341458317,
      10218.205341458317,
      10218.205341458317,
      10218.205341458317,
      10218.205341458317,
      10218.205341458317,
      10218.205341458317,
      10218.205341458317,
      10218.205341458317,
      10218.205341458317,
      10218.205341458317,
      10218.205341458317,
      10218.205341458317,
      10218.205341458317,
      10218.205341458317,
      10218.205341458317,
      10218.205341458317,
      10218.205341458317,
      10218.205341458317,
      10218.205341458317,
      10218.205341458317,
      10218.205341458317,
      10218.205341458317,
      10218.205341458317,
      10218.205341458317,
      10218.205341458317,
      10218.205341458317,
      10218.205341458317,
      10218.205341458317,
      10218.205341458317,
      10218.205341458317,
      10218.205341458317,
      10218.205341458317,
      10218.205341458317,
      10218.205341458317,
      10218.205341458317,
      10218.205341458317,
      10218.205341458317,
      10218.205341458317,
      10218.205341458317,
      10218.205341458317,
      10218.205341458317,
      10218.205341458317,
      10218.205341458317,
      10218.205341458317,
      10218.205341458317,
      10218.205341458317,
      10218.205341458317,
      10218.205341458317,
      10218.205341458317,
      10218.205341458317,
      10218.205341458317,
      10218.205341458317,
      10218.205341458317,
      10218.205341458317,
      10218.205341458317,
      10218.205341458317,
      10218.205341458317,
      10218.205341458317,
      10218.205341458317,
      10218.205341458317,
      10218.205341458317,
      10218.205341458317,
      10218.205341458317,
      10218.205341458317,
      10218.205341458317,
      10218.205341458317,
      10218.205341458317,
      10218.205341458317,
      10218.205341458317,
      10218.205341458317,
      10218.205341458317,
      10218.205341458317,
      10218.205341458317
    ],
    "mean_latency_ms": 10217.788674791653,
    "median_latency_ms": 10218.205341458317,
    "cache_hit_rate": 5.1440329218106995e-05,
    "cache_misses": 19439,
    "cache_evictions": 19499,
    "wasted_prefetches": 0,
    "total_prefetches": 0,
    "dedup_skipped": 0,
    "expert_demands": 19440,
    "expert_hits": 1
  },
  "prefetched_by_K": {
    "6": {
      "per_token_latency": [
        8830.403645427896,
        9130.403645427896,
        8730.403645427896,
        9230.403645427896,
        9330.403645427898,
        8330.403645427894,
        8980.403645427896,
        9080.403645427896,
        9330.403645427896,
        8730.403645427896,
        8880.403645427896,
        8930.403645427896,
        9180.403645427896,
        8980.403645427896,
        8730.403645427896,
        8730.403645427896,
        8580.403645427896,
        8830.403645427896,
        9030.403645427896,
        8780.403645427896,
        8730.403645427896,
        8280.403645427894,
        8130.403645427894,
        7930.403645427895,
        9030.403645427896,
        9580.403645427898,
        8730.403645427896,
        8480.403645427894,
        8430.403645427894,
        8230.403645427896,
        9230.403645427896,
        8430.403645427896,
        8380.403645427894,
        8830.403645427896,
        8980.403645427896,
        8330.403645427894,
        9280.403645427898,
        8830.403645427896,
        8830.403645427896,
        9130.403645427896,
        8830.403645427896,
        9130.403645427896,
        8880.403645427896,
        8330.403645427896,
        8580.403645427896,
        8580.403645427896,
        8930.403645427896,
        9130.403645427896,
        9280.403645427898,
        8580.403645427896,
        8680.403645427896,
        9330.403645427898,
        9230.403645427898,
        8780.403645427896,
        8730.403645427896,
        9030.403645427896,
        8330.403645427894,
        8880.403645427896,
        9380.403645427898,
        9380.403645427898,
        9130.403645427896,
        8430.403645427894,
        8880.403645427896,
        8980.403645427896,
        8830.403645427896,
        9130.403645427896,
        9080.403645427896,
        8930.403645427896,
        8980.403645427896,
        9080.403645427896,
        8780.403645427896,
        8880.403645427894,
        8630.403645427894,
        8880.403645427896,
        8530.403645427896,
        8430.403645427896,
        8880.403645427896,
        8980.403645427896,
        8780.403645427896,
        8180.403645427895,
        8830.403645427896,
        9380.403645427896,
        9180.403645427896,
        8780.403645427896,
        8780.403645427896,
        8730.403645427894,
        8880.403645427896,
        9280.403645427896,
        8880.403645427896,
        9030.403645427896,
        8080.403645427894,
        8430.403645427894,
        8630.403645427896,
        8180.403645427894,
        8580.403645427896,
        8980.403645427896,
        8280.403645427896,
        9130.403645427898,
        8330.403645427894,
        9080.403645427896,
        8580.403645427896,
        8680.403645427896,
        7830.403645427894,
        9030.403645427896,
        9030.403645427896,
        8930.403645427896,
        8630.403645427896,
        8030.403645427894,
        8280.403645427896,
        8680.403645427896,
        8280.403645427894,
        7830.403645427895,
        8680.403645427896,
        8030.403645427894,
        8330.403645427894,
        8680.403645427896,
        8380.403645427894,
        8280.403645427894,
        9230.403645427898,
        8730.403645427896
      ],
      "mean_latency_ms": 8768.320312094564,
      "median_latency_ms": 8830.403645427896,
      "cache_hit_rate": 0.18050411522633744,
      "cache_misses": 15931,
      "cache_evictions": 40889,
      "wasted_prefetches": 6965,
      "total_prefetches": 24898,
      "dedup_skipped": 24671,
      "expert_demands": 19440,
      "expert_hits": 3509
    },