{
  "model": "deepseek_moe_16b",
  "gpu_memory_gb": 16.0,
  "cache_capacity": 370,
  "total_experts": 1792,
  "tokens": 120,
  "measured": {
    "predictor_ms": 0.4062708155769441,
    "layer_compute_ms": 15.557549022965961,
    "transfer_ms": 50.0
  },
  "baseline": {
    "per_token_latency": [
      5970.053823620078,
      7020.053823620077,
      4620.053823620079,
      6320.053823620077,
      3920.053823620078,
      2070.0538236200814,
      4120.053823620079,
      5970.053823620078,
      4370.053823620079,
      7520.053823620077,
      6970.053823620078,
      5520.053823620078,
      6670.053823620077,
      7070.053823620077,
      4270.053823620078,
      2420.0538236200805,
      3770.053823620078,
      4820.053823620078,
      5020.053823620078,
      5020.053823620078,
      3870.0538236200778,
      2620.0538236200805,
      4120.05382362008,
      3870.053823620079,
      7020.053823620077,
      6620.053823620077,
      4270.053823620078,
      7420.053823620077,
      6820.053823620077,
      3520.05382362008,
      6320.053823620077,
      5170.053823620078,
      7070.053823620077,
      3820.053823620078,
      6770.053823620077,
      5570.053823620078,
      3670.0538236200787,
      6020.053823620077,
      4020.0538236200787,
      4920.053823620077,
      2820.05382362008,
      2570.05382362008,
      6270.053823620077,
      4620.053823620078,
      5220.053823620079,
      7570.053823620077,
      6620.053823620077,
      5670.053823620078,
      6720.053823620077,
      6470.053823620078,
      7870.053823620077,
      6220.053823620077,
      6170.053823620078,
      5720.053823620077,
      2020.0538236200816,
      5120.053823620078,
      6270.053823620078,
      8170.053823620077,
      6420.053823620077,
      5320.053823620078,
      6520.053823620077,
      4820.053823620079,
      3620.0538236200787,
      4870.053823620078,
      7320.053823620077,
      5620.053823620078,
      4920.053823620079,
      6220.053823620077,
      3020.0538236200787,
      3770.053823620079,
      6270.053823620077,
      5670.053823620078,
      5070.053823620078,
      6220.053823620077,
      3170.0538236200787,
      3970.053823620079,
      5920.053823620078,
      4720.053823620078,
      7470.053823620077,
      3420.0538236200787,
      3920.053823620079,
      6770.053823620077,
      5970.053823620078,
      4970.053823620079,
      5420.053823620077,
      5620.053823620078,
      4770.053823620078,
      5320.053823620078,
      5170.053823620078,
      6270.053823620077,
      4170.053823620078,
      4470.053823620079,
      6270.053823620077,
      5820.053823620077,
      6570.053823620077,
      6020.053823620077,
      4070.053823620078,
      6770.053823620078,
      6470.053823620077,
      6520.053823620078,
      6720.053823620077,
      4470.053823620079,
      5520.053823620077,
      7070.053823620077,
      4670.053823620078,
      5570.053823620078,
      6670.053823620077,
      5820.053823620077,
      5720.053823620077,
      6120.053823620077,
      6220.053823620077,
      4020.053823620078,
      6920.053823620077,
      6120.053823620077,
      5770.053823620077,
      6370.053823620077,
      6070.053823620077,
      3920.053823620079,
      6620.053823620077,
      6620.053823620077
    ],
    "mean_latency_ms": 5431.303823620079,
    "median_latency_ms": 5670.053823620078,
    "cache_hit_rate": 0.38132716049382714,
    "cache_misses": 12027,
    "cache_evictions": 11746,
    "wasted_prefetches": 0,
    "total_prefetches": 0,
    "dedup_skipped": 0,
    "expert_demands": 19440,
    "expert_hits": 7413
  },
  "prefetched_by_K": {
    "6": {
      "per_token_latency": [
        1431.02313564066,
        1631.0231356406607,
        1881.0231356406603,
        2231.0231356406603,
        1881.0231356406605,
        1431.0231356406596,
        2231.0231356406603,
        2281.02313564066,
        2131.0231356406603,
        2731.023135640659,
        3131.0231356406584,
        2131.02313564066,
        2631.0231356406593,
        2731.0231356406584,
        1981.0231356406607,
        1481.0231356406598,
        2481.0231356406593,
        2681.0231356406593,
        2631.0231356406593,
        2331.0231356406603,
        2381.02313564066,
        2031.0231356406607,
        3231.023135640659,
        2531.0231356406593,
        2281.0231356406603,
        2231.0231356406607,
        2231.0231356406603,
        3031.0231356406584,
        3531.023135640658,
        2331.0231356406603,
        2781.0231356406593,
        2531.0231356406593,
        2231.0231356406607,
        2081.0231356406607,
        2881.0231356406584,
        2231.02313564066,
        1781.023135640661,
        2781.0231356406584,
        2131.0231356406603,
        1531.0231356406605,
        1381.0231356406593,
        1531.02313564066,
        2131.0231356406603,
        2081.0231356406607,
        1931.0231356406603,
        2331.02313564066,
        2031.0231356406612,
        1731.0231356406605,
        2231.02313564066,
        2631.02313564066,
        2281.0231356406603,
        2081.023135640661,
        1931.0231356406605,
        2181.0231356406607,
        1481.0231356406605,
        2331.02313564066,
        2131.0231356406607,
        2081.023135640661,
        2081.023135640661,
        1681.0231356406605,
        2331.0231356406603,
        2031.0231356406605,
        1581.0231356406598,
        1681.02313564066,
        1931.0231356406614,
        1931.0231356406612,
        1381.0231356406598,
        2281.0231356406603,
        1281.0231356406596,
        1081.023135640659,
        1781.0231356406612,
        1781.0231356406612,
        1431.0231356406596,
        2181.0231356406607,
        1681.023135640661,
        1131.0231356406591,
        2481.02313564066,
        1481.02313564066,
        2431.0231356406603,
        1681.023135640661,
        1431.0231356406593,
        1981.0231356406614,
        1781.0231356406612,
        1881.0231356406603,
        2431.0231356406593,
        2281.02313564066,
        2431.0231356406593,
        2431.02313564066,
        2481.023135640659,
        2531.02313564066,
        2681.0231356406593,
        3031.0231356406593,
        3081.023135640659,
        3381.023135640658,
        3531.023135640658,
        3281.023135640659,
        2831.023135640658,
        2831.0231356406593,
        2931.0231356406584,
        1781.0231356406612,
        2081.023135640661,
        1681.02313564066,
        2481.02313564066,
        3131.0231356406584,
        2881.023135640659,
        2781.023135640658,
        3031.023135640659,
        3131.023135640659,
        3281.023135640658,
        3231.023135640658,
        3081.023135640659,
        3331.023135640658,
        2731.0231356406593,
        3331.0231356406584,
        3781.023135640658,
        3381.023135640658,
        3081.0231356406593,
        2831.0231356406584,
        3131.0231356406584,
        2981.023135640659
      ],
      "mean_latency_ms": 2325.606468973993,
      "median_latency_ms": 2281.02313564066,
      "cache_hit_rate": 0.7661008230452675,
      "cache_misses": 4547,
      "cache_evictions": 13803,
      "wasted_prefetches": 2183,
      "total_prefetches": 9537,
      "dedup_skipped": 7023,
      "expert_demands": 19440,
      "expert_hits": 14893
    },