{
  "model": "deepseek_moe_16b",
  "gpu_memory_gb": 8.0,
  "cache_capacity": 1053,
  "total_experts": 1792,
  "tokens": 112,
  "measured": {
    "predictor_ms": 0.640777472993014,
    "layer_compute_ms": 53.86176946869603,
    "transfer_ms": 50.0
  },
  "baseline": {
    "per_token_latency": [
      6954.267775654795,
      7354.2677756547955,
      6654.267775654795,
      6404.267775654794,
      6854.267775654795,
      5054.267775654793,
      6354.267775654794,
      4754.267775654792,
      5604.267775654795,
      4504.267775654792,
      4004.267775654791,
      3154.2677756547914,
      3054.2677756547914,
      5904.267775654795,
      3704.267775654791,
      3404.267775654791,
      2804.267775654791,
      2754.267775654792,
      3704.267775654791,
      2754.267775654792,
      2204.2677756547932,
      2304.2677756547937,
      3054.267775654792,
      2404.2677756547923,
      2904.2677756547914,
      2354.267775654792,
      2154.267775654793,
      2804.267775654792,
      2404.2677756547914,
      3554.267775654792,
      3104.2677756547914,
      1804.267775654794,
      2054.2677756547932,
      2704.267775654791,
      1804.2677756547932,
      2404.267775654792,
      2104.267775654793,
      1754.2677756547937,
      2804.2677756547914,
      2204.2677756547937,
      2254.267775654793,
      2154.2677756547932,
      2154.267775654793,
      2204.2677756547937,
      2004.2677756547935,
      2904.267775654791,
      1604.267775654794,
      1954.2677756547932,
      2054.2677756547932,
      1754.2677756547935,
      1704.2677756547935,
      2204.2677756547937,
      2154.2677756547932,
      2104.2677756547932,
      2254.2677756547932,
      1504.2677756547937,
      2004.2677756547935,
      2004.2677756547935,
      2904.267775654791,
      3054.267775654792,
      2404.267775654793,
      2904.2677756547914,
      3754.267775654791,
      2704.267775654792,
      2454.267775654793,
      2354.2677756547923,
      2404.2677756547923,
      3354.2677756547905,
      1654.2677756547935,
      1554.2677756547935,
      3204.267775654791,
      3654.2677756547905,
      2504.267775654792,
      4504.267775654792,
      2954.267775654792,
      3304.2677756547914,
      2954.267775654792,
      3954.2677756547905,
      3004.267775654791,
      4454.267775654791,
      2254.267775654793,
      2804.2677756547923,
      3054.2677756547914,
      2254.267775654793,
      2304.2677756547923,
      2354.2677756547932,
      2404.267775654792,
      6304.2677756547955,
      3254.2677756547923,
      2554.267775654792,
      2054.267775654793,
      2404.2677756547932,
      2154.267775654793,
      2504.2677756547923,
      3954.267775654791,
      3254.267775654791,
      3154.2677756547905,
      2454.267775654792,
      3054.2677756547914,
      3254.267775654791,
      1904.2677756547932,
      2654.267775654792,
      4054.267775654791,
      3854.267775654791,
      2104.2677756547937,
      2104.2677756547937,
      2504.267775654793,
      2304.267775654793,
      2604.267775654793,
      2354.2677756547923,
      3654.2677756547905,
      1754.2677756547935
    ],
    "mean_latency_ms": 3010.964204226221,
    "median_latency_ms": 2629.2677756547923,
    "cache_hit_rate": 0.8078152557319224,
    "cache_misses": 3487,
    "cache_evictions": 2523,
    "wasted_prefetches": 0,
    "total_prefetches": 0,
    "dedup_skipped": 0,
    "expert_demands": 18144,
    "expert_hits": 14657
  },
  "prefetched_by_K": {
    "6": {
      "per_token_latency": [
        1921.5687674256062,
        1771.5687674256058,
        2171.5687674256055,
        2171.5687674256046,
        1821.5687674256055,
        1821.5687674256055,
        2021.568767425606,
        1721.5687674256058,
        1971.5687674256062,
        1671.5687674256055,
        1621.5687674256055,
        1721.5687674256055,
        1671.5687674256055,
        2121.568767425606,
        1971.5687674256062,
        2021.568767425606,
        1621.5687674256055,
        1671.5687674256055,
        1721.5687674256055,
        1821.568767425606,
        1571.568767425605,
        1671.5687674256055,
        1721.5687674256055,
        1721.5687674256055,
        1971.568767425606,
        1821.5687674256055,
        2121.568767425606,
        1771.5687674256055,
        1621.5687674256055,
        1721.5687674256055,
        1621.5687674256055,
        1721.5687674256055,
        1471.5687674256053,
        1771.5687674256055,
        1521.5687674256053,
        1671.5687674256055,
        1721.5687674256055,
        1721.5687674256055,
        1721.5687674256055,
        1621.5687674256055,
        1621.5687674256055,
        1771.5687674256055,
        1721.5687674256055,
        1571.5687674256055,
        1971.568767425606,
        1821.5687674256055,
        1671.5687674256055,
        1771.5687674256058,
        1721.5687674256055,
        1871.5687674256055,
        1621.5687674256055,
        1771.5687674256055,
        1721.5687674256055,
        1771.5687674256055,
        1871.5687674256055,
        1621.5687674256055,
        1671.5687674256055,
        1721.5687674256055,
        1871.5687674256055,
        1721.5687674256058,
        1721.5687674256055,
        1821.568767425606,
        1871.568767425606,
        1671.5687674256055,
        1721.5687674256058,
        1521.5687674256053,
        1821.5687674256055,
        1871.5687674256055,
        1571.568767425605,
        1471.5687674256053,
        1771.5687674256055,
        1771.5687674256055,
        1721.5687674256055,
        2271.5687674256046,
        1871.5687674256055,
        1771.5687674256055,
        1771.5687674256055,
        1821.5687674256055,
        2021.5687674256055,
        1721.5687674256055,
        1621.5687674256055,
        1821.5687674256055,
        1721.5687674256055,
        1671.5687674256055,
        1471.5687674256053,
        1621.5687674256055,
        1671.5687674256055,
        2021.568767425606,
        1721.5687674256055,
        1621.5687674256055,
        1571.568767425605,
        1771.5687674256058,
        1821.5687674256055,
        1671.5687674256055,
        1721.5687674256055,
        1971.5687674256055,
        2021.5687674256055,
        1621.568767425605,
        2071.568767425606,
        2071.5687674256055,
        1521.568767425605,
        1921.5687674256055,
        1871.5687674256055,
        1921.5687674256055,
        1571.5687674256055,
        1921.568767425606,
        1921.568767425606,
        1521.5687674256053,
        1871.568767425606,
        1671.5687674256055,
        1721.5687674256058,
        1621.5687674256055
      ],
      "mean_latency_ms": 1768.8901959970337,
      "median_latency_ms": 1721.5687674256055,
      "cache_hit_rate": 0.9632936507936508,
      "cache_misses": 666,
      "cache_evictions": 5014,
      "wasted_prefetches": 1907,
      "total_prefetches": 5312,
      "dedup_skipped": 60122,
      "expert_demands": 18144,
      "expert_hits": 17478
    },