{
  "model": "deepseek_moe_16b",
  "gpu_memory_gb": 8.0,
  "cache_capacity": 29,
  "total_experts": 1792,
  "tokens": 112,
  "measured": {
    "predictor_ms": 0.4102874079167291,
    "layer_compute_ms": 15.916100750366846,
    "transfer_ms": 50.0
  },
  "baseline": {
    "per_token_latency": [
      8479.734720259908,
      8529.734720259907,
      8529.734720259907,
      8529.734720259907,
      8529.734720259907,
      8529.734720259907,
      8529.734720259907,
      8529.734720259907,
      8529.734720259907,
      8529.734720259907,
      8529.734720259907,
      8529.734720259907,
      8529.734720259907,
      8529.734720259907,
      8529.734720259907,
      8529.734720259907,
      8529.734720259907,
      8529.734720259907,
      8529.734720259907,
      8529.734720259907,
      8529.734720259907,
      8529.734720259907,
      8529.734720259907,
      8529.734720259907,
      8529.734720259907,
      8529.734720259907,
      8529.734720259907,
      8529.734720259907,
      8529.734720259907,
      8529.734720259907,
      8529.734720259907,
      8529.734720259907,
      8529.734720259907,
      8529.734720259907,
      8529.734720259907,
      8529.734720259907,
      8529.734720259907,
      8529.734720259907,
      8529.734720259907,
      8529.734720259907,
      8529.734720259907,
      8529.734720259907,
      8529.734720259907,
      8529.734720259907,
      8529.734720259907,
      8529.734720259907,
      8529.734720259907,
      8529.734720259907,
      8529.734720259907,
      8529.734720259907,
      8529.734720259907,
      8529.734720259907,
      8529.734720259907,
      8529.734720259907,
      8529.734720259907,
      8529.734720259907,
      8529.734720259907,
      8529.734720259907,
      8529.734720259907,
      8529.734720259907,
      8529.734720259907,
      8529.734720259907,
      8529.734720259907,
      8529.734720259907,
      8529.734720259907,
      8529.734720259907,
      8529.734720259907,
      8529.734720259907,
      8529.734720259907,
      8529.734720259907,
      8529.734720259907,
      8529.734720259907,
      8529.734720259907,
      8529.734720259907,
      8529.734720259907,
      8529.734720259907,
      8529.734720259907,
      8529.734720259907,
      8529.734720259907,
      8529.734720259907,
      8529.734720259907,
      8529.734720259907,
      8529.734720259907,
      8529.734720259907,
      8529.734720259907,
      8529.734720259907,
      8529.734720259907,
      8529.734720259907,
      8529.734720259907,
      8529.734720259907,
      8529.734720259907,
      8529.734720259907,
      8529.734720259907,
      8529.734720259907,
      8529.734720259907,
      8529.734720259907,
      8529.734720259907,
      8529.734720259907,
      8529.734720259907,
      8529.734720259907,
      8529.734720259907,
      8529.734720259907,
      8529.734720259907,
      8529.734720259907,
      8529.734720259907,
      8529.734720259907,
      8529.734720259907,
      8529.734720259907,
      8529.734720259907,
      8529.734720259907,
      8529.734720259907,
      8529.734720259907
    ],
    "mean_latency_ms": 8529.288291688477,
    "median_latency_ms": 8529.734720259907,
    "cache_hit_rate": 5.511463844797178e-05,
    "cache_misses": 18143,
    "cache_evictions": 18203,
    "wasted_prefetches": 0,
    "total_prefetches": 0,
    "dedup_skipped": 0,
    "expert_demands": 18144,
    "expert_hits": 1
  },
  "prefetched_by_K": {
    "6": {
      "per_token_latency": [
        8290.812480273664,
        8490.812480273664,
        8540.812480273664,
        8390.812480273664,
        8490.812480273664,
        8390.812480273664,
        8340.812480273664,
        8390.812480273664,
        8390.812480273664,
        8540.812480273664,
        8390.812480273664,
        8440.812480273664,
        8440.812480273664,
        8390.812480273664,
        8340.812480273664,
        8440.812480273664,
        8390.812480273664,
        8490.812480273664,
        8440.812480273664,
        8390.812480273664,
        8490.812480273664,
        8490.812480273664,
        8440.812480273664,
        8490.812480273664,
        8390.812480273664,
        8440.812480273664,
        8390.812480273664,
        8390.812480273664,
        8490.812480273664,
        8440.812480273664,
        8390.812480273664,
        8440.812480273664,
        8440.812480273664,
        8390.812480273664,
        8440.812480273664,
        8390.812480273664,
        8490.812480273664,
        8440.812480273664,
        8440.812480273664,
        8440.812480273664,
        8540.812480273664,
        8340.812480273664,
        8340.812480273664,
        8390.812480273664,
        8340.812480273664,
        8390.812480273664,
        8390.812480273664,
        8440.812480273664,
        8340.812480273664,
        8440.812480273664,
        8440.812480273664,
        8340.812480273664,
        8540.812480273664,
        8340.812480273664,
        8340.812480273664,
        8340.812480273664,
        8340.812480273664,
        8390.812480273664,
        8440.812480273664,
        8440.812480273664,
        8490.812480273664,
        8390.812480273664,
        8490.812480273664,
        8390.812480273664,
        8390.812480273664,
        8390.812480273664,
        8390.812480273664,
        8390.812480273664,
        8440.812480273664,
        8390.812480273664,
        8340.812480273664,
        8340.812480273664,
        8440.812480273664,
        8540.812480273664,
        8440.812480273664,
        8390.812480273664,
        8440.812480273664,
        8390.812480273664,
        8340.812480273664,
        8440.812480273664,
        8540.812480273664,
        8390.812480273664,
        8490.812480273664,
        8440.812480273664,
        8440.812480273664,
        8390.812480273664,
        8440.812480273664,
        8390.812480273664,
        8490.812480273664,
        8490.812480273664,
        8390.812480273664,
        8490.812480273664,
        8490.812480273664,
        8440.812480273664,
        8440.812480273664,
        8490.812480273664,
        8490.812480273664,
        8490.812480273664,
        8340.812480273664,
        8440.812480273664,
        8440.812480273664,
        8390.812480273664,
        8340.812480273664,
        8490.812480273664,
        8440.812480273664,
        8440.812480273664,
        8390.812480273664,
        8440.812480273664,
        8490.812480273664,
        8390.812480273664,
        8440.812480273664,
        8390.812480273664
      ],
      "mean_latency_ms": 8423.848194559376,
      "median_latency_ms": 8440.812480273664,
      "cache_hit_rate": 0.014440035273368606,
      "cache_misses": 17882,
      "cache_evictions": 33395,
      "wasted_prefetches": 2890,
      "total_prefetches": 15453,
      "dedup_skipped": 3,
      "expert_demands": 18144,
      "expert_hits": 262
    },