{
  "model": "deepseek_moe_16b",
  "gpu_memory_gb": 4.0,
  "cache_capacity": 4,
  "total_experts": 1792,
  "tokens": 120,
  "measured": {
    "predictor_ms": 0.4076337783631903,
    "layer_compute_ms": 15.50881897188999,
    "transfer_ms": 50.0
  },
  "baseline": {
    "per_token_latency": [
      8518.73811224103,
      8518.73811224103,
      8518.73811224103,
      8518.73811224103,
      8518.73811224103,
      8518.73811224103,
      8518.73811224103,
      8518.73811224103,
      8518.73811224103,
      8518.73811224103,
      8518.73811224103,
      8518.73811224103,
      8518.73811224103,
      8518.73811224103,
      8518.73811224103,
      8518.73811224103,
      8518.73811224103,
      8518.73811224103,
      8518.73811224103,
      8518.73811224103,
      8518.73811224103,
      8518.73811224103,
      8518.73811224103,
      8518.73811224103,
      8518.73811224103,
      8518.73811224103,
      8518.73811224103,
      8518.73811224103,
      8518.73811224103,
      8518.73811224103,
      8518.73811224103,
      8518.73811224103,
      8518.73811224103,
      8518.73811224103,
      8518.73811224103,
      8518.73811224103,
      8518.73811224103,
      8518.73811224103,
      8518.73811224103,
      8518.73811224103,
      8518.73811224103,
      8518.73811224103,
      8518.73811224103,
      8518.73811224103,
      8518.73811224103,
      8518.73811224103,
      8518.73811224103,
      8518.73811224103,
      8518.73811224103,
      8518.73811224103,
      8518.73811224103,
      8518.73811224103,
      8518.73811224103,
      8518.73811224103,
      8518.73811224103,
      8518.73811224103,
      8518.73811224103,
      8518.73811224103,
      8518.73811224103,
      8518.73811224103,
      8518.73811224103,
      8518.73811224103,
      8518.73811224103,
      8518.73811224103,
      8518.73811224103,
      8518.73811224103,
      8518.73811224103,
      8518.73811224103,
      8518.73811224103,
      8518.73811224103,
      8518.73811224103,
      8518.73811224103,
      8518.73811224103,
      8518.73811224103,
      8518.73811224103,
      8518.73811224103,
      8518.73811224103,
      8518.73811224103,
      8518.73811224103,
      8518.73811224103,
      8518.73811224103,
      8518.73811224103,
      8518.73811224103,
      8518.73811224103,
      8518.73811224103,
      8518.73811224103,
      8518.73811224103,
      8518.73811224103,
      8518.73811224103,
      8518.73811224103,
      8518.73811224103,
      8518.73811224103,
      8518.73811224103,
      8518.73811224103,
      8518.73811224103,
      8518.73811224103,
      8518.73811224103,
      8518.73811224103,
      8518.73811224103,
      8518.73811224103,
      8518.73811224103,
      8518.73811224103,
      8518.73811224103,
      8518.73811224103,
      8518.73811224103,
      8518.73811224103,
      8518.73811224103,
      8518.73811224103,
      8518.73811224103,
      8518.73811224103,
      8518.73811224103,
      8518.73811224103,
      8518.73811224103,
      8518.73811224103,
      8518.73811224103,
      8518.73811224103,
      8518.73811224103,
      8518.73811224103,
      8518.73811224103,
      8518.73811224103
    ],
    "mean_latency_ms": 8518.73811224103,
    "median_latency_ms": 8518.73811224103,
    "cache_hit_rate": 0.0,
    "cache_misses": 19440,
    "cache_evictions": 19525,
    "wasted_prefetches": 0,
    "total_prefetches": 0,
    "dedup_skipped": 0,
    "expert_demands": 19440,
    "expert_hits": 0
  },
  "prefetched_by_K": {
    "6": {
      "per_token_latency": [
        8529.74422425684,
        8529.74422425684,
        8529.74422425684,
        8529.74422425684,
        8529.74422425684,
        8529.74422425684,
        8529.74422425684,
        8529.74422425684,
        8529.74422425684,
        8529.74422425684,
        8529.74422425684,
        8529.74422425684,
        8529.74422425684,
        8529.74422425684,
        8529.74422425684,
        8529.74422425684,
        8529.74422425684,
        8529.74422425684,
        8529.74422425684,
        8529.74422425684,
        8529.74422425684,
        8529.74422425684,
        8529.74422425684,
        8529.74422425684,
        8529.74422425684,
        8529.74422425684,
        8529.74422425684,
        8529.74422425684,
        8529.74422425684,
        8529.74422425684,
        8529.74422425684,
        8529.74422425684,
        8529.74422425684,
        8529.74422425684,
        8529.74422425684,
        8529.74422425684,
        8529.74422425684,
        8529.74422425684,
        8529.74422425684,
        8529.74422425684,
        8529.74422425684,
        8529.74422425684,
        8529.74422425684,
        8529.74422425684,
        8529.74422425684,
        8529.74422425684,
        8529.74422425684,
        8529.74422425684,
        8529.74422425684,
        8529.74422425684,
        8529.74422425684,
        8529.74422425684,
        8529.74422425684,
        8529.74422425684,
        8529.74422425684,
        8529.74422425684,
        8529.74422425684,
        8529.74422425684,
        8529.74422425684,
        8529.74422425684,
        8529.74422425684,
        8529.74422425684,
        8529.74422425684,
        8529.74422425684,
        8529.74422425684,
        8529.74422425684,
        8529.74422425684,
        8529.74422425684,
        8529.74422425684,
        8529.74422425684,
        8529.74422425684,
        8529.74422425684,
        8529.74422425684,
        8529.74422425684,
        8529.74422425684,
        8529.74422425684,
        8529.74422425684,
        8529.74422425684,
        8529.74422425684,
        8529.74422425684,
        8529.74422425684,
        8529.74422425684,
        8529.74422425684,
        8529.74422425684,
        8529.74422425684,
        8529.74422425684,
        8529.74422425684,
        8529.74422425684,
        8529.74422425684,
        8529.74422425684,
        8529.74422425684,
        8529.74422425684,
        8529.74422425684,
        8529.74422425684,
        8529.74422425684,
        8529.74422425684,
        8529.74422425684,
        8529.74422425684,
        8529.74422425684,
        8529.74422425684,
        8529.74422425684,
        8529.74422425684,
        8529.74422425684,
        8529.74422425684,
        8529.74422425684,
        8529.74422425684,
        8529.74422425684,
        8529.74422425684,
        8529.74422425684,
        8529.74422425684,
        8529.74422425684,
        8529.74422425684,
        8529.74422425684,
        8529.74422425684,
        8529.74422425684,
        8529.74422425684,
        8529.74422425684,
        8529.74422425684,
        8529.74422425684,
        8529.74422425684
      ],
      "mean_latency_ms": 8529.744224256838,
      "median_latency_ms": 8529.74422425684,
      "cache_hit_rate": 0.0,
      "cache_misses": 19440,
      "cache_evictions": 36084,
      "wasted_prefetches": 3550,
      "total_prefetches": 16559,
      "dedup_skipped": 1,
      "expert_demands": 19440,
      "expert_hits": 0
    },