{
  "model": "mixtral_8x7b",
  "gpu_memory_gb": 32.0,
  "cache_capacity": 256,
  "total_experts": 256,
  "tokens": 123,
  "measured": {
    "predictor_ms": 0.5351059940076084,
    "layer_compute_ms": 18.61379998549819,
    "transfer_ms": 50.0
  },
  "baseline": {
    "per_token_latency": [
      3595.641599535942,
      2995.641599535942,
      2045.641599535942,
      1795.641599535942,
      1445.641599535942,
      1095.641599535942,
      1345.641599535942,
      945.6415995359421,
      895.6415995359421,
      895.6415995359421,
      945.6415995359421,
      945.6415995359421,
      645.6415995359421,
      645.6415995359421,
      745.6415995359421,
      645.6415995359421,
      595.6415995359421,
      695.6415995359421,
      595.6415995359421,
      595.6415995359421,
      595.6415995359421,
      595.6415995359421,
      595.6415995359421,
      595.6415995359421,
      595.6415995359421,
      595.6415995359421,
      595.6415995359421,
      595.6415995359421,
      595.6415995359421,
      595.6415995359421,
      595.6415995359421,
      595.6415995359421,
      595.6415995359421,
      595.6415995359421,
      595.6415995359421,
      595.6415995359421,
      595.6415995359421,
      595.6415995359421,
      595.6415995359421,
      595.6415995359421,
      595.6415995359421,
      595.6415995359421,
      595.6415995359421,
      595.6415995359421,
      595.6415995359421,
      595.6415995359421,
      595.6415995359421,
      595.6415995359421,
      595.6415995359421,
      595.6415995359421,
      595.6415995359421,
      595.6415995359421,
      595.6415995359421,
      595.6415995359421,
      595.6415995359421,
      595.6415995359421,
      595.6415995359421,
      595.6415995359421,
      595.6415995359421,
      595.6415995359421,
      595.6415995359421,
      595.6415995359421,
      595.6415995359421,
      595.6415995359421,
      595.6415995359421,
      595.6415995359421,
      595.6415995359421,
      595.6415995359421,
      595.6415995359421,
      595.6415995359421,
      595.6415995359421,
      595.6415995359421,
      595.6415995359421,
      595.6415995359421,
      595.6415995359421,
      595.6415995359421,
      595.6415995359421,
      595.6415995359421,
      595.6415995359421,
      595.6415995359421,
      595.6415995359421,
      595.6415995359421,
      595.6415995359421,
      595.6415995359421,
      595.6415995359421,
      595.6415995359421,
      595.6415995359421,
      595.6415995359421,
      595.6415995359421,
      595.6415995359421,
      595.6415995359421,
      595.6415995359421,
      595.6415995359421,
      595.6415995359421,
      595.6415995359421,
      595.6415995359421,
      595.6415995359421,
      595.6415995359421,
      595.6415995359421,
      595.6415995359421,
      595.6415995359421,
      595.6415995359421,
      595.6415995359421,
      595.6415995359421,
      595.6415995359421,
      595.6415995359421,
      595.6415995359421,
      595.6415995359421,
      595.6415995359421,
      595.6415995359421,
      595.6415995359421,
      595.6415995359421,
      595.6415995359421,
      595.6415995359421,
      595.6415995359421,
      595.6415995359421,
      595.6415995359421,
      595.6415995359421,
      595.6415995359421,
      595.6415995359421,
      595.6415995359421,
      595.6415995359421,
      595.6415995359421
    ],
    "mean_latency_ms": 694.8285914058607,
    "median_latency_ms": 595.6415995359421,
    "cache_hit_rate": 0.9690040650406504,
    "cache_misses": 244,
    "cache_evictions": 0,
    "wasted_prefetches": 0,
    "total_prefetches": 0,
    "dedup_skipped": 0,
    "expert_demands": 7872,
    "expert_hits": 7628
  },
  "prefetched_by_K": {
    "2": {
      "per_token_latency": [
        812.7649913441855,
        862.7649913441855,
        962.7649913441855,
        812.7649913441855,
        762.7649913441855,
        662.7649913441855,
        862.7649913441855,
        662.7649913441855,
        712.7649913441855,
        712.7649913441855,
        612.7649913441855,
        662.7649913441855,
        612.7649913441855,
        612.7649913441855,
        612.7649913441855,
        662.7649913441855,
        612.7649913441855,
        612.7649913441855,
        612.7649913441855,
        612.7649913441855,
        612.7649913441855,
        612.7649913441855,
        612.7649913441855,
        612.7649913441855,
        612.7649913441855,
        612.7649913441855,
        612.7649913441855,
        612.7649913441855,
        612.7649913441855,
        612.7649913441855,
        612.7649913441855,
        612.7649913441855,
        612.7649913441855,
        612.7649913441855,
        612.7649913441855,
        612.7649913441855,
        612.7649913441855,
        612.7649913441855,
        612.7649913441855,
        612.7649913441855,
        612.7649913441855,
        612.7649913441855,
        612.7649913441855,
        612.7649913441855,
        612.7649913441855,
        612.7649913441855,
        612.7649913441855,
        612.7649913441855,
        612.7649913441855,
        612.7649913441855,
        612.7649913441855,
        612.7649913441855,
        612.7649913441855,
        612.7649913441855,
        612.7649913441855,
        612.7649913441855,
        612.7649913441855,
        612.7649913441855,
        612.7649913441855,
        612.7649913441855,
        612.7649913441855,
        612.7649913441855,
        612.7649913441855,
        612.7649913441855,
        612.7649913441855,
        612.7649913441855,
        612.7649913441855,
        612.7649913441855,
        612.7649913441855,
        612.7649913441855,
        612.7649913441855,
        612.7649913441855,
        612.7649913441855,
        612.7649913441855,
        612.7649913441855,
        612.7649913441855,
        612.7649913441855,
        612.7649913441855,
        612.7649913441855,
        612.7649913441855,
        612.7649913441855,
        612.7649913441855,
        612.7649913441855,
        612.7649913441855,
        612.7649913441855,
        612.7649913441855,
        612.7649913441855,
        612.7649913441855,
        612.7649913441855,
        612.7649913441855,
        612.7649913441855,
        612.7649913441855,
        612.7649913441855,
        612.7649913441855,
        612.7649913441855,
        612.7649913441855,
        612.7649913441855,
        612.7649913441855,
        612.7649913441855,
        612.7649913441855,
        612.7649913441855,
        612.7649913441855,
        612.7649913441855,
        612.7649913441855,
        612.7649913441855,
        612.7649913441855,
        612.7649913441855,
        612.7649913441855,
        612.7649913441855,
        612.7649913441855,
        612.7649913441855,
        612.7649913441855,
        612.7649913441855,
        612.7649913441855,
        612.7649913441855,
        612.7649913441855,
        612.7649913441855,
        612.7649913441855,
        612.7649913441855,
        612.7649913441855,
        612.7649913441855,
        612.7649913441855,
        612.7649913441855
      ],
      "mean_latency_ms": 627.399137685649,
      "median_latency_ms": 612.7649913441855,
      "cache_hit_rate": 0.9954268292682927,
      "cache_misses": 36,
      "cache_evictions": 0,
      "wasted_prefetches": 23,
      "total_prefetches": 208,
      "dedup_skipped": 13814,
      "expert_demands": 7872,
      "expert_hits": 7836
    },