{
  "model": "mixtral_8x7b",
  "gpu_memory_gb": 4.0,
  "cache_capacity": 17,
  "total_experts": 256,
  "tokens": 114,
  "measured": {
    "predictor_ms": 0.5555399935110472,
    "layer_compute_ms": 15.480034986510873,
    "transfer_ms": 50.0
  },
  "baseline": {
    "per_token_latency": [
      3595.361119568348,
      3695.361119568348,
      3695.361119568348,
      3695.361119568348,
      3695.361119568348,
      3695.361119568348,
      3695.361119568348,
      3695.361119568348,
      3695.361119568348,
      3695.361119568348,
      3695.361119568348,
      3695.361119568348,
      3695.361119568348,
      3695.361119568348,
      3695.361119568348,
      3695.361119568348,
      3695.361119568348,
      3695.361119568348,
      3695.361119568348,
      3695.361119568348,
      3695.361119568348,
      3695.361119568348,
      3695.361119568348,
      3695.361119568348,
      3695.361119568348,
      3695.361119568348,
      3695.361119568348,
      3695.361119568348,
      3695.361119568348,
      3695.361119568348,
      3695.361119568348,
      3695.361119568348,
      3695.361119568348,
      3695.361119568348,
      3695.361119568348,
      3695.361119568348,
      3695.361119568348,
      3695.361119568348,
      3695.361119568348,
      3695.361119568348,
      3695.361119568348,
      3695.361119568348,
      3695.361119568348,
      3695.361119568348,
      3695.361119568348,
      3695.361119568348,
      3695.361119568348,
      3695.361119568348,
      3695.361119568348,
      3695.361119568348,
      3695.361119568348,
      3695.361119568348,
      3695.361119568348,
      3695.361119568348,
      3695.361119568348,
      3695.361119568348,
      3695.361119568348,
      3695.361119568348,
      3695.361119568348,
      3695.361119568348,
      3695.361119568348,
      3695.361119568348,
      3695.361119568348,
      3695.361119568348,
      3695.361119568348,
      3695.361119568348,
      3695.361119568348,
      3695.361119568348,
      3695.361119568348,
      3695.361119568348,
      3695.361119568348,
      3695.361119568348,
      3695.361119568348,
      3695.361119568348,
      3695.361119568348,
      3695.361119568348,
      3695.361119568348,
      3695.361119568348,
      3695.361119568348,
      3695.361119568348,
      3695.361119568348,
      3695.361119568348,
      3695.361119568348,
      3695.361119568348,
      3695.361119568348,
      3695.361119568348,
      3695.361119568348,
      3695.361119568348,
      3695.361119568348,
      3695.361119568348,
      3695.361119568348,
      3695.361119568348,
      3695.361119568348,
      3695.361119568348,
      3695.361119568348,
      3695.361119568348,
      3695.361119568348,
      3695.361119568348,
      3695.361119568348,
      3695.361119568348,
      3695.361119568348,
      3695.361119568348,
      3695.361119568348,
      3695.361119568348,
      3695.361119568348,
      3695.361119568348,
      3695.361119568348,
      3695.361119568348,
      3695.361119568348,
      3695.361119568348,
      3695.361119568348,
      3695.361119568348,
      3695.361119568348,
      3695.361119568348
    ],
    "mean_latency_ms": 3694.483926585892,
    "median_latency_ms": 3695.361119568348,
    "cache_hit_rate": 0.00027412280701754384,
    "cache_misses": 7294,
    "cache_evictions": 7289,
    "wasted_prefetches": 0,
    "total_prefetches": 0,
    "dedup_skipped": 0,
    "expert_demands": 7296,
    "expert_hits": 2
  },
  "prefetched_by_K": {
    "2": {
      "per_token_latency": [
        2513.1383993607014,
        3063.1383993607014,
        2963.1383993607014,
        2963.1383993607014,
        3113.1383993607014,
        3263.1383993607014,
        3113.1383993607014,
        3013.1383993607014,
        3363.1383993607014,
        3063.1383993607014,
        3163.1383993607014,
        3063.1383993607014,
        3263.1383993607014,
        3163.1383993607014,
        3163.1383993607014,
        3163.1383993607014,
        3063.1383993607014,
        3013.1383993607014,
        3113.1383993607014,
        3013.1383993607014,
        3113.1383993607014,
        3113.1383993607014,
        3213.1383993607014,
        3163.1383993607014,
        3013.1383993607014,
        3363.1383993607014,
        3163.1383993607014,
        3363.1383993607014,
        3213.1383993607014,
        3163.1383993607014,
        3163.1383993607014,
        3263.1383993607014,
        3013.1383993607014,
        3263.1383993607014,
        3063.1383993607014,
        3113.1383993607014,
        3163.1383993607014,
        3063.1383993607014,
        3163.1383993607014,
        2863.1383993607014,
        3213.1383993607014,
        3213.1383993607014,
        3313.1383993607014,
        3263.1383993607014,
        3113.1383993607014,
        3263.1383993607014,
        3063.1383993607014,
        3213.1383993607014,
        3263.1383993607014,
        3113.1383993607014,
        3213.1383993607014,
        3013.1383993607014,
        3263.1383993607014,
        3263.1383993607014,
        3263.1383993607014,
        3163.1383993607014,
        3163.1383993607014,
        3313.1383993607014,
        3063.1383993607014,
        3013.1383993607014,
        3363.1383993607014,
        3163.1383993607014,
        3213.1383993607014,
        3163.1383993607014,
        3113.1383993607014,
        3213.1383993607014,
        3013.1383993607014,
        3113.1383993607014,
        3163.1383993607014,
        3163.1383993607014,
        3113.1383993607014,
        3313.1383993607014,
        3163.1383993607014,
        3163.1383993607014,
        3113.1383993607014,
        3013.1383993607014,
        3163.1383993607014,
        3063.1383993607014,
        3113.1383993607014,
        3163.1383993607014,
        3313.1383993607014,
        3063.1383993607014,
        3113.1383993607014,
        3213.1383993607014,
        3213.1383993607014,
        3163.1383993607014,
        3213.1383993607014,
        3113.1383993607014,
        3213.1383993607014,
        3013.1383993607014,
        3363.1383993607014,
        3163.1383993607014,
        3063.1383993607014,
        3063.1383993607014,
        3163.1383993607014,
        3113.1383993607014,
        3163.1383993607014,
        3263.1383993607014,
        3013.1383993607014,
        3113.1383993607014,
        2963.1383993607014,
        3013.1383993607014,
        3013.1383993607014,
        3013.1383993607014,
        2963.1383993607014,
        2963.1383993607014,
        3263.1383993607014,
        2863.1383993607014,
        3013.1383993607014,
        3063.1383993607014,
        3063.1383993607014,
        3213.1383993607014,
        3163.1383993607014,
        3113.1383993607014
      ],
      "mean_latency_ms": 3133.752434448421,
      "median_latency_ms": 3163.1383993607014,
      "cache_hit_rate": 0.18105811403508773,
      "cache_misses": 5975,
      "cache_evictions": 12354,
      "wasted_prefetches": 931,
      "total_prefetches": 6384,
      "dedup_skipped": 0,
      "expert_demands": 7296,
      "expert_hits": 1321
    },