{
  "model": "mixtral_8x7b",
  "gpu_memory_gb": 8.0,
  "cache_capacity": 23,
  "total_experts": 256,
  "tokens": 123,
  "measured": {
    "predictor_ms": 0.3962940005294513,
    "layer_compute_ms": 4.435141001129523,
    "transfer_ms": 50.0
  },
  "baseline": {
    "per_token_latency": [
      3191.9245120361447,
      3341.9245120361447,
      3341.9245120361447,
      3341.9245120361447,
      3341.9245120361447,
      3341.9245120361447,
      3341.9245120361447,
      3341.9245120361447,
      3341.9245120361447,
      3341.9245120361447,
      3341.9245120361447,
      3341.9245120361447,
      3341.9245120361447,
      3341.9245120361447,
      3341.9245120361447,
      3341.9245120361447,
      3341.9245120361447,
      3341.9245120361447,
      3341.9245120361447,
      3341.9245120361447,
      3341.9245120361447,
      3341.9245120361447,
      3341.9245120361447,
      3341.9245120361447,
      3341.9245120361447,
      3341.9245120361447,
      3341.9245120361447,
      3341.9245120361447,
      3341.9245120361447,
      3341.9245120361447,
      3341.9245120361447,
      3341.9245120361447,
      3341.9245120361447,
      3341.9245120361447,
      3341.9245120361447,
      3341.9245120361447,
      3341.9245120361447,
      3341.9245120361447,
      3341.9245120361447,
      3341.9245120361447,
      3341.9245120361447,
      3341.9245120361447,
      3341.9245120361447,
      3341.9245120361447,
      3341.9245120361447,
      3341.9245120361447,
      3341.9245120361447,
      3341.9245120361447,
      3341.9245120361447,
      3341.9245120361447,
      3341.9245120361447,
      3341.9245120361447,
      3341.9245120361447,
      3341.9245120361447,
      3341.9245120361447,
      3341.9245120361447,
      3341.9245120361447,
      3341.9245120361447,
      3341.9245120361447,
      3341.9245120361447,
      3341.9245120361447,
      3341.9245120361447,
      3341.9245120361447,
      3341.9245120361447,
      3341.9245120361447,
      3341.9245120361447,
      3341.9245120361447,
      3341.9245120361447,
      3341.9245120361447,
      3341.9245120361447,
      3341.9245120361447,
      3341.9245120361447,
      3341.9245120361447,
      3341.9245120361447,
      3341.9245120361447,
      3341.9245120361447,
      3341.9245120361447,
      3341.9245120361447,
      3341.9245120361447,
      3341.9245120361447,
      3341.9245120361447,
      3341.9245120361447,
      3341.9245120361447,
      3341.9245120361447,
      3341.9245120361447,
      3341.9245120361447,
      3341.9245120361447,
      3341.9245120361447,
      3341.9245120361447,
      3341.9245120361447,
      3341.9245120361447,
      3341.9245120361447,
      3341.9245120361447,
      3341.9245120361447,
      3341.9245120361447,
      3341.9245120361447,
      3341.9245120361447,
      3341.9245120361447,
      3341.9245120361447,
      3341.9245120361447,
      3341.9245120361447,
      3341.9245120361447,
      3341.9245120361447,
      3341.9245120361447,
      3341.9245120361447,
      3341.9245120361447,
      3341.9245120361447,
      3341.9245120361447,
      3341.9245120361447,
      3341.9245120361447,
      3341.9245120361447,
      3341.9245120361447,
      3341.9245120361447,
      3341.9245120361447,
      3341.9245120361447,
      3341.9245120361447,
      3341.9245120361447,
      3341.9245120361447,
      3341.9245120361447,
      3341.9245120361447,
      3341.9245120361447,
      3341.9245120361447,
      3341.9245120361447
    ],
    "mean_latency_ms": 3340.704999841023,
    "median_latency_ms": 3341.9245120361447,
    "cache_hit_rate": 0.00038109756097560977,
    "cache_misses": 7869,
    "cache_evictions": 7858,
    "wasted_prefetches": 0,
    "total_prefetches": 0,
    "dedup_skipped": 0,
    "expert_demands": 7872,
    "expert_hits": 3
  },
  "prefetched_by_K": {
    "2": {
      "per_token_latency": [
        3204.605920053087,
        3354.605920053087,
        3354.605920053087,
        3354.605920053087,
        3354.605920053087,
        3354.605920053087,
        3354.605920053087,
        3354.605920053087,
        3354.605920053087,
        3354.605920053087,
        3354.605920053087,
        3354.605920053087,
        3354.605920053087,
        3354.605920053087,
        3354.605920053087,
        3354.605920053087,
        3354.605920053087,
        3354.605920053087,
        3354.605920053087,
        3354.605920053087,
        3354.605920053087,
        3354.605920053087,
        3354.605920053087,
        3354.605920053087,
        3354.605920053087,
        3354.605920053087,
        3354.605920053087,
        3354.605920053087,
        3354.605920053087,
        3354.605920053087,
        3354.605920053087,
        3354.605920053087,
        3354.605920053087,
        3354.605920053087,
        3354.605920053087,
        3354.605920053087,
        3354.605920053087,
        3354.605920053087,
        3354.605920053087,
        3354.605920053087,
        3354.605920053087,
        3354.605920053087,
        3354.605920053087,
        3354.605920053087,
        3354.605920053087,
        3354.605920053087,
        3354.605920053087,
        3354.605920053087,
        3354.605920053087,
        3354.605920053087,
        3354.605920053087,
        3354.605920053087,
        3354.605920053087,
        3354.605920053087,
        3354.605920053087,
        3354.605920053087,
        3354.605920053087,
        3354.605920053087,
        3354.605920053087,
        3354.605920053087,
        3354.605920053087,
        3354.605920053087,
        3354.605920053087,
        3354.605920053087,
        3354.605920053087,
        3354.605920053087,
        3354.605920053087,
        3354.605920053087,
        3354.605920053087,
        3354.605920053087,
        3354.605920053087,
        3354.605920053087,
        3354.605920053087,
        3354.605920053087,
        3354.605920053087,
        3354.605920053087,
        3354.605920053087,
        3354.605920053087,
        3354.605920053087,
        3354.605920053087,
        3354.605920053087,
        3354.605920053087,
        3354.605920053087,
        3354.605920053087,
        3354.605920053087,
        3354.605920053087,
        3354.605920053087,
        3354.605920053087,
        3354.605920053087,
        3354.605920053087,
        3354.605920053087,
        3354.605920053087,
        3354.605920053087,
        3354.605920053087,
        3354.605920053087,
        3354.605920053087,
        3354.605920053087,
        3354.605920053087,
        3354.605920053087,
        3354.605920053087,
        3354.605920053087,
        3354.605920053087,
        3354.605920053087,
        3354.605920053087,
        3354.605920053087,
        3354.605920053087,
        3354.605920053087,
        3354.605920053087,
        3354.605920053087,
        3354.605920053087,
        3354.605920053087,
        3354.605920053087,
        3354.605920053087,
        3354.605920053087,
        3354.605920053087,
        3354.605920053087,
        3354.605920053087,
        3354.605920053087,
        3354.605920053087,
        3354.605920053087,
        3354.605920053087,
        3354.605920053087,
        3354.605920053087
      ],
      "mean_latency_ms": 3353.3864078579654,
      "median_latency_ms": 3354.605920053087,
      "cache_hit_rate": 0.00038109756097560977,
      "cache_misses": 7869,
      "cache_evictions": 7858,
      "wasted_prefetches": 0,
      "total_prefetches": 0,
      "dedup_skipped": 0,
      "expert_demands": 7872,
      "expert_hits": 3
    },