{
  "model": "mixtral_8x7b",
  "gpu_memory_gb": 4.0,
  "cache_capacity": 11,
  "total_experts": 256,
  "tokens": 123,
  "measured": {
    "predictor_ms": 0.4035790009365883,
    "layer_compute_ms": 4.488026992650703,
    "transfer_ms": 50.0
  },
  "baseline": {
    "per_token_latency": [
      3243.6168637648225,
      3343.6168637648225,
      3343.6168637648225,
      3343.6168637648225,
      3343.6168637648225,
      3343.6168637648225,
      3343.6168637648225,
      3343.6168637648225,
      3343.6168637648225,
      3343.6168637648225,
      3343.6168637648225,
      3343.6168637648225,
      3343.6168637648225,
      3343.6168637648225,
      3343.6168637648225,
      3343.6168637648225,
      3343.6168637648225,
      3343.6168637648225,
      3343.6168637648225,
      3343.6168637648225,
      3343.6168637648225,
      3343.6168637648225,
      3343.6168637648225,
      3343.6168637648225,
      3343.6168637648225,
      3343.6168637648225,
      3343.6168637648225,
      3343.6168637648225,
      3343.6168637648225,
      3343.6168637648225,
      3343.6168637648225,
      3343.6168637648225,
      3343.6168637648225,
      3343.6168637648225,
      3343.6168637648225,
      3343.6168637648225,
      3343.6168637648225,
      3343.6168637648225,
      3343.6168637648225,
      3343.6168637648225,
      3343.6168637648225,
      3343.6168637648225,
      3343.6168637648225,
      3343.6168637648225,
      3343.6168637648225,
      3343.6168637648225,
      3343.6168637648225,
      3343.6168637648225,
      3343.6168637648225,
      3343.6168637648225,
      3343.6168637648225,
      3343.6168637648225,
      3343.6168637648225,
      3343.6168637648225,
      3343.6168637648225,
      3343.6168637648225,
      3343.6168637648225,
      3343.6168637648225,
      3343.6168637648225,
      3343.6168637648225,
      3343.6168637648225,
      3343.6168637648225,
      3343.6168637648225,
      3343.6168637648225,
      3343.6168637648225,
      3343.6168637648225,
      3343.6168637648225,
      3343.6168637648225,
      3343.6168637648225,
      3343.6168637648225,
      3343.6168637648225,
      3343.6168637648225,
      3343.6168637648225,
      3343.6168637648225,
      3343.6168637648225,
      3343.6168637648225,
      3343.6168637648225,
      3343.6168637648225,
      3343.6168637648225,
      3343.6168637648225,
      3343.6168637648225,
      3343.6168637648225,
      3343.6168637648225,
      3343.6168637648225,
      3343.6168637648225,
      3343.6168637648225,
      3343.6168637648225,
      3343.6168637648225,
      3343.6168637648225,
      3343.6168637648225,
      3343.6168637648225,
      3343.6168637648225,
      3343.6168637648225,
      3343.6168637648225,
      3343.6168637648225,
      3343.6168637648225,
      3343.6168637648225,
      3343.6168637648225,
      3343.6168637648225,
      3343.6168637648225,
      3343.6168637648225,
      3343.6168637648225,
      3343.6168637648225,
      3343.6168637648225,
      3343.6168637648225,
      3343.6168637648225,
      3343.6168637648225,
      3343.6168637648225,
      3343.6168637648225,
      3343.6168637648225,
      3343.6168637648225,
      3343.6168637648225,
      3343.6168637648225,
      3343.6168637648225,
      3343.6168637648225,
      3343.6168637648225,
      3343.6168637648225,
      3343.6168637648225,
      3343.6168637648225,
      3343.6168637648225,
      3343.6168637648225,
      3343.6168637648225,
      3343.6168637648225
    ],
    "mean_latency_ms": 3342.803855634741,
    "median_latency_ms": 3343.6168637648225,
    "cache_hit_rate": 0.00025406504065040653,
    "cache_misses": 7870,
    "cache_evictions": 7871,
    "wasted_prefetches": 0,
    "total_prefetches": 0,
    "dedup_skipped": 0,
    "expert_demands": 7872,
    "expert_hits": 2
  },
  "prefetched_by_K": {
    "2": {
      "per_token_latency": [
        3256.5313917947933,
        3356.5313917947933,
        3356.5313917947933,
        3356.5313917947933,
        3356.5313917947933,
        3356.5313917947933,
        3356.5313917947933,
        3356.5313917947933,
        3356.5313917947933,
        3356.5313917947933,
        3356.5313917947933,
        3356.5313917947933,
        3356.5313917947933,
        3356.5313917947933,
        3356.5313917947933,
        3356.5313917947933,
        3356.5313917947933,
        3356.5313917947933,
        3356.5313917947933,
        3356.5313917947933,
        3356.5313917947933,
        3356.5313917947933,
        3356.5313917947933,
        3356.5313917947933,
        3356.5313917947933,
        3356.5313917947933,
        3356.5313917947933,
        3356.5313917947933,
        3356.5313917947933,
        3356.5313917947933,
        3356.5313917947933,
        3356.5313917947933,
        3356.5313917947933,
        3356.5313917947933,
        3356.5313917947933,
        3356.5313917947933,
        3356.5313917947933,
        3356.5313917947933,
        3356.5313917947933,
        3356.5313917947933,
        3356.5313917947933,
        3356.5313917947933,
        3356.5313917947933,
        3356.5313917947933,
        3356.5313917947933,
        3356.5313917947933,
        3356.5313917947933,
        3356.5313917947933,
        3356.5313917947933,
        3356.5313917947933,
        3356.5313917947933,
        3356.5313917947933,
        3356.5313917947933,
        3356.5313917947933,
        3356.5313917947933,
        3356.5313917947933,
        3356.5313917947933,
        3356.5313917947933,
        3356.5313917947933,
        3356.5313917947933,
        3356.5313917947933,
        3356.5313917947933,
        3356.5313917947933,
        3356.5313917947933,
        3356.5313917947933,
        3356.5313917947933,
        3356.5313917947933,
        3356.5313917947933,
        3356.5313917947933,
        3356.5313917947933,
        3356.5313917947933,
        3356.5313917947933,
        3356.5313917947933,
        3356.5313917947933,
        3356.5313917947933,
        3356.5313917947933,
        3356.5313917947933,
        3356.5313917947933,
        3356.5313917947933,
        3356.5313917947933,
        3356.5313917947933,
        3356.5313917947933,
        3356.5313917947933,
        3356.5313917947933,
        3356.5313917947933,
        3356.5313917947933,
        3356.5313917947933,
        3356.5313917947933,
        3356.5313917947933,
        3356.5313917947933,
        3356.5313917947933,
        3356.5313917947933,
        3356.5313917947933,
        3356.5313917947933,
        3356.5313917947933,
        3356.5313917947933,
        3356.5313917947933,
        3356.5313917947933,
        3356.5313917947933,
        3356.5313917947933,
        3356.5313917947933,
        3356.5313917947933,
        3356.5313917947933,
        3356.5313917947933,
        3356.5313917947933,
        3356.5313917947933,
        3356.5313917947933,
        3356.5313917947933,
        3356.5313917947933,
        3356.5313917947933,
        3356.5313917947933,
        3356.5313917947933,
        3356.5313917947933,
        3356.5313917947933,
        3356.5313917947933,
        3356.5313917947933,
        3356.5313917947933,
        3356.5313917947933,
        3356.5313917947933,
        3356.5313917947933,
        3356.5313917947933,
        3356.5313917947933,
        3356.5313917947933
      ],
      "mean_latency_ms": 3355.718383664712,
      "median_latency_ms": 3356.5313917947933,
      "cache_hit_rate": 0.00025406504065040653,
      "cache_misses": 7870,
      "cache_evictions": 7871,
      "wasted_prefetches": 0,
      "total_prefetches": 0,
      "dedup_skipped": 0,
      "expert_demands": 7872,
      "expert_hits": 2
    },