{
  "model": "mixtral_8x7b",
  "gpu_memory_gb": 8.0,
  "cache_capacity": 17,
  "total_experts": 256,
  "tokens": 123,
  "measured": {
    "predictor_ms": 0.413296999031445,
    "layer_compute_ms": 16.41612803004682,
    "transfer_ms": 50.0
  },
  "baseline": {
    "per_token_latency": [
      3625.3160969614983,
      3725.3160969614983,
      3725.3160969614983,
      3725.3160969614983,
      3725.3160969614983,
      3725.3160969614983,
      3725.3160969614983,
      3725.3160969614983,
      3725.3160969614983,
      3725.3160969614983,
      3725.3160969614983,
      3725.3160969614983,
      3725.3160969614983,
      3725.3160969614983,
      3725.3160969614983,
      3725.3160969614983,
      3725.3160969614983,
      3725.3160969614983,
      3725.3160969614983,
      3725.3160969614983,
      3725.3160969614983,
      3725.3160969614983,
      3725.3160969614983,
      3725.3160969614983,
      3725.3160969614983,
      3725.3160969614983,
      3725.3160969614983,
      3725.3160969614983,
      3725.3160969614983,
      3725.3160969614983,
      3725.3160969614983,
      3725.3160969614983,
      3725.3160969614983,
      3725.3160969614983,
      3725.3160969614983,
      3725.3160969614983,
      3725.3160969614983,
      3725.3160969614983,
      3725.3160969614983,
      3725.3160969614983,
      3725.3160969614983,
      3725.3160969614983,
      3725.3160969614983,
      3725.3160969614983,
      3725.3160969614983,
      3725.3160969614983,
      3725.3160969614983,
      3725.3160969614983,
      3725.3160969614983,
      3725.3160969614983,
      3725.3160969614983,
      3725.3160969614983,
      3725.3160969614983,
      3725.3160969614983,
      3725.3160969614983,
      3725.3160969614983,
      3725.3160969614983,
      3725.3160969614983,
      3725.3160969614983,
      3725.3160969614983,
      3725.3160969614983,
      3725.3160969614983,
      3725.3160969614983,
      3725.3160969614983,
      3725.3160969614983,
      3725.3160969614983,
      3725.3160969614983,
      3725.3160969614983,
      3725.3160969614983,
      3725.3160969614983,
      3725.3160969614983,
      3725.3160969614983,
      3725.3160969614983,
      3725.3160969614983,
      3725.3160969614983,
      3725.3160969614983,
      3725.3160969614983,
      3725.3160969614983,
      3725.3160969614983,
      3725.3160969614983,
      3725.3160969614983,
      3725.3160969614983,
      3725.3160969614983,
      3725.3160969614983,
      3725.3160969614983,
      3725.3160969614983,
      3725.3160969614983,
      3725.3160969614983,
      3725.3160969614983,
      3725.3160969614983,
      3725.3160969614983,
      3725.3160969614983,
      3725.3160969614983,
      3725.3160969614983,
      3725.3160969614983,
      3725.3160969614983,
      3725.3160969614983,
      3725.3160969614983,
      3725.3160969614983,
      3725.3160969614983,
      3725.3160969614983,
      3725.3160969614983,
      3725.3160969614983,
      3725.3160969614983,
      3725.3160969614983,
      3725.3160969614983,
      3725.3160969614983,
      3725.3160969614983,
      3725.3160969614983,
      3725.3160969614983,
      3725.3160969614983,
      3725.3160969614983,
      3725.3160969614983,
      3725.3160969614983,
      3725.3160969614983,
      3725.3160969614983,
      3725.3160969614983,
      3725.3160969614983,
      3725.3160969614983,
      3725.3160969614983,
      3725.3160969614983,
      3725.3160969614983,
      3725.3160969614983
    ],
    "mean_latency_ms": 3724.503088831417,
    "median_latency_ms": 3725.3160969614983,
    "cache_hit_rate": 0.00025406504065040653,
    "cache_misses": 7870,
    "cache_evictions": 7865,
    "wasted_prefetches": 0,
    "total_prefetches": 0,
    "dedup_skipped": 0,
    "expert_demands": 7872,
    "expert_hits": 2
  },
  "prefetched_by_K": {
    "2": {
      "per_token_latency": [
        2638.5416009305045,
        2988.5416009305045,
        3288.5416009305045,
        3238.5416009305045,
        3088.5416009305045,
        3138.5416009305045,
        3138.5416009305045,
        3138.5416009305045,
        3238.5416009305045,
        3038.5416009305045,
        3288.5416009305045,
        2988.5416009305045,
        3038.5416009305045,
        3238.5416009305045,
        3238.5416009305045,
        3138.5416009305045,
        3188.5416009305045,
        3188.5416009305045,
        3188.5416009305045,
        3188.5416009305045,
        3188.5416009305045,
        3038.5416009305045,
        3238.5416009305045,
        3188.5416009305045,
        3138.5416009305045,
        3188.5416009305045,
        3188.5416009305045,
        3088.5416009305045,
        3238.5416009305045,
        3138.5416009305045,
        3138.5416009305045,
        3338.5416009305045,
        3238.5416009305045,
        3138.5416009305045,
        3238.5416009305045,
        3088.5416009305045,
        3188.5416009305045,
        3088.5416009305045,
        3188.5416009305045,
        3238.5416009305045,
        3288.5416009305045,
        3138.5416009305045,
        3188.5416009305045,
        3188.5416009305045,
        3038.5416009305045,
        3188.5416009305045,
        3338.5416009305045,
        3138.5416009305045,
        3288.5416009305045,
        3338.5416009305045,
        3188.5416009305045,
        3138.5416009305045,
        3038.5416009305045,
        3138.5416009305045,
        3188.5416009305045,
        3088.5416009305045,
        3138.5416009305045,
        2988.5416009305045,
        3138.5416009305045,
        3088.5416009305045,
        3038.5416009305045,
        3188.5416009305045,
        3138.5416009305045,
        3038.5416009305045,
        3288.5416009305045,
        3238.5416009305045,
        3238.5416009305045,
        3138.5416009305045,
        3188.5416009305045,
        3238.5416009305045,
        3388.5416009305045,
        3088.5416009305045,
        3338.5416009305045,
        3188.5416009305045,
        3288.5416009305045,
        3188.5416009305045,
        3238.5416009305045,
        3238.5416009305045,
        2988.5416009305045,
        3188.5416009305045,
        3138.5416009305045,
        3188.5416009305045,
        3138.5416009305045,
        3238.5416009305045,
        3038.5416009305045,
        3088.5416009305045,
        3138.5416009305045,
        3088.5416009305045,
        3038.5416009305045,
        2988.5416009305045,
        3138.5416009305045,
        3188.5416009305045,
        3138.5416009305045,
        3088.5416009305045,
        3138.5416009305045,
        3088.5416009305045,
        3138.5416009305045,
        2988.5416009305045,
        3188.5416009305045,
        3238.5416009305045,
        3238.5416009305045,
        3138.5416009305045,
        3088.5416009305045,
        2988.5416009305045,
        3288.5416009305045,
        3088.5416009305045,
        3138.5416009305045,
        3188.5416009305045,
        3238.5416009305045,
        3138.5416009305045,
        3138.5416009305045,
        3188.5416009305045,
        3338.5416009305045,
        3138.5416009305045,
        3188.5416009305045,
        3188.5416009305045,
        3038.5416009305045,
        3288.5416009305045,
        3238.5416009305045,
        3088.5416009305045,
        2838.5416009305045,
        3138.5416009305045,
        3288.5416009305045
      ],
      "mean_latency_ms": 3157.2407879223742,
      "median_latency_ms": 3138.5416009305045,
      "cache_hit_rate": 0.18165650406504066,
      "cache_misses": 6442,
      "cache_evictions": 13325,
      "wasted_prefetches": 1044,
      "total_prefetches": 6888,
      "dedup_skipped": 0,
      "expert_demands": 7872,
      "expert_hits": 1430
    },