{
  "model": "mixtral_8x7b",
  "gpu_memory_gb": 8.0,
  "cache_capacity": 64,
  "total_experts": 256,
  "tokens": 123,
  "measured": {
    "predictor_ms": 0.4066600049191038,
    "layer_compute_ms": 45.76527199707925,
    "transfer_ms": 50.0
  },
  "baseline": {
    "per_token_latency": [
      4464.488703906536,
      4164.488703906536,
      3664.488703906536,
      3564.488703906536,
      3564.488703906536,
      3664.488703906536,
      4064.488703906536,
      3664.488703906536,
      3714.488703906536,
      3764.488703906536,
      3814.488703906536,
      4114.488703906536,
      3614.488703906536,
      4164.488703906536,
      4364.488703906536,
      3814.488703906536,
      3864.488703906536,
      4064.488703906536,
      4164.488703906536,
      3814.488703906536,
      3514.488703906536,
      4014.488703906536,
      3764.488703906536,
      3764.488703906536,
      3714.488703906536,
      3764.488703906536,
      3764.488703906536,
      4164.488703906536,
      4214.488703906536,
      3964.488703906536,
      3664.488703906536,
      3714.488703906536,
      2914.488703906536,
      4114.488703906536,
      4364.488703906536,
      4264.488703906536,
      3514.488703906536,
      3914.488703906536,
      2964.488703906536,
      3564.488703906536,
      3564.488703906536,
      3714.488703906536,
      3864.488703906536,
      3364.488703906536,
      3564.488703906536,
      4414.488703906536,
      4064.488703906536,
      3764.488703906536,
      3914.488703906536,
      3814.488703906536,
      3814.488703906536,
      3464.488703906536,
      3064.488703906536,
      3164.488703906536,
      3614.488703906536,
      3614.488703906536,
      3664.488703906536,
      3664.488703906536,
      3914.488703906536,
      4114.488703906536,
      3614.488703906536,
      3764.488703906536,
      3614.488703906536,
      3564.488703906536,
      4014.488703906536,
      3914.488703906536,
      3714.488703906536,
      4114.488703906536,
      4064.488703906536,
      4064.488703906536,
      3964.488703906536,
      1964.488703906536,
      4014.488703906536,
      4164.488703906536,
      3814.488703906536,
      3714.488703906536,
      4164.488703906536,
      3714.488703906536,
      3414.488703906536,
      3914.488703906536,
      4014.488703906536,
      3514.488703906536,
      4164.488703906536,
      4264.488703906536,
      3414.488703906536,
      3714.488703906536,
      3414.488703906536,
      3864.488703906536,
      4014.488703906536,
      4414.488703906536,
      3764.488703906536,
      3514.488703906536,
      3764.488703906536,
      4314.488703906536,
      3864.488703906536,
      3564.488703906536,
      3914.488703906536,
      3864.488703906536,
      3914.488703906536,
      3814.488703906536,
      4014.488703906536,
      3964.488703906536,
      4064.488703906536,
      4314.488703906536,
      4114.488703906536,
      3764.488703906536,
      3814.488703906536,
      3764.488703906536,
      3964.488703906536,
      3764.488703906536,
      3664.488703906536,
      3564.488703906536,
      3864.488703906536,
      4164.488703906536,
      3864.488703906536,
      3214.488703906536,
      3914.488703906536,
      3764.488703906536,
      3564.488703906536,
      3264.488703906536,
      4114.488703906536,
      3114.488703906536,
      3664.488703906536
    ],
    "mean_latency_ms": 3801.0740697601946,
    "median_latency_ms": 3814.488703906536,
    "cache_hit_rate": 0.2698170731707317,
    "cache_misses": 5748,
    "cache_evictions": 5696,
    "wasted_prefetches": 0,
    "total_prefetches": 0,
    "dedup_skipped": 0,
    "expert_demands": 7872,
    "expert_hits": 2124
  },
  "prefetched_by_K": {
    "2": {
      "per_token_latency": [
        1577.5018240639474,
        1677.5018240639474,
        1977.5018240639474,
        1877.5018240639474,
        1677.5018240639474,
        1727.5018240639474,
        1877.5018240639474,
        1977.5018240639474,
        1877.5018240639474,
        1977.5018240639474,
        1777.5018240639474,
        1927.5018240639474,
        1777.5018240639474,
        1927.5018240639474,
        1877.5018240639474,
        2027.5018240639474,
        1877.5018240639474,
        1827.5018240639474,
        1877.5018240639474,
        1777.5018240639474,
        1877.5018240639474,
        2077.5018240639474,
        2027.5018240639474,
        1977.5018240639474,
        1977.5018240639474,
        2027.5018240639474,
        2027.5018240639474,
        1827.5018240639474,
        1827.5018240639474,
        1877.5018240639474,
        1877.5018240639474,
        1927.5018240639474,
        1877.5018240639474,
        1777.5018240639474,
        1927.5018240639474,
        1727.5018240639474,
        1977.5018240639474,
        1927.5018240639474,
        1927.5018240639474,
        1927.5018240639474,
        2027.5018240639474,
        1877.5018240639474,
        1927.5018240639474,
        1977.5018240639474,
        1827.5018240639474,
        1977.5018240639474,
        2077.5018240639474,
        1927.5018240639474,
        1877.5018240639474,
        1877.5018240639474,
        1877.5018240639474,
        1977.5018240639474,
        1877.5018240639474,
        1727.5018240639474,
        1877.5018240639474,
        1827.5018240639474,
        1977.5018240639474,
        1977.5018240639474,
        1977.5018240639474,
        1827.5018240639474,
        1877.5018240639474,
        1827.5018240639474,
        1777.5018240639474,
        1777.5018240639474,
        1877.5018240639474,
        1827.5018240639474,
        1977.5018240639474,
        1927.5018240639474,
        1827.5018240639474,
        1827.5018240639474,
        1727.5018240639474,
        1677.5018240639474,
        2027.5018240639474,
        1877.5018240639474,
        1877.5018240639474,
        1777.5018240639474,
        1827.5018240639474,
        1677.5018240639474,
        1927.5018240639474,
        1977.5018240639474,
        2127.5018240639474,
        1877.5018240639474,
        1977.5018240639474,
        1877.5018240639474,
        1777.5018240639474,
        1727.5018240639474,
        1777.5018240639474,
        1827.5018240639474,
        1927.5018240639474,
        1927.5018240639474,
        1827.5018240639474,
        1727.5018240639474,
        1927.5018240639474,
        1927.5018240639474,
        1877.5018240639474,
        1777.5018240639474,
        1777.5018240639474,
        1877.5018240639474,
        1877.5018240639474,
        1977.5018240639474,
        1927.5018240639474,
        1977.5018240639474,
        1927.5018240639474,
        1927.5018240639474,
        1777.5018240639474,
        1727.5018240639474,
        1927.5018240639474,
        1727.5018240639474,
        1877.5018240639474,
        1777.5018240639474,
        1827.5018240639474,
        1827.5018240639474,
        1877.5018240639474,
        1877.5018240639474,
        1977.5018240639474,
        1827.5018240639474,
        1977.5018240639474,
        2027.5018240639474,
        1977.5018240639474,
        1927.5018240639474,
        1827.5018240639474,
        1927.5018240639474,
        1877.5018240639474
      ],
      "mean_latency_ms": 1879.9408484541914,
      "median_latency_ms": 1877.5018240639474,
      "cache_hit_rate": 0.8742378048780488,
      "cache_misses": 990,
      "cache_evictions": 9916,
      "wasted_prefetches": 2101,
      "total_prefetches": 8978,
      "dedup_skipped": 12424,
      "expert_demands": 7872,
      "expert_hits": 6882
    },