{
  "model": "mixtral_8x7b",
  "gpu_memory_gb": 32.0,
  "cache_capacity": 256,
  "total_experts": 256,
  "tokens": 114,
  "measured": {
    "predictor_ms": 0.5247370055367355,
    "layer_compute_ms": 22.990480977110565,
    "transfer_ms": 50.0
  },
  "baseline": {
    "per_token_latency": [
      3735.695391267538,
      2985.695391267538,
      2485.695391267538,
      1785.695391267538,
      1485.695391267538,
      1385.695391267538,
      1635.695391267538,
      1435.695391267538,
      785.6953912675381,
      985.6953912675381,
      885.6953912675381,
      835.6953912675381,
      785.6953912675381,
      785.6953912675381,
      935.6953912675381,
      785.6953912675381,
      835.6953912675381,
      785.6953912675381,
      785.6953912675381,
      735.6953912675381,
      735.6953912675381,
      735.6953912675381,
      735.6953912675381,
      735.6953912675381,
      785.6953912675381,
      735.6953912675381,
      735.6953912675381,
      735.6953912675381,
      735.6953912675381,
      735.6953912675381,
      735.6953912675381,
      735.6953912675381,
      735.6953912675381,
      735.6953912675381,
      735.6953912675381,
      735.6953912675381,
      735.6953912675381,
      735.6953912675381,
      735.6953912675381,
      735.6953912675381,
      735.6953912675381,
      735.6953912675381,
      735.6953912675381,
      735.6953912675381,
      735.6953912675381,
      735.6953912675381,
      735.6953912675381,
      735.6953912675381,
      735.6953912675381,
      735.6953912675381,
      735.6953912675381,
      735.6953912675381,
      735.6953912675381,
      735.6953912675381,
      735.6953912675381,
      735.6953912675381,
      735.6953912675381,
      735.6953912675381,
      735.6953912675381,
      735.6953912675381,
      735.6953912675381,
      735.6953912675381,
      735.6953912675381,
      735.6953912675381,
      735.6953912675381,
      735.6953912675381,
      735.6953912675381,
      735.6953912675381,
      735.6953912675381,
      735.6953912675381,
      735.6953912675381,
      735.6953912675381,
      735.6953912675381,
      735.6953912675381,
      735.6953912675381,
      735.6953912675381,
      735.6953912675381,
      735.6953912675381,
      735.6953912675381,
      735.6953912675381,
      735.6953912675381,
      735.6953912675381,
      735.6953912675381,
      735.6953912675381,
      735.6953912675381,
      735.6953912675381,
      735.6953912675381,
      735.6953912675381,
      735.6953912675381,
      735.6953912675381,
      735.6953912675381,
      735.6953912675381,
      735.6953912675381,
      735.6953912675381,
      735.6953912675381,
      735.6953912675381,
      735.6953912675381,
      735.6953912675381,
      735.6953912675381,
      735.6953912675381,
      735.6953912675381,
      735.6953912675381,
      735.6953912675381,
      735.6953912675381,
      735.6953912675381,
      735.6953912675381,
      735.6953912675381,
      735.6953912675381,
      735.6953912675381,
      735.6953912675381,
      735.6953912675381,
      735.6953912675381,
      735.6953912675381,
      735.6953912675381
    ],
    "mean_latency_ms": 842.7129351271872,
    "median_latency_ms": 735.6953912675381,
    "cache_hit_rate": 0.9665570175438597,
    "cache_misses": 244,
    "cache_evictions": 0,
    "wasted_prefetches": 0,
    "total_prefetches": 0,
    "dedup_skipped": 0,
    "expert_demands": 7296,
    "expert_hits": 7052
  },
  "prefetched_by_K": {
    "2": {
      "per_token_latency": [
        952.4869754447136,
        1052.4869754447136,
        1202.4869754447136,
        902.4869754447136,
        1002.4869754447136,
        802.4869754447136,
        752.4869754447136,
        802.4869754447136,
        752.4869754447136,
        752.4869754447136,
        752.4869754447136,
        752.4869754447136,
        752.4869754447136,
        752.4869754447136,
        752.4869754447136,
        752.4869754447136,
        752.4869754447136,
        802.4869754447136,
        752.4869754447136,
        752.4869754447136,
        752.4869754447136,
        752.4869754447136,
        752.4869754447136,
        752.4869754447136,
        752.4869754447136,
        752.4869754447136,
        752.4869754447136,
        752.4869754447136,
        752.4869754447136,
        752.4869754447136,
        752.4869754447136,
        752.4869754447136,
        752.4869754447136,
        752.4869754447136,
        752.4869754447136,
        752.4869754447136,
        752.4869754447136,
        752.4869754447136,
        752.4869754447136,
        752.4869754447136,
        752.4869754447136,
        752.4869754447136,
        752.4869754447136,
        752.4869754447136,
        752.4869754447136,
        752.4869754447136,
        752.4869754447136,
        752.4869754447136,
        752.4869754447136,
        752.4869754447136,
        752.4869754447136,
        752.4869754447136,
        752.4869754447136,
        752.4869754447136,
        752.4869754447136,
        752.4869754447136,
        752.4869754447136,
        752.4869754447136,
        752.4869754447136,
        752.4869754447136,
        752.4869754447136,
        752.4869754447136,
        752.4869754447136,
        752.4869754447136,
        752.4869754447136,
        752.4869754447136,
        752.4869754447136,
        752.4869754447136,
        752.4869754447136,
        752.4869754447136,
        752.4869754447136,
        752.4869754447136,
        752.4869754447136,
        752.4869754447136,
        752.4869754447136,
        752.4869754447136,
        752.4869754447136,
        752.4869754447136,
        752.4869754447136,
        752.4869754447136,
        752.4869754447136,
        752.4869754447136,
        752.4869754447136,
        752.4869754447136,
        752.4869754447136,
        752.4869754447136,
        752.4869754447136,
        752.4869754447136,
        752.4869754447136,
        752.4869754447136,
        752.4869754447136,
        752.4869754447136,
        752.4869754447136,
        752.4869754447136,
        752.4869754447136,
        752.4869754447136,
        752.4869754447136,
        752.4869754447136,
        752.4869754447136,
        752.4869754447136,
        752.4869754447136,
        752.4869754447136,
        752.4869754447136,
        752.4869754447136,
        752.4869754447136,
        752.4869754447136,
        752.4869754447136,
        752.4869754447136,
        752.4869754447136,
        752.4869754447136,
        752.4869754447136,
        752.4869754447136,
        752.4869754447136,
        752.4869754447136
      ],
      "mean_latency_ms": 765.6448701815557,
      "median_latency_ms": 752.4869754447136,
      "cache_hit_rate": 0.9958881578947368,
      "cache_misses": 30,
      "cache_evictions": 0,
      "wasted_prefetches": 28,
      "total_prefetches": 214,
      "dedup_skipped": 12782,
      "expert_demands": 7296,
      "expert_hits": 7266
    },