{
  "model": "mixtral_8x7b",
  "gpu_memory_gb": 32.0,
  "cache_capacity": 93,
  "total_experts": 256,
  "tokens": 123,
  "measured": {
    "predictor_ms": 0.3982259994954802,
    "layer_compute_ms": 4.4197790012694895,
    "transfer_ms": 50.0
  },
  "baseline": {
    "per_token_latency": [
      3141.4329280406237,
      2591.4329280406237,
      2191.4329280406237,
      1991.4329280406237,
      1991.4329280406237,
      2241.4329280406237,
      2741.4329280406237,
      1941.4329280406237,
      2291.4329280406237,
      2091.4329280406237,
      2241.4329280406237,
      2541.4329280406237,
      1991.4329280406237,
      2591.4329280406237,
      2791.4329280406237,
      2491.4329280406237,
      2591.4329280406237,
      2641.4329280406237,
      2791.4329280406237,
      2341.4329280406237,
      1791.4329280406237,
      2491.4329280406237,
      2091.4329280406237,
      2141.4329280406237,
      2341.4329280406237,
      2291.4329280406237,
      2391.4329280406237,
      2491.4329280406237,
      2791.4329280406237,
      2591.4329280406237,
      2091.4329280406237,
      2391.4329280406237,
      1491.4329280406237,
      2441.4329280406237,
      2991.4329280406237,
      2691.4329280406237,
      1991.4329280406237,
      2291.4329280406237,
      1741.4329280406237,
      1991.4329280406237,
      2191.4329280406237,
      2141.4329280406237,
      2391.4329280406237,
      2041.4329280406237,
      2191.4329280406237,
      2741.4329280406237,
      2541.4329280406237,
      2191.4329280406237,
      2441.4329280406237,
      2191.4329280406237,
      2441.4329280406237,
      1991.4329280406237,
      1391.4329280406237,
      1291.4329280406237,
      2041.4329280406237,
      2141.4329280406237,
      2091.4329280406237,
      2291.4329280406237,
      2291.4329280406237,
      2741.4329280406237,
      2241.4329280406237,
      2191.4329280406237,
      2041.4329280406237,
      2041.4329280406237,
      2591.4329280406237,
      2391.4329280406237,
      1941.4329280406237,
      2691.4329280406237,
      2641.4329280406237,
      2491.4329280406237,
      2491.4329280406237,
      691.4329280406237,
      2291.4329280406237,
      2791.4329280406237,
      2191.4329280406237,
      1891.4329280406237,
      2791.4329280406237,
      2141.4329280406237,
      1891.4329280406237,
      2341.4329280406237,
      2591.4329280406237,
      1941.4329280406237,
      2741.4329280406237,
      2841.4329280406237,
      1941.4329280406237,
      2341.4329280406237,
      1841.4329280406237,
      2291.4329280406237,
      2541.4329280406237,
      3091.4329280406237,
      2141.4329280406237,
      2091.4329280406237,
      2391.4329280406237,
      2741.4329280406237,
      2391.4329280406237,
      2041.4329280406237,
      2241.4329280406237,
      2191.4329280406237,
      2241.4329280406237,
      2391.4329280406237,
      2341.4329280406237,
      2591.4329280406237,
      2491.4329280406237,
      2791.4329280406237,
      2841.4329280406237,
      1891.4329280406237,
      2291.4329280406237,
      2141.4329280406237,
      2341.4329280406237,
      2341.4329280406237,
      2341.4329280406237,
      2241.4329280406237,
      2391.4329280406237,
      2791.4329280406237,
      2341.4329280406237,
      1691.4329280406237,
      2491.4329280406237,
      2441.4329280406237,
      1891.4329280406237,
      1591.4329280406237,
      2541.4329280406237,
      1691.4329280406237,
      2441.4329280406237
    ],
    "mean_latency_ms": 2295.0914646259894,
    "median_latency_ms": 2291.4329280406237,
    "cache_hit_rate": 0.32698170731707316,
    "cache_misses": 5298,
    "cache_evictions": 5217,
    "wasted_prefetches": 0,
    "total_prefetches": 0,
    "dedup_skipped": 0,
    "expert_demands": 7872,
    "expert_hits": 2574
  },
  "prefetched_by_K": {
    "2": {
      "per_token_latency": [
        3154.176160024479,
        2604.176160024479,
        2204.176160024479,
        2004.176160024479,
        2004.176160024479,
        2254.176160024479,
        2754.176160024479,
        1954.176160024479,
        2304.176160024479,
        2104.176160024479,
        2254.176160024479,
        2554.176160024479,
        2004.176160024479,
        2604.176160024479,
        2804.176160024479,
        2504.176160024479,
        2604.176160024479,
        2654.176160024479,
        2804.176160024479,
        2354.176160024479,
        1804.176160024479,
        2504.176160024479,
        2104.176160024479,
        2154.176160024479,
        2354.176160024479,
        2304.176160024479,
        2404.176160024479,
        2504.176160024479,
        2804.176160024479,
        2604.176160024479,
        2104.176160024479,
        2404.176160024479,
        1504.176160024479,
        2454.176160024479,
        3004.176160024479,
        2704.176160024479,
        2004.176160024479,
        2304.176160024479,
        1754.176160024479,
        2004.176160024479,
        2204.176160024479,
        2154.176160024479,
        2404.176160024479,
        2054.176160024479,
        2204.176160024479,
        2754.176160024479,
        2554.176160024479,
        2204.176160024479,
        2454.176160024479,
        2204.176160024479,
        2454.176160024479,
        2004.176160024479,
        1404.176160024479,
        1304.176160024479,
        2054.176160024479,
        2154.176160024479,
        2104.176160024479,
        2304.176160024479,
        2304.176160024479,
        2754.176160024479,
        2254.176160024479,
        2204.176160024479,
        2054.176160024479,
        2054.176160024479,
        2604.176160024479,
        2404.176160024479,
        1954.176160024479,
        2704.176160024479,
        2654.176160024479,
        2504.176160024479,
        2504.176160024479,
        704.176160024479,
        2304.176160024479,
        2804.176160024479,
        2204.176160024479,
        1904.176160024479,
        2804.176160024479,
        2154.176160024479,
        1904.176160024479,
        2354.176160024479,
        2604.176160024479,
        1954.176160024479,
        2754.176160024479,
        2854.176160024479,
        1954.176160024479,
        2354.176160024479,
        1854.176160024479,
        2304.176160024479,
        2554.176160024479,
        3104.176160024479,
        2154.176160024479,
        2104.176160024479,
        2404.176160024479,
        2754.176160024479,
        2404.176160024479,
        2054.176160024479,
        2254.176160024479,
        2204.176160024479,
        2254.176160024479,
        2404.176160024479,
        2354.176160024479,
        2604.176160024479,
        2504.176160024479,
        2804.176160024479,
        2854.176160024479,
        1904.176160024479,
        2304.176160024479,
        2154.176160024479,
        2354.176160024479,
        2354.176160024479,
        2354.176160024479,
        2254.176160024479,
        2404.176160024479,
        2804.176160024479,
        2354.176160024479,
        1704.176160024479,
        2504.176160024479,
        2454.176160024479,
        1904.176160024479,
        1604.176160024479,
        2554.176160024479,
        1704.176160024479,
        2454.176160024479
      ],
      "mean_latency_ms": 2307.8346966098447,
      "median_latency_ms": 2304.176160024479,
      "cache_hit_rate": 0.32698170731707316,
      "cache_misses": 5298,
      "cache_evictions": 5217,
      "wasted_prefetches": 0,
      "total_prefetches": 0,
      "dedup_skipped": 0,
      "expert_demands": 7872,
      "expert_hits": 2574
    },