{
  "model": "mixtral_8x7b",
  "gpu_memory_gb": 16.0,
  "cache_capacity": 64,
  "total_experts": 256,
  "tokens": 123,
  "measured": {
    "predictor_ms": 0.42811400213395245,
    "layer_compute_ms": 16.594441026449203,
    "transfer_ms": 50.0
  },
  "baseline": {
    "per_token_latency": [
      3531.0221128463745,
      3181.0221128463745,
      2681.0221128463745,
      2631.0221128463745,
      2581.0221128463745,
      2781.0221128463745,
      3231.0221128463745,
      2581.0221128463745,
      2931.0221128463745,
      2831.0221128463745,
      2881.0221128463745,
      3081.0221128463745,
      2681.0221128463745,
      3131.0221128463745,
      3331.0221128463745,
      3031.0221128463745,
      3181.0221128463745,
      3181.0221128463745,
      3231.0221128463745,
      2831.0221128463745,
      2381.0221128463745,
      2981.0221128463745,
      2831.0221128463745,
      2731.0221128463745,
      2931.0221128463745,
      2831.0221128463745,
      2881.0221128463745,
      3081.0221128463745,
      3331.0221128463745,
      3181.0221128463745,
      2681.0221128463745,
      2731.0221128463745,
      2031.0221128463745,
      3181.0221128463745,
      3481.0221128463745,
      3231.0221128463745,
      2631.0221128463745,
      2881.0221128463745,
      2181.0221128463745,
      2581.0221128463745,
      2681.0221128463745,
      2831.0221128463745,
      3081.0221128463745,
      2431.0221128463745,
      2831.0221128463745,
      3381.0221128463745,
      2981.0221128463745,
      2981.0221128463745,
      2981.0221128463745,
      2981.0221128463745,
      2931.0221128463745,
      2631.0221128463745,
      2131.0221128463745,
      2231.0221128463745,
      2531.0221128463745,
      2731.0221128463745,
      2681.0221128463745,
      2781.0221128463745,
      2881.0221128463745,
      3181.0221128463745,
      2681.0221128463745,
      2731.0221128463745,
      2681.0221128463745,
      2731.0221128463745,
      3081.0221128463745,
      2981.0221128463745,
      2581.0221128463745,
      3131.0221128463745,
      3081.0221128463745,
      3181.0221128463745,
      3081.0221128463745,
      1081.0221128463745,
      3081.0221128463745,
      3281.0221128463745,
      2981.0221128463745,
      2781.0221128463745,
      3181.0221128463745,
      2831.0221128463745,
      2331.0221128463745,
      2831.0221128463745,
      3031.0221128463745,
      2481.0221128463745,
      3281.0221128463745,
      3281.0221128463745,
      2381.0221128463745,
      2881.0221128463745,
      2531.0221128463745,
      2931.0221128463745,
      3131.0221128463745,
      3481.0221128463745,
      2781.0221128463745,
      2681.0221128463745,
      2881.0221128463745,
      3381.0221128463745,
      2881.0221128463745,
      2631.0221128463745,
      2731.0221128463745,
      2831.0221128463745,
      3131.0221128463745,
      2781.0221128463745,
      2881.0221128463745,
      2931.0221128463745,
      3131.0221128463745,
      3181.0221128463745,
      3231.0221128463745,
      2681.0221128463745,
      2881.0221128463745,
      2731.0221128463745,
      2981.0221128463745,
      2931.0221128463745,
      2731.0221128463745,
      2831.0221128463745,
      2981.0221128463745,
      3431.0221128463745,
      3031.0221128463745,
      2331.0221128463745,
      2981.0221128463745,
      2831.0221128463745,
      2631.0221128463745,
      2281.0221128463745,
      2981.0221128463745,
      2281.0221128463745,
      2881.0221128463745
    ],
    "mean_latency_ms": 2864.7619502447483,
    "median_latency_ms": 2881.0221128463745,
    "cache_hit_rate": 0.2707063008130081,
    "cache_misses": 5741,
    "cache_evictions": 5689,
    "wasted_prefetches": 0,
    "total_prefetches": 0,
    "dedup_skipped": 0,
    "expert_demands": 7872,
    "expert_hits": 2131
  },
  "prefetched_by_K": {
    "2": {
      "per_token_latency": [
        1394.721760914661,
        1194.721760914661,
        1494.721760914661,
        1394.721760914661,
        1194.721760914661,
        994.721760914661,
        1444.721760914661,
        1244.721760914661,
        1494.721760914661,
        1594.721760914661,
        1494.721760914661,
        1194.721760914661,
        1144.721760914661,
        1294.721760914661,
        1244.721760914661,
        1294.721760914661,
        1444.721760914661,
        1444.721760914661,
        1394.721760914661,
        1244.721760914661,
        1394.721760914661,
        1394.721760914661,
        1844.721760914661,
        1394.721760914661,
        1244.721760914661,
        1444.721760914661,
        1544.721760914661,
        1294.721760914661,
        1644.721760914661,
        1594.721760914661,
        1344.721760914661,
        1444.721760914661,
        1194.721760914661,
        1394.721760914661,
        1294.721760914661,
        1494.721760914661,
        1494.721760914661,
        1444.721760914661,
        1594.721760914661,
        1494.721760914661,
        1544.721760914661,
        1444.721760914661,
        1344.721760914661,
        1294.721760914661,
        1244.721760914661,
        1144.721760914661,
        1494.721760914661,
        1544.721760914661,
        1544.721760914661,
        1394.721760914661,
        1544.721760914661,
        1544.721760914661,
        1194.721760914661,
        1244.721760914661,
        1294.721760914661,
        1344.721760914661,
        1344.721760914661,
        1544.721760914661,
        1194.721760914661,
        1194.721760914661,
        1494.721760914661,
        1444.721760914661,
        1244.721760914661,
        1244.721760914661,
        1294.721760914661,
        1444.721760914661,
        1644.721760914661,
        1294.721760914661,
        1094.721760914661,
        1144.721760914661,
        1244.721760914661,
        1094.721760914661,
        1544.721760914661,
        1144.721760914661,
        1344.721760914661,
        1194.721760914661,
        1394.721760914661,
        1144.721760914661,
        1394.721760914661,
        1344.721760914661,
        1444.721760914661,
        1594.721760914661,
        1344.721760914661,
        1244.721760914661,
        1394.721760914661,
        1294.721760914661,
        1244.721760914661,
        1294.721760914661,
        1294.721760914661,
        1194.721760914661,
        1344.721760914661,
        1344.721760914661,
        1444.721760914661,
        1294.721760914661,
        1244.721760914661,
        1444.721760914661,
        1194.721760914661,
        1544.721760914661,
        1644.721760914661,
        1544.721760914661,
        1394.721760914661,
        1594.721760914661,
        1394.721760914661,
        1344.721760914661,
        1244.721760914661,
        1244.721760914661,
        1344.721760914661,
        1194.721760914661,
        1344.721760914661,
        1394.721760914661,
        1194.721760914661,
        1294.721760914661,
        1344.721760914661,
        1394.721760914661,
        1894.721760914661,
        1244.721760914661,
        1594.721760914661,
        1494.721760914661,
        1444.721760914661,
        1344.721760914661,
        1294.721760914661,
        1294.721760914661,
        1294.721760914661
      ],
      "mean_latency_ms": 1368.2989966870186,
      "median_latency_ms": 1344.721760914661,
      "cache_hit_rate": 0.7426321138211383,
      "cache_misses": 2026,
      "cache_evictions": 8688,
      "wasted_prefetches": 1011,
      "total_prefetches": 6714,
      "dedup_skipped": 174,
      "expert_demands": 7872,
      "expert_hits": 5846
    },