{
  "model": "mixtral_8x7b",
  "gpu_memory_gb": 16.0,
  "cache_capacity": 157,
  "total_experts": 256,
  "tokens": 123,
  "measured": {
    "predictor_ms": 0.34198799256409984,
    "layer_compute_ms": 48.97929595783353,
    "transfer_ms": 50.0
  },
  "baseline": {
    "per_token_latency": [
      4567.337470650673,
      3967.337470650673,
      3017.337470650673,
      2817.337470650673,
      2767.337470650673,
      2617.337470650673,
      2717.337470650673,
      2567.337470650673,
      2517.337470650673,
      3117.337470650673,
      3017.337470650673,
      3217.337470650673,
      2567.337470650673,
      2217.337470650673,
      3517.337470650673,
      3067.337470650673,
      2917.337470650673,
      2967.337470650673,
      2617.337470650673,
      2517.337470650673,
      2467.337470650673,
      2967.337470650673,
      2467.337470650673,
      2367.337470650673,
      2667.337470650673,
      2967.337470650673,
      2767.337470650673,
      3267.337470650673,
      3817.337470650673,
      2717.337470650673,
      2667.337470650673,
      2617.337470650673,
      2217.337470650673,
      2967.337470650673,
      3467.337470650673,
      2717.337470650673,
      2567.337470650673,
      2817.337470650673,
      2467.337470650673,
      2567.337470650673,
      2817.337470650673,
      2167.337470650673,
      2767.337470650673,
      2317.337470650673,
      2967.337470650673,
      3667.337470650673,
      2267.337470650673,
      2267.337470650673,
      2767.337470650673,
      2717.337470650673,
      2717.337470650673,
      2717.337470650673,
      2267.337470650673,
      2467.337470650673,
      2667.337470650673,
      2717.337470650673,
      2417.337470650673,
      3167.337470650673,
      3367.337470650673,
      2817.337470650673,
      2867.337470650673,
      2767.337470650673,
      2817.337470650673,
      2567.337470650673,
      3567.337470650673,
      2967.337470650673,
      3167.337470650673,
      3067.337470650673,
      3117.337470650673,
      2117.337470650673,
      1767.337470650673,
      1767.337470650673,
      2367.337470650673,
      2117.337470650673,
      2767.337470650673,
      2767.337470650673,
      3467.337470650673,
      2567.337470650673,
      2767.337470650673,
      2417.337470650673,
      2717.337470650673,
      2117.337470650673,
      3417.337470650673,
      2617.337470650673,
      2567.337470650673,
      2317.337470650673,
      2067.337470650673,
      2167.337470650673,
      2917.337470650673,
      3167.337470650673,
      2967.337470650673,
      2817.337470650673,
      3217.337470650673,
      3117.337470650673,
      2867.337470650673,
      2667.337470650673,
      2667.337470650673,
      2617.337470650673,
      2267.337470650673,
      2367.337470650673,
      2917.337470650673,
      2367.337470650673,
      3317.337470650673,
      2717.337470650673,
      2517.337470650673,
      2417.337470650673,
      2217.337470650673,
      2217.337470650673,
      2217.337470650673,
      2917.337470650673,
      2467.337470650673,
      3017.337470650673,
      2967.337470650673,
      3267.337470650673,
      3317.337470650673,
      2267.337470650673,
      2867.337470650673,
      3117.337470650673,
      2617.337470650673,
      2417.337470650673,
      2967.337470650673,
      2467.337470650673,
      2967.337470650673
    ],
    "mean_latency_ms": 2755.1423486994536,
    "median_latency_ms": 2717.337470650673,
    "cache_hit_rate": 0.6288109756097561,
    "cache_misses": 2922,
    "cache_evictions": 2777,
    "wasted_prefetches": 0,
    "total_prefetches": 0,
    "dedup_skipped": 0,
    "expert_demands": 7872,
    "expert_hits": 4950
  },
  "prefetched_by_K": {
    "2": {
      "per_token_latency": [
        1678.281086412724,
        1778.281086412724,
        1878.281086412724,
        1728.281086412724,
        1678.281086412724,
        1728.281086412724,
        1928.281086412724,
        1628.281086412724,
        1828.281086412724,
        1828.281086412724,
        1878.281086412724,
        1828.281086412724,
        1678.281086412724,
        1928.281086412724,
        1928.281086412724,
        1878.281086412724,
        1778.281086412724,
        1728.281086412724,
        1778.281086412724,
        1728.281086412724,
        1828.281086412724,
        1878.281086412724,
        1928.281086412724,
        1828.281086412724,
        1728.281086412724,
        1878.281086412724,
        1878.281086412724,
        1828.281086412724,
        1778.281086412724,
        1778.281086412724,
        1778.281086412724,
        1728.281086412724,
        1778.281086412724,
        1828.281086412724,
        1878.281086412724,
        1678.281086412724,
        1928.281086412724,
        1728.281086412724,
        1828.281086412724,
        1878.281086412724,
        1728.281086412724,
        1728.281086412724,
        1678.281086412724,
        1928.281086412724,
        1728.281086412724,
        1828.281086412724,
        1978.281086412724,
        1778.281086412724,
        1678.281086412724,
        1778.281086412724,
        1728.281086412724,
        1878.281086412724,
        1678.281086412724,
        1728.281086412724,
        1728.281086412724,
        1628.281086412724,
        1878.281086412724,
        1878.281086412724,
        1828.281086412724,
        1828.281086412724,
        1778.281086412724,
        1828.281086412724,
        1728.281086412724,
        1678.281086412724,
        1878.281086412724,
        1578.281086412724,
        1778.281086412724,
        1878.281086412724,
        1778.281086412724,
        1778.281086412724,
        1628.281086412724,
        1578.281086412724,
        1728.281086412724,
        1678.281086412724,
        1778.281086412724,
        1628.281086412724,
        1828.281086412724,
        1678.281086412724,
        1828.281086412724,
        1878.281086412724,
        1878.281086412724,
        1778.281086412724,
        1878.281086412724,
        1728.281086412724,
        1828.281086412724,
        1628.281086412724,
        1628.281086412724,
        1728.281086412724,
        1728.281086412724,
        1928.281086412724,
        1778.281086412724,
        1728.281086412724,
        1778.281086412724,
        1728.281086412724,
        1828.281086412724,
        1778.281086412724,
        1678.281086412724,
        1778.281086412724,
        1728.281086412724,
        1728.281086412724,
        1828.281086412724,
        1778.281086412724,
        1778.281086412724,
        1678.281086412724,
        1728.281086412724,
        1628.281086412724,
        1778.281086412724,
        1678.281086412724,
        1878.281086412724,
        1628.281086412724,
        1678.281086412724,
        1728.281086412724,
        1928.281086412724,
        1828.281086412724,
        1878.281086412724,
        1728.281086412724,
        1828.281086412724,
        1828.281086412724,
        1778.281086412724,
        1728.281086412724,
        1678.281086412724,
        1828.281086412724,
        1828.281086412724
      ],
      "mean_latency_ms": 1777.4680782826429,
      "median_latency_ms": 1778.281086412724,
      "cache_hit_rate": 0.9377540650406504,
      "cache_misses": 490,
      "cache_evictions": 3659,
      "wasted_prefetches": 776,
      "total_prefetches": 3314,
      "dedup_skipped": 18088,
      "expert_demands": 7872,
      "expert_hits": 7382
    },