{
  "model": "mixtral_8x7b",
  "gpu_memory_gb": 16.0,
  "cache_capacity": 157,
  "total_experts": 256,
  "tokens": 114,
  "measured": {
    "predictor_ms": 0.3377369986847043,
    "layer_compute_ms": 49.32595798186958,
    "transfer_ms": 50.0
  },
  "baseline": {
    "per_token_latency": [
      4578.4306554198265,
      3828.4306554198265,
      3328.4306554198265,
      2678.4306554198265,
      2528.4306554198265,
      2528.4306554198265,
      3078.4306554198265,
      3278.4306554198265,
      2378.4306554198265,
      2628.4306554198265,
      2478.4306554198265,
      2828.4306554198265,
      3078.4306554198265,
      3378.4306554198265,
      2578.4306554198265,
      2228.4306554198265,
      2278.4306554198265,
      2978.4306554198265,
      2778.4306554198265,
      2378.4306554198265,
      2128.4306554198265,
      1778.4306554198265,
      1978.4306554198265,
      2228.4306554198265,
      3528.4306554198265,
      3428.4306554198265,
      2678.4306554198265,
      3428.4306554198265,
      2928.4306554198265,
      2228.4306554198265,
      2928.4306554198265,
      2778.4306554198265,
      2928.4306554198265,
      2028.4306554198265,
      2128.4306554198265,
      2978.4306554198265,
      2528.4306554198265,
      3228.4306554198265,
      2678.4306554198265,
      2528.4306554198265,
      2678.4306554198265,
      2728.4306554198265,
      2778.4306554198265,
      2828.4306554198265,
      2478.4306554198265,
      2628.4306554198265,
      2978.4306554198265,
      2978.4306554198265,
      3178.4306554198265,
      3078.4306554198265,
      2478.4306554198265,
      2128.4306554198265,
      2778.4306554198265,
      3028.4306554198265,
      2878.4306554198265,
      2978.4306554198265,
      2828.4306554198265,
      1978.4306554198265,
      2878.4306554198265,
      1878.4306554198265,
      2978.4306554198265,
      3228.4306554198265,
      3078.4306554198265,
      3178.4306554198265,
      3128.4306554198265,
      2528.4306554198265,
      2378.4306554198265,
      2828.4306554198265,
      2478.4306554198265,
      2178.4306554198265,
      2128.4306554198265,
      2478.4306554198265,
      2378.4306554198265,
      1878.4306554198265,
      3028.4306554198265,
      2178.4306554198265,
      2278.4306554198265,
      2278.4306554198265,
      2378.4306554198265,
      2078.4306554198265,
      2178.4306554198265,
      2128.4306554198265,
      2128.4306554198265,
      2478.4306554198265,
      2478.4306554198265,
      2778.4306554198265,
      2778.4306554198265,
      2428.4306554198265,
      3078.4306554198265,
      3228.4306554198265,
      2428.4306554198265,
      2828.4306554198265,
      2628.4306554198265,
      2228.4306554198265,
      1928.4306554198265,
      2578.4306554198265,
      2328.4306554198265,
      2128.4306554198265,
      2728.4306554198265,
      2878.4306554198265,
      2728.4306554198265,
      2428.4306554198265,
      2578.4306554198265,
      2778.4306554198265,
      2328.4306554198265,
      2578.4306554198265,
      2928.4306554198265,
      2578.4306554198265,
      2628.4306554198265,
      2278.4306554198265,
      2628.4306554198265,
      2928.4306554198265,
      2828.4306554198265,
      2778.4306554198265
    ],
    "mean_latency_ms": 2662.202585244388,
    "median_latency_ms": 2628.4306554198265,
    "cache_hit_rate": 0.6613212719298246,
    "cache_misses": 2471,
    "cache_evictions": 2326,
    "wasted_prefetches": 0,
    "total_prefetches": 0,
    "dedup_skipped": 0,
    "expert_demands": 7296,
    "expert_hits": 4825
  },
  "prefetched_by_K": {
    "2": {
      "per_token_latency": [
        1689.238239377737,
        1789.238239377737,
        1939.238239377737,
        1839.238239377737,
        1839.238239377737,
        1689.238239377737,
        1839.238239377737,
        1789.238239377737,
        1839.238239377737,
        1789.238239377737,
        1889.238239377737,
        1739.238239377737,
        1839.238239377737,
        1739.238239377737,
        1639.238239377737,
        1789.238239377737,
        1789.238239377737,
        1789.238239377737,
        1939.238239377737,
        1889.238239377737,
        1789.238239377737,
        1739.238239377737,
        1639.238239377737,
        1789.238239377737,
        1839.238239377737,
        1839.238239377737,
        1689.238239377737,
        2039.238239377737,
        1739.238239377737,
        1689.238239377737,
        1839.238239377737,
        1739.238239377737,
        1939.238239377737,
        1839.238239377737,
        1789.238239377737,
        1789.238239377737,
        1839.238239377737,
        1989.238239377737,
        1789.238239377737,
        1689.238239377737,
        1689.238239377737,
        1689.238239377737,
        1739.238239377737,
        1989.238239377737,
        1889.238239377737,
        1839.238239377737,
        1689.238239377737,
        1839.238239377737,
        1739.238239377737,
        1689.238239377737,
        1589.238239377737,
        1639.238239377737,
        1739.238239377737,
        1689.238239377737,
        1739.238239377737,
        1689.238239377737,
        1839.238239377737,
        1639.238239377737,
        1789.238239377737,
        1639.238239377737,
        1789.238239377737,
        1689.238239377737,
        1789.238239377737,
        1789.238239377737,
        1789.238239377737,
        1739.238239377737,
        1889.238239377737,
        1739.238239377737,
        1689.238239377737,
        1739.238239377737,
        1689.238239377737,
        1689.238239377737,
        1639.238239377737,
        1689.238239377737,
        1789.238239377737,
        1739.238239377737,
        1589.238239377737,
        1689.238239377737,
        1889.238239377737,
        1639.238239377737,
        1739.238239377737,
        1739.238239377737,
        1589.238239377737,
        1639.238239377737,
        1639.238239377737,
        1989.238239377737,
        1639.238239377737,
        1789.238239377737,
        1789.238239377737,
        1889.238239377737,
        1689.238239377737,
        1789.238239377737,
        1739.238239377737,
        1739.238239377737,
        1639.238239377737,
        1689.238239377737,
        1639.238239377737,
        1589.238239377737,
        1739.238239377737,
        1739.238239377737,
        1939.238239377737,
        1689.238239377737,
        1839.238239377737,
        2039.238239377737,
        1639.238239377737,
        1689.238239377737,
        1739.238239377737,
        1839.238239377737,
        1839.238239377737,
        1739.238239377737,
        1789.238239377737,
        1889.238239377737,
        1789.238239377737,
        1789.238239377737
      ],
      "mean_latency_ms": 1765.5540288514212,
      "median_latency_ms": 1739.238239377737,
      "cache_hit_rate": 0.9449013157894737,
      "cache_misses": 402,
      "cache_evictions": 3153,
      "wasted_prefetches": 693,
      "total_prefetches": 2896,
      "dedup_skipped": 16940,
      "expert_demands": 7296,
      "expert_hits": 6894
    },