{
  "model": "mixtral_8x7b",
  "gpu_memory_gb": 8.0,
  "cache_capacity": 23,
  "total_experts": 256,
  "tokens": 114,
  "measured": {
    "predictor_ms": 0.4051320001599379,
    "layer_compute_ms": 4.477451001992449,
    "transfer_ms": 50.0
  },
  "baseline": {
    "per_token_latency": [
      3193.2784320637584,
      3343.2784320637584,
      3343.2784320637584,
      3343.2784320637584,
      3343.2784320637584,
      3343.2784320637584,
      3343.2784320637584,
      3343.2784320637584,
      3343.2784320637584,
      3343.2784320637584,
      3343.2784320637584,
      3343.2784320637584,
      3343.2784320637584,
      3343.2784320637584,
      3343.2784320637584,
      3343.2784320637584,
      3343.2784320637584,
      3343.2784320637584,
      3343.2784320637584,
      3343.2784320637584,
      3343.2784320637584,
      3343.2784320637584,
      3343.2784320637584,
      3343.2784320637584,
      3343.2784320637584,
      3343.2784320637584,
      3343.2784320637584,
      3343.2784320637584,
      3343.2784320637584,
      3343.2784320637584,
      3343.2784320637584,
      3343.2784320637584,
      3343.2784320637584,
      3343.2784320637584,
      3343.2784320637584,
      3343.2784320637584,
      3343.2784320637584,
      3343.2784320637584,
      3343.2784320637584,
      3343.2784320637584,
      3343.2784320637584,
      3343.2784320637584,
      3343.2784320637584,
      3343.2784320637584,
      3343.2784320637584,
      3343.2784320637584,
      3343.2784320637584,
      3343.2784320637584,
      3343.2784320637584,
      3343.2784320637584,
      3343.2784320637584,
      3343.2784320637584,
      3343.2784320637584,
      3343.2784320637584,
      3343.2784320637584,
      3343.2784320637584,
      3343.2784320637584,
      3343.2784320637584,
      3343.2784320637584,
      3343.2784320637584,
      3343.2784320637584,
      3343.2784320637584,
      3343.2784320637584,
      3343.2784320637584,
      3343.2784320637584,
      3343.2784320637584,
      3343.2784320637584,
      3343.2784320637584,
      3343.2784320637584,
      3343.2784320637584,
      3343.2784320637584,
      3343.2784320637584,
      3343.2784320637584,
      3343.2784320637584,
      3343.2784320637584,
      3343.2784320637584,
      3343.2784320637584,
      3343.2784320637584,
      3343.2784320637584,
      3343.2784320637584,
      3343.2784320637584,
      3343.2784320637584,
      3343.2784320637584,
      3343.2784320637584,
      3343.2784320637584,
      3343.2784320637584,
      3343.2784320637584,
      3343.2784320637584,
      3343.2784320637584,
      3343.2784320637584,
      3343.2784320637584,
      3343.2784320637584,
      3343.2784320637584,
      3343.2784320637584,
      3343.2784320637584,
      3343.2784320637584,
      3343.2784320637584,
      3343.2784320637584,
      3343.2784320637584,
      3343.2784320637584,
      3343.2784320637584,
      3343.2784320637584,
      3343.2784320637584,
      3343.2784320637584,
      3343.2784320637584,
      3343.2784320637584,
      3343.2784320637584,
      3343.2784320637584,
      3343.2784320637584,
      3343.2784320637584,
      3343.2784320637584,
      3343.2784320637584,
      3343.2784320637584,
      3343.2784320637584
    ],
    "mean_latency_ms": 3341.962642590074,
    "median_latency_ms": 3343.2784320637584,
    "cache_hit_rate": 0.00041118421052631577,
    "cache_misses": 7293,
    "cache_evictions": 7282,
    "wasted_prefetches": 0,
    "total_prefetches": 0,
    "dedup_skipped": 0,
    "expert_demands": 7296,
    "expert_hits": 3
  },
  "prefetched_by_K": {
    "2": {
      "per_token_latency": [
        3206.2426560688764,
        3356.2426560688764,
        3356.2426560688764,
        3356.2426560688764,
        3356.2426560688764,
        3356.2426560688764,
        3356.2426560688764,
        3356.2426560688764,
        3356.2426560688764,
        3356.2426560688764,
        3356.2426560688764,
        3356.2426560688764,
        3356.2426560688764,
        3356.2426560688764,
        3356.2426560688764,
        3356.2426560688764,
        3356.2426560688764,
        3356.2426560688764,
        3356.2426560688764,
        3356.2426560688764,
        3356.2426560688764,
        3356.2426560688764,
        3356.2426560688764,
        3356.2426560688764,
        3356.2426560688764,
        3356.2426560688764,
        3356.2426560688764,
        3356.2426560688764,
        3356.2426560688764,
        3356.2426560688764,
        3356.2426560688764,
        3356.2426560688764,
        3356.2426560688764,
        3356.2426560688764,
        3356.2426560688764,
        3356.2426560688764,
        3356.2426560688764,
        3356.2426560688764,
        3356.2426560688764,
        3356.2426560688764,
        3356.2426560688764,
        3356.2426560688764,
        3356.2426560688764,
        3356.2426560688764,
        3356.2426560688764,
        3356.2426560688764,
        3356.2426560688764,
        3356.2426560688764,
        3356.2426560688764,
        3356.2426560688764,
        3356.2426560688764,
        3356.2426560688764,
        3356.2426560688764,
        3356.2426560688764,
        3356.2426560688764,
        3356.2426560688764,
        3356.2426560688764,
        3356.2426560688764,
        3356.2426560688764,
        3356.2426560688764,
        3356.2426560688764,
        3356.2426560688764,
        3356.2426560688764,
        3356.2426560688764,
        3356.2426560688764,
        3356.2426560688764,
        3356.2426560688764,
        3356.2426560688764,
        3356.2426560688764,
        3356.2426560688764,
        3356.2426560688764,
        3356.2426560688764,
        3356.2426560688764,
        3356.2426560688764,
        3356.2426560688764,
        3356.2426560688764,
        3356.2426560688764,
        3356.2426560688764,
        3356.2426560688764,
        3356.2426560688764,
        3356.2426560688764,
        3356.2426560688764,
        3356.2426560688764,
        3356.2426560688764,
        3356.2426560688764,
        3356.2426560688764,
        3356.2426560688764,
        3356.2426560688764,
        3356.2426560688764,
        3356.2426560688764,
        3356.2426560688764,
        3356.2426560688764,
        3356.2426560688764,
        3356.2426560688764,
        3356.2426560688764,
        3356.2426560688764,
        3356.2426560688764,
        3356.2426560688764,
        3356.2426560688764,
        3356.2426560688764,
        3356.2426560688764,
        3356.2426560688764,
        3356.2426560688764,
        3356.2426560688764,
        3356.2426560688764,
        3356.2426560688764,
        3356.2426560688764,
        3356.2426560688764,
        3356.2426560688764,
        3356.2426560688764,
        3356.2426560688764,
        3356.2426560688764,
        3356.2426560688764,
        3356.2426560688764
      ],
      "mean_latency_ms": 3354.926866595192,
      "median_latency_ms": 3356.2426560688764,
      "cache_hit_rate": 0.00041118421052631577,
      "cache_misses": 7293,
      "cache_evictions": 7282,
      "wasted_prefetches": 0,
      "total_prefetches": 0,
      "dedup_skipped": 0,
      "expert_demands": 7296,
      "expert_hits": 3
    },