{
  "model": "mixtral_8x7b",
  "gpu_memory_gb": 4.0,
  "cache_capacity": 1,
  "total_experts": 256,
  "tokens": 114,
  "measured": {
    "predictor_ms": 0.4244599993689917,
    "layer_compute_ms": 17.079653997905552,
    "transfer_ms": 50.0
  },
  "baseline": {
    "per_token_latency": [
      3746.5489279329777,
      3746.5489279329777,
      3746.5489279329777,
      3746.5489279329777,
      3746.5489279329777,
      3746.5489279329777,
      3746.5489279329777,
      3746.5489279329777,
      3746.5489279329777,
      3746.5489279329777,
      3746.5489279329777,
      3746.5489279329777,
      3746.5489279329777,
      3746.5489279329777,
      3746.5489279329777,
      3746.5489279329777,
      3746.5489279329777,
      3746.5489279329777,
      3746.5489279329777,
      3746.5489279329777,
      3746.5489279329777,
      3746.5489279329777,
      3746.5489279329777,
      3746.5489279329777,
      3746.5489279329777,
      3746.5489279329777,
      3746.5489279329777,
      3746.5489279329777,
      3746.5489279329777,
      3746.5489279329777,
      3746.5489279329777,
      3746.5489279329777,
      3746.5489279329777,
      3746.5489279329777,
      3746.5489279329777,
      3746.5489279329777,
      3746.5489279329777,
      3746.5489279329777,
      3746.5489279329777,
      3746.5489279329777,
      3746.5489279329777,
      3746.5489279329777,
      3746.5489279329777,
      3746.5489279329777,
      3746.5489279329777,
      3746.5489279329777,
      3746.5489279329777,
      3746.5489279329777,
      3746.5489279329777,
      3746.5489279329777,
      3746.5489279329777,
      3746.5489279329777,
      3746.5489279329777,
      3746.5489279329777,
      3746.5489279329777,
      3746.5489279329777,
      3746.5489279329777,
      3746.5489279329777,
      3746.5489279329777,
      3746.5489279329777,
      3746.5489279329777,
      3746.5489279329777,
      3746.5489279329777,
      3746.5489279329777,
      3746.5489279329777,
      3746.5489279329777,
      3746.5489279329777,
      3746.5489279329777,
      3746.5489279329777,
      3746.5489279329777,
      3746.5489279329777,
      3746.5489279329777,
      3746.5489279329777,
      3746.5489279329777,
      3746.5489279329777,
      3746.5489279329777,
      3746.5489279329777,
      3746.5489279329777,
      3746.5489279329777,
      3746.5489279329777,
      3746.5489279329777,
      3746.5489279329777,
      3746.5489279329777,
      3746.5489279329777,
      3746.5489279329777,
      3746.5489279329777,
      3746.5489279329777,
      3746.5489279329777,
      3746.5489279329777,
      3746.5489279329777,
      3746.5489279329777,
      3746.5489279329777,
      3746.5489279329777,
      3746.5489279329777,
      3746.5489279329777,
      3746.5489279329777,
      3746.5489279329777,
      3746.5489279329777,
      3746.5489279329777,
      3746.5489279329777,
      3746.5489279329777,
      3746.5489279329777,
      3746.5489279329777,
      3746.5489279329777,
      3746.5489279329777,
      3746.5489279329777,
      3746.5489279329777,
      3746.5489279329777,
      3746.5489279329777,
      3746.5489279329777,
      3746.5489279329777,
      3746.5489279329777,
      3746.5489279329777,
      3746.5489279329777
    ],
    "mean_latency_ms": 3746.5489279329777,
    "median_latency_ms": 3746.5489279329777,
    "cache_hit_rate": 0.0,
    "cache_misses": 7296,
    "cache_evictions": 7307,
    "wasted_prefetches": 0,
    "total_prefetches": 0,
    "dedup_skipped": 0,
    "expert_demands": 7296,
    "expert_hits": 0
  },
  "prefetched_by_K": {
    "2": {
      "per_token_latency": [
        3760.1316479127854,
        3760.1316479127854,
        3760.1316479127854,
        3760.1316479127854,
        3760.1316479127854,
        3760.1316479127854,
        3760.1316479127854,
        3760.1316479127854,
        3760.1316479127854,
        3760.1316479127854,
        3760.1316479127854,
        3760.1316479127854,
        3760.1316479127854,
        3760.1316479127854,
        3760.1316479127854,
        3760.1316479127854,
        3760.1316479127854,
        3760.1316479127854,
        3760.1316479127854,
        3760.1316479127854,
        3760.1316479127854,
        3760.1316479127854,
        3760.1316479127854,
        3760.1316479127854,
        3760.1316479127854,
        3760.1316479127854,
        3760.1316479127854,
        3760.1316479127854,
        3760.1316479127854,
        3760.1316479127854,
        3760.1316479127854,
        3760.1316479127854,
        3760.1316479127854,
        3760.1316479127854,
        3760.1316479127854,
        3760.1316479127854,
        3760.1316479127854,
        3760.1316479127854,
        3760.1316479127854,
        3760.1316479127854,
        3760.1316479127854,
        3760.1316479127854,
        3760.1316479127854,
        3760.1316479127854,
        3760.1316479127854,
        3760.1316479127854,
        3760.1316479127854,
        3760.1316479127854,
        3760.1316479127854,
        3760.1316479127854,
        3760.1316479127854,
        3760.1316479127854,
        3760.1316479127854,
        3760.1316479127854,
        3760.1316479127854,
        3760.1316479127854,
        3760.1316479127854,
        3760.1316479127854,
        3760.1316479127854,
        3760.1316479127854,
        3760.1316479127854,
        3760.1316479127854,
        3760.1316479127854,
        3760.1316479127854,
        3760.1316479127854,
        3760.1316479127854,
        3760.1316479127854,
        3760.1316479127854,
        3760.1316479127854,
        3760.1316479127854,
        3760.1316479127854,
        3760.1316479127854,
        3760.1316479127854,
        3760.1316479127854,
        3760.1316479127854,
        3760.1316479127854,
        3760.1316479127854,
        3760.1316479127854,
        3760.1316479127854,
        3760.1316479127854,
        3760.1316479127854,
        3760.1316479127854,
        3760.1316479127854,
        3760.1316479127854,
        3760.1316479127854,
        3760.1316479127854,
        3760.1316479127854,
        3760.1316479127854,
        3760.1316479127854,
        3760.1316479127854,
        3760.1316479127854,
        3760.1316479127854,
        3760.1316479127854,
        3760.1316479127854,
        3760.1316479127854,
        3760.1316479127854,
        3760.1316479127854,
        3760.1316479127854,
        3760.1316479127854,
        3760.1316479127854,
        3760.1316479127854,
        3760.1316479127854,
        3760.1316479127854,
        3760.1316479127854,
        3760.1316479127854,
        3760.1316479127854,
        3760.1316479127854,
        3760.1316479127854,
        3760.1316479127854,
        3760.1316479127854,
        3760.1316479127854,
        3760.1316479127854,
        3760.1316479127854,
        3760.1316479127854
      ],
      "mean_latency_ms": 3760.1316479127854,
      "median_latency_ms": 3760.1316479127854,
      "cache_hit_rate": 0.0,
      "cache_misses": 7296,
      "cache_evictions": 20303,
      "wasted_prefetches": 1725,
      "total_prefetches": 12996,
      "dedup_skipped": 0,
      "expert_demands": 7296,
      "expert_hits": 0
    },