{
  "model": "mixtral_8x7b",
  "gpu_memory_gb": 32.0,
  "cache_capacity": 157,
  "total_experts": 256,
  "tokens": 114,
  "measured": {
    "predictor_ms": 0.4127549980476033,
    "layer_compute_ms": 17.081447022035718,
    "transfer_ms": 50.0
  },
  "baseline": {
    "per_token_latency": [
      3546.606304705143,
      2896.606304705143,
      1996.606304705143,
      1846.606304705143,
      1496.606304705143,
      1846.606304705143,
      2096.606304705143,
      2096.606304705143,
      1346.606304705143,
      1496.606304705143,
      1396.606304705143,
      1896.606304705143,
      1846.606304705143,
      2346.606304705143,
      1746.606304705143,
      1046.606304705143,
      1296.606304705143,
      1946.606304705143,
      1646.606304705143,
      1446.606304705143,
      1096.606304705143,
      896.606304705143,
      996.606304705143,
      1396.606304705143,
      2346.606304705143,
      2296.606304705143,
      1646.606304705143,
      2546.606304705143,
      1996.606304705143,
      996.606304705143,
      1896.606304705143,
      1646.606304705143,
      1746.606304705143,
      1196.606304705143,
      896.606304705143,
      1846.606304705143,
      1446.606304705143,
      2246.606304705143,
      1546.606304705143,
      1596.606304705143,
      1596.606304705143,
      1896.606304705143,
      1796.606304705143,
      1596.606304705143,
      1446.606304705143,
      1596.606304705143,
      1946.606304705143,
      1896.606304705143,
      2246.606304705143,
      2096.606304705143,
      1396.606304705143,
      1146.606304705143,
      1796.606304705143,
      1796.606304705143,
      1996.606304705143,
      1946.606304705143,
      1846.606304705143,
      846.606304705143,
      2096.606304705143,
      1046.606304705143,
      1846.606304705143,
      2046.606304705143,
      1896.606304705143,
      2246.606304705143,
      2046.606304705143,
      1496.606304705143,
      1296.606304705143,
      1096.606304705143,
      1546.606304705143,
      1096.606304705143,
      1096.606304705143,
      1646.606304705143,
      1446.606304705143,
      896.606304705143,
      2496.606304705143,
      1096.606304705143,
      1196.606304705143,
      1296.606304705143,
      1446.606304705143,
      996.606304705143,
      896.606304705143,
      1096.606304705143,
      1246.606304705143,
      1446.606304705143,
      1346.606304705143,
      1896.606304705143,
      1846.606304705143,
      1396.606304705143,
      1996.606304705143,
      1596.606304705143,
      1246.606304705143,
      1896.606304705143,
      1746.606304705143,
      1096.606304705143,
      1046.606304705143,
      1546.606304705143,
      1246.606304705143,
      1196.606304705143,
      1696.606304705143,
      1796.606304705143,
      1646.606304705143,
      1446.606304705143,
      1446.606304705143,
      1946.606304705143,
      1246.606304705143,
      1096.606304705143,
      2096.606304705143,
      1496.606304705143,
      1896.606304705143,
      1346.606304705143,
      1496.606304705143,
      2096.606304705143,
      1746.606304705143,
      1646.606304705143
    ],
    "mean_latency_ms": 1629.5010415472482,
    "median_latency_ms": 1596.606304705143,
    "cache_hit_rate": 0.6615953947368421,
    "cache_misses": 2469,
    "cache_evictions": 2324,
    "wasted_prefetches": 0,
    "total_prefetches": 0,
    "dedup_skipped": 0,
    "expert_demands": 7296,
    "expert_hits": 4827
  },
  "prefetched_by_K": {
    "2": {
      "per_token_latency": [
        1209.8144646426663,
        1109.8144646426663,
        759.8144646426663,
        909.8144646426663,
        909.8144646426663,
        1009.8144646426663,
        1009.8144646426663,
        809.8144646426663,
        809.8144646426663,
        809.8144646426663,
        859.8144646426663,
        959.8144646426663,
        809.8144646426663,
        959.8144646426663,
        759.8144646426663,
        759.8144646426663,
        809.8144646426663,
        959.8144646426663,
        909.8144646426663,
        1009.8144646426663,
        859.8144646426663,
        809.8144646426663,
        609.8144646426663,
        809.8144646426663,
        909.8144646426663,
        909.8144646426663,
        809.8144646426663,
        909.8144646426663,
        1009.8144646426663,
        659.8144646426663,
        859.8144646426663,
        809.8144646426663,
        909.8144646426663,
        909.8144646426663,
        709.8144646426663,
        659.8144646426663,
        859.8144646426663,
        759.8144646426663,
        859.8144646426663,
        759.8144646426663,
        859.8144646426663,
        859.8144646426663,
        859.8144646426663,
        909.8144646426663,
        1009.8144646426663,
        859.8144646426663,
        759.8144646426663,
        909.8144646426663,
        909.8144646426663,
        959.8144646426663,
        659.8144646426663,
        709.8144646426663,
        759.8144646426663,
        909.8144646426663,
        759.8144646426663,
        609.8144646426663,
        909.8144646426663,
        659.8144646426663,
        809.8144646426663,
        659.8144646426663,
        759.8144646426663,
        809.8144646426663,
        859.8144646426663,
        759.8144646426663,
        859.8144646426663,
        809.8144646426663,
        759.8144646426663,
        709.8144646426663,
        759.8144646426663,
        609.8144646426663,
        659.8144646426663,
        709.8144646426663,
        809.8144646426663,
        609.8144646426663,
        909.8144646426663,
        809.8144646426663,
        809.8144646426663,
        809.8144646426663,
        809.8144646426663,
        709.8144646426663,
        659.8144646426663,
        759.8144646426663,
        609.8144646426663,
        809.8144646426663,
        659.8144646426663,
        1109.8144646426663,
        709.8144646426663,
        909.8144646426663,
        859.8144646426663,
        1009.8144646426663,
        859.8144646426663,
        759.8144646426663,
        959.8144646426663,
        759.8144646426663,
        659.8144646426663,
        809.8144646426663,
        709.8144646426663,
        759.8144646426663,
        909.8144646426663,
        859.8144646426663,
        1059.8144646426663,
        809.8144646426663,
        1009.8144646426663,
        909.8144646426663,
        759.8144646426663,
        909.8144646426663,
        909.8144646426663,
        959.8144646426663,
        859.8144646426663,
        709.8144646426663,
        1009.8144646426663,
        909.8144646426663,
        859.8144646426663,
        1009.8144646426663
      ],
      "mean_latency_ms": 833.9372716602102,
      "median_latency_ms": 809.8144646426663,
      "cache_hit_rate": 0.9143366228070176,
      "cache_misses": 625,
      "cache_evictions": 2978,
      "wasted_prefetches": 602,
      "total_prefetches": 2498,
      "dedup_skipped": 10498,
      "expert_demands": 7296,
      "expert_hits": 6671
    },