{
  "model": "mixtral_8x7b",
  "gpu_memory_gb": 8.0,
  "cache_capacity": 64,
  "total_experts": 256,
  "tokens": 114,
  "measured": {
    "predictor_ms": 0.37773099785408704,
    "layer_compute_ms": 45.86516593489796,
    "transfer_ms": 50.0
  },
  "baseline": {
    "per_token_latency": [
      4467.685309916735,
      4067.6853099167347,
      3917.6853099167347,
      4117.685309916735,
      3967.6853099167347,
      3617.6853099167347,
      3717.6853099167347,
      4067.6853099167347,
      3217.6853099167347,
      4167.685309916735,
      3817.6853099167347,
      3617.6853099167347,
      3567.6853099167347,
      4167.685309916735,
      3867.6853099167347,
      3167.6853099167347,
      3817.6853099167347,
      3767.6853099167347,
      4467.685309916735,
      3867.6853099167347,
      3267.6853099167347,
      3517.6853099167347,
      3717.6853099167347,
      3667.6853099167347,
      4017.6853099167347,
      4067.6853099167347,
      3317.6853099167347,
      4017.6853099167347,
      3767.6853099167347,
      4117.685309916735,
      4167.685309916735,
      4517.685309916735,
      3867.6853099167347,
      2617.6853099167347,
      4217.685309916735,
      4017.6853099167347,
      3017.6853099167347,
      4067.6853099167347,
      3917.6853099167347,
      3867.6853099167347,
      3967.6853099167347,
      3717.6853099167347,
      4067.6853099167347,
      3617.6853099167347,
      3667.6853099167347,
      3817.6853099167347,
      3517.6853099167347,
      3917.6853099167347,
      3767.6853099167347,
      4017.6853099167347,
      3117.6853099167347,
      3317.6853099167347,
      3667.6853099167347,
      4117.685309916735,
      3717.6853099167347,
      3867.6853099167347,
      3617.6853099167347,
      2767.6853099167347,
      3817.6853099167347,
      3217.6853099167347,
      3717.6853099167347,
      4117.685309916735,
      3717.6853099167347,
      3917.6853099167347,
      4217.685309916735,
      3217.6853099167347,
      3467.6853099167347,
      4167.685309916735,
      3817.6853099167347,
      3817.6853099167347,
      4117.685309916735,
      3717.6853099167347,
      3467.6853099167347,
      3517.6853099167347,
      4117.685309916735,
      3667.6853099167347,
      4117.685309916735,
      3267.6853099167347,
      3867.6853099167347,
      3417.6853099167347,
      4067.6853099167347,
      3867.6853099167347,
      4017.6853099167347,
      3867.6853099167347,
      3717.6853099167347,
      4417.685309916735,
      3867.6853099167347,
      3867.6853099167347,
      4217.685309916735,
      3917.6853099167347,
      3967.6853099167347,
      4317.685309916735,
      4167.685309916735,
      3817.6853099167347,
      4017.6853099167347,
      3767.6853099167347,
      3617.6853099167347,
      3467.6853099167347,
      3317.6853099167347,
      4067.6853099167347,
      4167.685309916735,
      3167.6853099167347,
      3967.6853099167347,
      4417.685309916735,
      3917.6853099167347,
      3867.6853099167347,
      4067.6853099167347,
      3967.6853099167347,
      4217.685309916735,
      3917.6853099167347,
      3867.6853099167347,
      3867.6853099167347,
      3717.6853099167347,
      3617.6853099167347
    ],
    "mean_latency_ms": 3816.3695204430505,
    "median_latency_ms": 3867.6853099167347,
    "cache_hit_rate": 0.2660361842105263,
    "cache_misses": 5355,
    "cache_evictions": 5303,
    "wasted_prefetches": 0,
    "total_prefetches": 0,
    "dedup_skipped": 0,
    "expert_demands": 7296,
    "expert_hits": 1941
  },
  "prefetched_by_K": {
    "2": {
      "per_token_latency": [
        1579.7727018480655,
        1679.7727018480655,
        2029.7727018480655,
        1979.7727018480655,
        1979.7727018480655,
        1829.7727018480655,
        1979.7727018480655,
        2079.7727018480655,
        1929.7727018480655,
        1979.7727018480655,
        1979.7727018480655,
        1929.7727018480655,
        1979.7727018480655,
        1829.7727018480655,
        1929.7727018480655,
        1929.7727018480655,
        1979.7727018480655,
        1929.7727018480655,
        1879.7727018480655,
        1979.7727018480655,
        2029.7727018480655,
        1779.7727018480655,
        1929.7727018480655,
        2029.7727018480655,
        2079.7727018480655,
        2029.7727018480655,
        1829.7727018480655,
        1979.7727018480655,
        1979.7727018480655,
        1829.7727018480655,
        2079.7727018480655,
        1879.7727018480655,
        2129.7727018480655,
        1929.7727018480655,
        1979.7727018480655,
        1779.7727018480655,
        1929.7727018480655,
        2029.7727018480655,
        1929.7727018480655,
        1679.7727018480655,
        1879.7727018480655,
        1779.7727018480655,
        1979.7727018480655,
        2079.7727018480655,
        1929.7727018480655,
        1979.7727018480655,
        1779.7727018480655,
        1829.7727018480655,
        1829.7727018480655,
        1829.7727018480655,
        1879.7727018480655,
        1779.7727018480655,
        1829.7727018480655,
        1829.7727018480655,
        1729.7727018480655,
        1829.7727018480655,
        1829.7727018480655,
        1929.7727018480655,
        1879.7727018480655,
        1879.7727018480655,
        1829.7727018480655,
        1729.7727018480655,
        1779.7727018480655,
        1929.7727018480655,
        1879.7727018480655,
        1929.7727018480655,
        1879.7727018480655,
        1729.7727018480655,
        1829.7727018480655,
        1729.7727018480655,
        1779.7727018480655,
        1779.7727018480655,
        1779.7727018480655,
        1729.7727018480655,
        1779.7727018480655,
        1679.7727018480655,
        1679.7727018480655,
        1829.7727018480655,
        1879.7727018480655,
        1729.7727018480655,
        1829.7727018480655,
        1729.7727018480655,
        1729.7727018480655,
        1779.7727018480655,
        1829.7727018480655,
        1979.7727018480655,
        1829.7727018480655,
        1879.7727018480655,
        1879.7727018480655,
        2129.7727018480655,
        1879.7727018480655,
        1829.7727018480655,
        1779.7727018480655,
        1679.7727018480655,
        1729.7727018480655,
        1729.7727018480655,
        1729.7727018480655,
        1879.7727018480655,
        1929.7727018480655,
        1829.7727018480655,
        1879.7727018480655,
        2079.7727018480655,
        1879.7727018480655,
        2029.7727018480655,
        1879.7727018480655,
        1779.7727018480655,
        1829.7727018480655,
        1879.7727018480655,
        1929.7727018480655,
        1929.7727018480655,
        1979.7727018480655,
        2079.7727018480655,
        1829.7727018480655,
        1729.7727018480655
      ],
      "mean_latency_ms": 1874.9481404445567,
      "median_latency_ms": 1879.7727018480655,
      "cache_hit_rate": 0.8765076754385965,
      "cache_misses": 901,
      "cache_evictions": 9274,
      "wasted_prefetches": 2055,
      "total_prefetches": 8425,
      "dedup_skipped": 11411,
      "expert_demands": 7296,
      "expert_hits": 6395
    },