{
  "model": "mixtral_8x7b",
  "gpu_memory_gb": 4.0,
  "cache_capacity": 17,
  "total_experts": 256,
  "tokens": 123,
  "measured": {
    "predictor_ms": 0.4031549979990814,
    "layer_compute_ms": 42.41856702696532,
    "transfer_ms": 50.0
  },
  "baseline": {
    "per_token_latency": [
      4457.39414486289,
      4557.39414486289,
      4557.39414486289,
      4557.39414486289,
      4557.39414486289,
      4557.39414486289,
      4557.39414486289,
      4557.39414486289,
      4557.39414486289,
      4557.39414486289,
      4557.39414486289,
      4557.39414486289,
      4557.39414486289,
      4557.39414486289,
      4557.39414486289,
      4557.39414486289,
      4557.39414486289,
      4557.39414486289,
      4557.39414486289,
      4557.39414486289,
      4557.39414486289,
      4557.39414486289,
      4557.39414486289,
      4557.39414486289,
      4557.39414486289,
      4557.39414486289,
      4557.39414486289,
      4557.39414486289,
      4557.39414486289,
      4557.39414486289,
      4557.39414486289,
      4557.39414486289,
      4557.39414486289,
      4557.39414486289,
      4557.39414486289,
      4557.39414486289,
      4557.39414486289,
      4557.39414486289,
      4557.39414486289,
      4557.39414486289,
      4557.39414486289,
      4557.39414486289,
      4557.39414486289,
      4557.39414486289,
      4557.39414486289,
      4557.39414486289,
      4557.39414486289,
      4557.39414486289,
      4557.39414486289,
      4557.39414486289,
      4557.39414486289,
      4557.39414486289,
      4557.39414486289,
      4557.39414486289,
      4557.39414486289,
      4557.39414486289,
      4557.39414486289,
      4557.39414486289,
      4557.39414486289,
      4557.39414486289,
      4557.39414486289,
      4557.39414486289,
      4557.39414486289,
      4557.39414486289,
      4557.39414486289,
      4557.39414486289,
      4557.39414486289,
      4557.39414486289,
      4557.39414486289,
      4557.39414486289,
      4557.39414486289,
      4557.39414486289,
      4557.39414486289,
      4557.39414486289,
      4557.39414486289,
      4557.39414486289,
      4557.39414486289,
      4557.39414486289,
      4557.39414486289,
      4557.39414486289,
      4557.39414486289,
      4557.39414486289,
      4557.39414486289,
      4557.39414486289,
      4557.39414486289,
      4557.39414486289,
      4557.39414486289,
      4557.39414486289,
      4557.39414486289,
      4557.39414486289,
      4557.39414486289,
      4557.39414486289,
      4557.39414486289,
      4557.39414486289,
      4557.39414486289,
      4557.39414486289,
      4557.39414486289,
      4557.39414486289,
      4557.39414486289,
      4557.39414486289,
      4557.39414486289,
      4557.39414486289,
      4557.39414486289,
      4557.39414486289,
      4557.39414486289,
      4557.39414486289,
      4557.39414486289,
      4557.39414486289,
      4557.39414486289,
      4557.39414486289,
      4557.39414486289,
      4557.39414486289,
      4557.39414486289,
      4557.39414486289,
      4557.39414486289,
      4557.39414486289,
      4557.39414486289,
      4557.39414486289,
      4557.39414486289,
      4557.39414486289,
      4557.39414486289,
      4557.39414486289,
      4557.39414486289
    ],
    "mean_latency_ms": 4556.581136732809,
    "median_latency_ms": 4557.39414486289,
    "cache_hit_rate": 0.00025406504065040653,
    "cache_misses": 7870,
    "cache_evictions": 7865,
    "wasted_prefetches": 0,
    "total_prefetches": 0,
    "dedup_skipped": 0,
    "expert_demands": 7872,
    "expert_hits": 2
  },
  "prefetched_by_K": {
    "2": {
      "per_token_latency": [
        1520.2951047988608,
        1670.2951047988608,
        1970.2951047988608,
        1770.2951047988608,
        1670.2951047988608,
        1620.2951047988608,
        1820.2951047988608,
        1920.2951047988608,
        1920.2951047988608,
        2020.2951047988608,
        1870.2951047988608,
        1970.2951047988608,
        1720.2951047988608,
        1970.2951047988608,
        1970.2951047988608,
        1920.2951047988608,
        1870.2951047988608,
        1820.2951047988608,
        1870.2951047988608,
        1670.2951047988608,
        1870.2951047988608,
        2120.295104798861,
        2220.295104798861,
        2020.2951047988608,
        2020.2951047988608,
        2070.295104798861,
        1970.2951047988608,
        1870.2951047988608,
        1820.2951047988608,
        1870.2951047988608,
        1920.2951047988608,
        1870.2951047988608,
        1820.2951047988608,
        1820.2951047988608,
        2070.295104798861,
        1820.2951047988608,
        1970.2951047988608,
        2070.295104798861,
        1870.2951047988608,
        1970.2951047988608,
        2020.2951047988608,
        1870.2951047988608,
        1870.2951047988608,
        1970.2951047988608,
        1870.2951047988608,
        1970.2951047988608,
        2020.2951047988608,
        1920.2951047988608,
        1970.2951047988608,
        1920.2951047988608,
        1920.2951047988608,
        1920.2951047988608,
        1870.2951047988608,
        1770.2951047988608,
        1920.2951047988608,
        1820.2951047988608,
        2070.295104798861,
        2020.2951047988608,
        1870.2951047988608,
        1720.2951047988608,
        1820.2951047988608,
        1820.2951047988608,
        1670.2951047988608,
        1770.2951047988608,
        1820.2951047988608,
        1820.2951047988608,
        2070.295104798861,
        1920.2951047988608,
        1720.2951047988608,
        1870.2951047988608,
        1720.2951047988608,
        1620.2951047988608,
        1970.2951047988608,
        1770.2951047988608,
        1820.2951047988608,
        1770.2951047988608,
        1870.2951047988608,
        1570.2951047988608,
        2020.2951047988608,
        2020.2951047988608,
        2320.295104798861,
        2070.295104798861,
        1970.2951047988608,
        1870.2951047988608,
        1820.2951047988608,
        1820.2951047988608,
        1670.2951047988608,
        1870.2951047988608,
        1920.2951047988608,
        1970.2951047988608,
        1820.2951047988608,
        1720.2951047988608,
        1970.2951047988608,
        1870.2951047988608,
        1770.2951047988608,
        1770.2951047988608,
        1870.2951047988608,
        1870.2951047988608,
        1920.2951047988608,
        1920.2951047988608,
        1820.2951047988608,
        1970.2951047988608,
        2020.2951047988608,
        1920.2951047988608,
        1820.2951047988608,
        1720.2951047988608,
        1920.2951047988608,
        1770.2951047988608,
        1770.2951047988608,
        1920.2951047988608,
        1720.2951047988608,
        1920.2951047988608,
        1820.2951047988608,
        1820.2951047988608,
        2020.2951047988608,
        1870.2951047988608,
        2020.2951047988608,
        1970.2951047988608,
        2020.2951047988608,
        1970.2951047988608,
        1870.2951047988608,
        1870.2951047988608,
        1770.2951047988608
      ],
      "mean_latency_ms": 1882.0837226850397,
      "median_latency_ms": 1870.2951047988608,
      "cache_hit_rate": 0.8400660569105691,
      "cache_misses": 1259,
      "cache_evictions": 10235,
      "wasted_prefetches": 2101,
      "total_prefetches": 8981,
      "dedup_skipped": 12421,
      "expert_demands": 7872,
      "expert_hits": 6613
    },