{
  "model": "mixtral_8x7b",
  "gpu_memory_gb": 16.0,
  "cache_capacity": 64,
  "total_experts": 256,
  "tokens": 114,
  "measured": {
    "predictor_ms": 0.42171200082520954,
    "layer_compute_ms": 17.124985008500516,
    "transfer_ms": 50.0
  },
  "baseline": {
    "per_token_latency": [
      3547.9995202720165,
      3247.9995202720165,
      2947.9995202720165,
      3297.9995202720165,
      2997.9995202720165,
      2697.9995202720165,
      2797.9995202720165,
      2897.9995202720165,
      2297.9995202720165,
      3147.9995202720165,
      2697.9995202720165,
      2697.9995202720165,
      2747.9995202720165,
      3297.9995202720165,
      3097.9995202720165,
      2147.9995202720165,
      2847.9995202720165,
      3047.9995202720165,
      3447.9995202720165,
      2897.9995202720165,
      2547.9995202720165,
      2497.9995202720165,
      2697.9995202720165,
      2897.9995202720165,
      2947.9995202720165,
      3147.9995202720165,
      2447.9995202720165,
      3147.9995202720165,
      2997.9995202720165,
      3097.9995202720165,
      3497.9995202720165,
      3497.9995202720165,
      3097.9995202720165,
      2247.9995202720165,
      3247.9995202720165,
      3047.9995202720165,
      2097.9995202720165,
      3097.9995202720165,
      2897.9995202720165,
      3047.9995202720165,
      3197.9995202720165,
      3097.9995202720165,
      2997.9995202720165,
      2597.9995202720165,
      2547.9995202720165,
      2797.9995202720165,
      2797.9995202720165,
      3047.9995202720165,
      3097.9995202720165,
      3047.9995202720165,
      2247.9995202720165,
      2447.9995202720165,
      2697.9995202720165,
      3147.9995202720165,
      2847.9995202720165,
      2897.9995202720165,
      2847.9995202720165,
      1897.9995202720165,
      3047.9995202720165,
      2647.9995202720165,
      2847.9995202720165,
      3247.9995202720165,
      2797.9995202720165,
      2997.9995202720165,
      3297.9995202720165,
      2297.9995202720165,
      2397.9995202720165,
      3197.9995202720165,
      2997.9995202720165,
      3047.9995202720165,
      3097.9995202720165,
      2897.9995202720165,
      2697.9995202720165,
      2547.9995202720165,
      3247.9995202720165,
      2997.9995202720165,
      3097.9995202720165,
      2447.9995202720165,
      3047.9995202720165,
      2697.9995202720165,
      3197.9995202720165,
      2947.9995202720165,
      3147.9995202720165,
      2847.9995202720165,
      2697.9995202720165,
      3447.9995202720165,
      2997.9995202720165,
      2997.9995202720165,
      3247.9995202720165,
      2347.9995202720165,
      2597.9995202720165,
      3297.9995202720165,
      3247.9995202720165,
      2947.9995202720165,
      3247.9995202720165,
      2697.9995202720165,
      2647.9995202720165,
      2597.9995202720165,
      2447.9995202720165,
      2997.9995202720165,
      3397.9995202720165,
      2247.9995202720165,
      3247.9995202720165,
      3497.9995202720165,
      2847.9995202720165,
      2897.9995202720165,
      3197.9995202720165,
      3047.9995202720165,
      3497.9995202720165,
      2947.9995202720165,
      2847.9995202720165,
      3197.9995202720165,
      2797.9995202720165,
      2747.9995202720165
    ],
    "mean_latency_ms": 2911.5960115000867,
    "median_latency_ms": 2947.9995202720165,
    "cache_hit_rate": 0.26137609649122806,
    "cache_misses": 5389,
    "cache_evictions": 5337,
    "wasted_prefetches": 0,
    "total_prefetches": 0,
    "dedup_skipped": 0,
    "expert_demands": 7296,
    "expert_hits": 1907
  },
  "prefetched_by_K": {
    "2": {
      "per_token_latency": [
        1211.4943042984232,
        1261.4943042984232,
        1111.4943042984232,
        1261.4943042984232,
        1311.4943042984232,
        1411.4943042984232,
        1461.4943042984232,
        1311.4943042984232,
        1161.4943042984232,
        1311.4943042984232,
        1361.4943042984232,
        1161.4943042984232,
        1261.4943042984232,
        1211.4943042984232,
        1311.4943042984232,
        1111.4943042984232,
        1261.4943042984232,
        1161.4943042984232,
        1061.4943042984232,
        1461.4943042984232,
        1411.4943042984232,
        1161.4943042984232,
        1311.4943042984232,
        1211.4943042984232,
        1261.4943042984232,
        1411.4943042984232,
        1261.4943042984232,
        1111.4943042984232,
        1411.4943042984232,
        1111.4943042984232,
        1111.4943042984232,
        1161.4943042984232,
        1361.4943042984232,
        1311.4943042984232,
        1311.4943042984232,
        1011.4943042984232,
        1161.4943042984232,
        1161.4943042984232,
        1461.4943042984232,
        961.4943042984232,
        1111.4943042984232,
        1011.4943042984232,
        1411.4943042984232,
        1411.4943042984232,
        1311.4943042984232,
        1311.4943042984232,
        1161.4943042984232,
        1011.4943042984232,
        1161.4943042984232,
        1411.4943042984232,
        1161.4943042984232,
        1211.4943042984232,
        1111.4943042984232,
        1261.4943042984232,
        961.4943042984232,
        1011.4943042984232,
        1061.4943042984232,
        1261.4943042984232,
        1111.4943042984232,
        1011.4943042984232,
        1211.4943042984232,
        1111.4943042984232,
        1011.4943042984232,
        1061.4943042984232,
        1111.4943042984232,
        1211.4943042984232,
        1061.4943042984232,
        961.4943042984232,
        1011.4943042984232,
        1011.4943042984232,
        1061.4943042984232,
        1011.4943042984232,
        1061.4943042984232,
        1011.4943042984232,
        1011.4943042984232,
        1011.4943042984232,
        1161.4943042984232,
        1461.4943042984232,
        1111.4943042984232,
        961.4943042984232,
        1211.4943042984232,
        1011.4943042984232,
        1161.4943042984232,
        1161.4943042984232,
        1061.4943042984232,
        1311.4943042984232,
        1111.4943042984232,
        1161.4943042984232,
        1161.4943042984232,
        1411.4943042984232,
        1361.4943042984232,
        1061.4943042984232,
        1261.4943042984232,
        1061.4943042984232,
        1061.4943042984232,
        1011.4943042984232,
        961.4943042984232,
        1211.4943042984232,
        1211.4943042984232,
        1361.4943042984232,
        1261.4943042984232,
        1611.4943042984232,
        1361.4943042984232,
        1111.4943042984232,
        1211.4943042984232,
        1161.4943042984232,
        1261.4943042984232,
        1261.4943042984232,
        1061.4943042984232,
        1161.4943042984232,
        1361.4943042984232,
        1311.4943042984232,
        1111.4943042984232,
        1111.4943042984232
      ],
      "mean_latency_ms": 1190.003076228248,
      "median_latency_ms": 1161.4943042984232,
      "cache_hit_rate": 0.8035910087719298,
      "cache_misses": 1433,
      "cache_evictions": 8938,
      "wasted_prefetches": 1718,
      "total_prefetches": 7557,
      "dedup_skipped": 5439,
      "expert_demands": 7296,
      "expert_hits": 5863
    },