{
  "model": "mixtral_8x7b",
  "gpu_memory_gb": 8.0,
  "cache_capacity": 17,
  "total_experts": 256,
  "tokens": 114,
  "measured": {
    "predictor_ms": 0.4200560013705399,
    "layer_compute_ms": 16.927053982391953,
    "transfer_ms": 50.0
  },
  "baseline": {
    "per_token_latency": [
      3641.6657274365425,
      3741.6657274365425,
      3741.6657274365425,
      3741.6657274365425,
      3741.6657274365425,
      3741.6657274365425,
      3741.6657274365425,
      3741.6657274365425,
      3741.6657274365425,
      3741.6657274365425,
      3741.6657274365425,
      3741.6657274365425,
      3741.6657274365425,
      3741.6657274365425,
      3741.6657274365425,
      3741.6657274365425,
      3741.6657274365425,
      3741.6657274365425,
      3741.6657274365425,
      3741.6657274365425,
      3741.6657274365425,
      3741.6657274365425,
      3741.6657274365425,
      3741.6657274365425,
      3741.6657274365425,
      3741.6657274365425,
      3741.6657274365425,
      3741.6657274365425,
      3741.6657274365425,
      3741.6657274365425,
      3741.6657274365425,
      3741.6657274365425,
      3741.6657274365425,
      3741.6657274365425,
      3741.6657274365425,
      3741.6657274365425,
      3741.6657274365425,
      3741.6657274365425,
      3741.6657274365425,
      3741.6657274365425,
      3741.6657274365425,
      3741.6657274365425,
      3741.6657274365425,
      3741.6657274365425,
      3741.6657274365425,
      3741.6657274365425,
      3741.6657274365425,
      3741.6657274365425,
      3741.6657274365425,
      3741.6657274365425,
      3741.6657274365425,
      3741.6657274365425,
      3741.6657274365425,
      3741.6657274365425,
      3741.6657274365425,
      3741.6657274365425,
      3741.6657274365425,
      3741.6657274365425,
      3741.6657274365425,
      3741.6657274365425,
      3741.6657274365425,
      3741.6657274365425,
      3741.6657274365425,
      3741.6657274365425,
      3741.6657274365425,
      3741.6657274365425,
      3741.6657274365425,
      3741.6657274365425,
      3741.6657274365425,
      3741.6657274365425,
      3741.6657274365425,
      3741.6657274365425,
      3741.6657274365425,
      3741.6657274365425,
      3741.6657274365425,
      3741.6657274365425,
      3741.6657274365425,
      3741.6657274365425,
      3741.6657274365425,
      3741.6657274365425,
      3741.6657274365425,
      3741.6657274365425,
      3741.6657274365425,
      3741.6657274365425,
      3741.6657274365425,
      3741.6657274365425,
      3741.6657274365425,
      3741.6657274365425,
      3741.6657274365425,
      3741.6657274365425,
      3741.6657274365425,
      3741.6657274365425,
      3741.6657274365425,
      3741.6657274365425,
      3741.6657274365425,
      3741.6657274365425,
      3741.6657274365425,
      3741.6657274365425,
      3741.6657274365425,
      3741.6657274365425,
      3741.6657274365425,
      3741.6657274365425,
      3741.6657274365425,
      3741.6657274365425,
      3741.6657274365425,
      3741.6657274365425,
      3741.6657274365425,
      3741.6657274365425,
      3741.6657274365425,
      3741.6657274365425,
      3741.6657274365425,
      3741.6657274365425,
      3741.6657274365425,
      3741.6657274365425
    ],
    "mean_latency_ms": 3740.7885344540864,
    "median_latency_ms": 3741.6657274365425,
    "cache_hit_rate": 0.00027412280701754384,
    "cache_misses": 7294,
    "cache_evictions": 7289,
    "wasted_prefetches": 0,
    "total_prefetches": 0,
    "dedup_skipped": 0,
    "expert_demands": 7296,
    "expert_hits": 2
  },
  "prefetched_by_K": {
    "2": {
      "per_token_latency": [
        1905.1075194803998,
        1405.1075194803998,
        1255.1075194803998,
        1755.1075194803998,
        1405.1075194803998,
        2305.1075194804,
        2155.1075194804,
        1655.1075194803998,
        1405.1075194803998,
        1605.1075194803998,
        1755.1075194803998,
        1505.1075194803998,
        2755.1075194804,
        1955.1075194803998,
        1405.1075194803998,
        2355.1075194804,
        2155.1075194804,
        1405.1075194803998,
        1255.1075194803998,
        1955.1075194803998,
        2405.1075194804,
        1855.1075194803998,
        2755.1075194804,
        2455.1075194804,
        2005.1075194803998,
        1705.1075194803998,
        2055.1075194804,
        1255.1075194803998,
        2305.1075194804,
        1555.1075194803998,
        1205.1075194803998,
        1305.1075194803998,
        1605.1075194803998,
        1455.1075194803998,
        1705.1075194803998,
        1205.1075194803998,
        1605.1075194803998,
        2555.1075194804,
        2305.1075194804,
        955.1075194803998,
        1455.1075194803998,
        1355.1075194803998,
        1605.1075194803998,
        1755.1075194803998,
        2005.1075194803998,
        1605.1075194803998,
        1255.1075194803998,
        1155.1075194803998,
        1455.1075194803998,
        2255.1075194804,
        1555.1075194803998,
        1605.1075194803998,
        1405.1075194803998,
        1255.1075194803998,
        955.1075194803998,
        1205.1075194803998,
        1605.1075194803998,
        1805.1075194803998,
        2005.1075194803998,
        1655.1075194803998,
        1455.1075194803998,
        1655.1075194803998,
        1055.1075194803998,
        1105.1075194803998,
        1155.1075194803998,
        1505.1075194803998,
        1605.1075194803998,
        1005.1075194803998,
        1055.1075194803998,
        1055.1075194803998,
        1305.1075194803998,
        1305.1075194803998,
        1255.1075194803998,
        1005.1075194803998,
        1405.1075194803998,
        1055.1075194803998,
        1455.1075194803998,
        2205.1075194804,
        1955.1075194803998,
        955.1075194803998,
        1255.1075194803998,
        1005.1075194803998,
        1155.1075194803998,
        1155.1075194803998,
        1055.1075194803998,
        1855.1075194803998,
        1905.1075194803998,
        1605.1075194803998,
        1605.1075194803998,
        2055.1075194804,
        2005.1075194803998,
        1105.1075194803998,
        1655.1075194803998,
        1105.1075194803998,
        1105.1075194803998,
        1155.1075194803998,
        955.1075194803998,
        1405.1075194803998,
        1855.1075194803998,
        2005.1075194803998,
        1405.1075194803998,
        2355.1075194804,
        1905.1075194803998,
        1255.1075194803998,
        2005.1075194803998,
        1555.1075194803998,
        2155.1075194804,
        1855.1075194803998,
        1555.1075194803998,
        1655.1075194803998,
        1505.1075194803998,
        2355.1075194804,
        1505.1075194803998,
        1355.1075194803998
      ],
      "mean_latency_ms": 1601.160151059347,
      "median_latency_ms": 1555.1075194803998,
      "cache_hit_rate": 0.673108552631579,
      "cache_misses": 2385,
      "cache_evictions": 9966,
      "wasted_prefetches": 1725,
      "total_prefetches": 7586,
      "dedup_skipped": 5410,
      "expert_demands": 7296,
      "expert_hits": 4911
    },