{
  "model": "mixtral_8x7b",
  "gpu_memory_gb": 16.0,
  "cache_capacity": 46,
  "total_experts": 256,
  "tokens": 123,
  "measured": {
    "predictor_ms": 0.40374800030258484,
    "layer_compute_ms": 4.495686989510432,
    "transfer_ms": 50.0
  },
  "baseline": {
    "per_token_latency": [
      3193.861983664334,
      3343.861983664334,
      3343.861983664334,
      3343.861983664334,
      3343.861983664334,
      3343.861983664334,
      3343.861983664334,
      3343.861983664334,
      3343.861983664334,
      3343.861983664334,
      3343.861983664334,
      3343.861983664334,
      3343.861983664334,
      3343.861983664334,
      3343.861983664334,
      3343.861983664334,
      3343.861983664334,
      3343.861983664334,
      3343.861983664334,
      3343.861983664334,
      3343.861983664334,
      3343.861983664334,
      3343.861983664334,
      3343.861983664334,
      3343.861983664334,
      3343.861983664334,
      3343.861983664334,
      3343.861983664334,
      3343.861983664334,
      3343.861983664334,
      3343.861983664334,
      3343.861983664334,
      3343.861983664334,
      3343.861983664334,
      3343.861983664334,
      3343.861983664334,
      3343.861983664334,
      3343.861983664334,
      3343.861983664334,
      3343.861983664334,
      3343.861983664334,
      3343.861983664334,
      3343.861983664334,
      3343.861983664334,
      3343.861983664334,
      3343.861983664334,
      3343.861983664334,
      3343.861983664334,
      3343.861983664334,
      3343.861983664334,
      3343.861983664334,
      3343.861983664334,
      3343.861983664334,
      3343.861983664334,
      3343.861983664334,
      3343.861983664334,
      3343.861983664334,
      3343.861983664334,
      3343.861983664334,
      3343.861983664334,
      3343.861983664334,
      3343.861983664334,
      3343.861983664334,
      3343.861983664334,
      3343.861983664334,
      3343.861983664334,
      3343.861983664334,
      3343.861983664334,
      3343.861983664334,
      3343.861983664334,
      3343.861983664334,
      3343.861983664334,
      3343.861983664334,
      3343.861983664334,
      3343.861983664334,
      3343.861983664334,
      3343.861983664334,
      3343.861983664334,
      3343.861983664334,
      3343.861983664334,
      3343.861983664334,
      3343.861983664334,
      3343.861983664334,
      3343.861983664334,
      3343.861983664334,
      3343.861983664334,
      3343.861983664334,
      3343.861983664334,
      3343.861983664334,
      3343.861983664334,
      3343.861983664334,
      3343.861983664334,
      3343.861983664334,
      3343.861983664334,
      3343.861983664334,
      3343.861983664334,
      3343.861983664334,
      3343.861983664334,
      3343.861983664334,
      3343.861983664334,
      3343.861983664334,
      3343.861983664334,
      3343.861983664334,
      3343.861983664334,
      3343.861983664334,
      3343.861983664334,
      3343.861983664334,
      3343.861983664334,
      3343.861983664334,
      3343.861983664334,
      3343.861983664334,
      3343.861983664334,
      3343.861983664334,
      3343.861983664334,
      3343.861983664334,
      3343.861983664334,
      3343.861983664334,
      3343.861983664334,
      3343.861983664334,
      3343.861983664334,
      3343.861983664334,
      3343.861983664334,
      3343.861983664334
    ],
    "mean_latency_ms": 3342.642471469212,
    "median_latency_ms": 3343.861983664334,
    "cache_hit_rate": 0.00038109756097560977,
    "cache_misses": 7869,
    "cache_evictions": 7835,
    "wasted_prefetches": 0,
    "total_prefetches": 0,
    "dedup_skipped": 0,
    "expert_demands": 7872,
    "expert_hits": 3
  },
  "prefetched_by_K": {
    "2": {
      "per_token_latency": [
        3206.7819196740165,
        3356.7819196740165,
        3356.7819196740165,
        3356.7819196740165,
        3356.7819196740165,
        3356.7819196740165,
        3356.7819196740165,
        3356.7819196740165,
        3356.7819196740165,
        3356.7819196740165,
        3356.7819196740165,
        3356.7819196740165,
        3356.7819196740165,
        3356.7819196740165,
        3356.7819196740165,
        3356.7819196740165,
        3356.7819196740165,
        3356.7819196740165,
        3356.7819196740165,
        3356.7819196740165,
        3356.7819196740165,
        3356.7819196740165,
        3356.7819196740165,
        3356.7819196740165,
        3356.7819196740165,
        3356.7819196740165,
        3356.7819196740165,
        3356.7819196740165,
        3356.7819196740165,
        3356.7819196740165,
        3356.7819196740165,
        3356.7819196740165,
        3356.7819196740165,
        3356.7819196740165,
        3356.7819196740165,
        3356.7819196740165,
        3356.7819196740165,
        3356.7819196740165,
        3356.7819196740165,
        3356.7819196740165,
        3356.7819196740165,
        3356.7819196740165,
        3356.7819196740165,
        3356.7819196740165,
        3356.7819196740165,
        3356.7819196740165,
        3356.7819196740165,
        3356.7819196740165,
        3356.7819196740165,
        3356.7819196740165,
        3356.7819196740165,
        3356.7819196740165,
        3356.7819196740165,
        3356.7819196740165,
        3356.7819196740165,
        3356.7819196740165,
        3356.7819196740165,
        3356.7819196740165,
        3356.7819196740165,
        3356.7819196740165,
        3356.7819196740165,
        3356.7819196740165,
        3356.7819196740165,
        3356.7819196740165,
        3356.7819196740165,
        3356.7819196740165,
        3356.7819196740165,
        3356.7819196740165,
        3356.7819196740165,
        3356.7819196740165,
        3356.7819196740165,
        3356.7819196740165,
        3356.7819196740165,
        3356.7819196740165,
        3356.7819196740165,
        3356.7819196740165,
        3356.7819196740165,
        3356.7819196740165,
        3356.7819196740165,
        3356.7819196740165,
        3356.7819196740165,
        3356.7819196740165,
        3356.7819196740165,
        3356.7819196740165,
        3356.7819196740165,
        3356.7819196740165,
        3356.7819196740165,
        3356.7819196740165,
        3356.7819196740165,
        3356.7819196740165,
        3356.7819196740165,
        3356.7819196740165,
        3356.7819196740165,
        3356.7819196740165,
        3356.7819196740165,
        3356.7819196740165,
        3356.7819196740165,
        3356.7819196740165,
        3356.7819196740165,
        3356.7819196740165,
        3356.7819196740165,
        3356.7819196740165,
        3356.7819196740165,
        3356.7819196740165,
        3356.7819196740165,
        3356.7819196740165,
        3356.7819196740165,
        3356.7819196740165,
        3356.7819196740165,
        3356.7819196740165,
        3356.7819196740165,
        3356.7819196740165,
        3356.7819196740165,
        3356.7819196740165,
        3356.7819196740165,
        3356.7819196740165,
        3356.7819196740165,
        3356.7819196740165,
        3356.7819196740165,
        3356.7819196740165,
        3356.7819196740165,
        3356.7819196740165,
        3356.7819196740165
      ],
      "mean_latency_ms": 3355.562407478895,
      "median_latency_ms": 3356.7819196740165,
      "cache_hit_rate": 0.00038109756097560977,
      "cache_misses": 7869,
      "cache_evictions": 7835,
      "wasted_prefetches": 0,
      "total_prefetches": 0,
      "dedup_skipped": 0,
      "expert_demands": 7872,
      "expert_hits": 3
    },