{
  "model": "mixtral_8x7b",
  "gpu_memory_gb": 16.0,
  "cache_capacity": 46,
  "total_experts": 256,
  "tokens": 114,
  "measured": {
    "predictor_ms": 0.4025599989981856,
    "layer_compute_ms": 4.455645993817598,
    "transfer_ms": 50.0
  },
  "baseline": {
    "per_token_latency": [
      3192.580671802163,
      3342.580671802163,
      3342.580671802163,
      3342.580671802163,
      3342.580671802163,
      3342.580671802163,
      3342.580671802163,
      3342.580671802163,
      3342.580671802163,
      3342.580671802163,
      3342.580671802163,
      3342.580671802163,
      3342.580671802163,
      3342.580671802163,
      3342.580671802163,
      3342.580671802163,
      3342.580671802163,
      3342.580671802163,
      3342.580671802163,
      3342.580671802163,
      3342.580671802163,
      3342.580671802163,
      3342.580671802163,
      3342.580671802163,
      3342.580671802163,
      3342.580671802163,
      3342.580671802163,
      3342.580671802163,
      3342.580671802163,
      3342.580671802163,
      3342.580671802163,
      3342.580671802163,
      3342.580671802163,
      3342.580671802163,
      3342.580671802163,
      3342.580671802163,
      3342.580671802163,
      3342.580671802163,
      3342.580671802163,
      3342.580671802163,
      3342.580671802163,
      3342.580671802163,
      3342.580671802163,
      3342.580671802163,
      3342.580671802163,
      3342.580671802163,
      3342.580671802163,
      3342.580671802163,
      3342.580671802163,
      3342.580671802163,
      3342.580671802163,
      3342.580671802163,
      3342.580671802163,
      3342.580671802163,
      3342.580671802163,
      3342.580671802163,
      3342.580671802163,
      3342.580671802163,
      3342.580671802163,
      3342.580671802163,
      3342.580671802163,
      3342.580671802163,
      3342.580671802163,
      3342.580671802163,
      3342.580671802163,
      3342.580671802163,
      3342.580671802163,
      3342.580671802163,
      3342.580671802163,
      3342.580671802163,
      3342.580671802163,
      3342.580671802163,
      3342.580671802163,
      3342.580671802163,
      3342.580671802163,
      3342.580671802163,
      3342.580671802163,
      3342.580671802163,
      3342.580671802163,
      3342.580671802163,
      3342.580671802163,
      3342.580671802163,
      3342.580671802163,
      3342.580671802163,
      3342.580671802163,
      3342.580671802163,
      3342.580671802163,
      3342.580671802163,
      3342.580671802163,
      3342.580671802163,
      3342.580671802163,
      3342.580671802163,
      3342.580671802163,
      3342.580671802163,
      3342.580671802163,
      3342.580671802163,
      3342.580671802163,
      3342.580671802163,
      3342.580671802163,
      3342.580671802163,
      3342.580671802163,
      3342.580671802163,
      3342.580671802163,
      3342.580671802163,
      3342.580671802163,
      3342.580671802163,
      3342.580671802163,
      3342.580671802163,
      3342.580671802163,
      3342.580671802163,
      3342.580671802163,
      3342.580671802163,
      3342.580671802163,
      3342.580671802163
    ],
    "mean_latency_ms": 3341.264882328479,
    "median_latency_ms": 3342.580671802163,
    "cache_hit_rate": 0.00041118421052631577,
    "cache_misses": 7293,
    "cache_evictions": 7259,
    "wasted_prefetches": 0,
    "total_prefetches": 0,
    "dedup_skipped": 0,
    "expert_demands": 7296,
    "expert_hits": 3
  },
  "prefetched_by_K": {
    "2": {
      "per_token_latency": [
        3205.462591770105,
        3355.462591770105,
        3355.462591770105,
        3355.462591770105,
        3355.462591770105,
        3355.462591770105,
        3355.462591770105,
        3355.462591770105,
        3355.462591770105,
        3355.462591770105,
        3355.462591770105,
        3355.462591770105,
        3355.462591770105,
        3355.462591770105,
        3355.462591770105,
        3355.462591770105,
        3355.462591770105,
        3355.462591770105,
        3355.462591770105,
        3355.462591770105,
        3355.462591770105,
        3355.462591770105,
        3355.462591770105,
        3355.462591770105,
        3355.462591770105,
        3355.462591770105,
        3355.462591770105,
        3355.462591770105,
        3355.462591770105,
        3355.462591770105,
        3355.462591770105,
        3355.462591770105,
        3355.462591770105,
        3355.462591770105,
        3355.462591770105,
        3355.462591770105,
        3355.462591770105,
        3355.462591770105,
        3355.462591770105,
        3355.462591770105,
        3355.462591770105,
        3355.462591770105,
        3355.462591770105,
        3355.462591770105,
        3355.462591770105,
        3355.462591770105,
        3355.462591770105,
        3355.462591770105,
        3355.462591770105,
        3355.462591770105,
        3355.462591770105,
        3355.462591770105,
        3355.462591770105,
        3355.462591770105,
        3355.462591770105,
        3355.462591770105,
        3355.462591770105,
        3355.462591770105,
        3355.462591770105,
        3355.462591770105,
        3355.462591770105,
        3355.462591770105,
        3355.462591770105,
        3355.462591770105,
        3355.462591770105,
        3355.462591770105,
        3355.462591770105,
        3355.462591770105,
        3355.462591770105,
        3355.462591770105,
        3355.462591770105,
        3355.462591770105,
        3355.462591770105,
        3355.462591770105,
        3355.462591770105,
        3355.462591770105,
        3355.462591770105,
        3355.462591770105,
        3355.462591770105,
        3355.462591770105,
        3355.462591770105,
        3355.462591770105,
        3355.462591770105,
        3355.462591770105,
        3355.462591770105,
        3355.462591770105,
        3355.462591770105,
        3355.462591770105,
        3355.462591770105,
        3355.462591770105,
        3355.462591770105,
        3355.462591770105,
        3355.462591770105,
        3355.462591770105,
        3355.462591770105,
        3355.462591770105,
        3355.462591770105,
        3355.462591770105,
        3355.462591770105,
        3355.462591770105,
        3355.462591770105,
        3355.462591770105,
        3355.462591770105,
        3355.462591770105,
        3355.462591770105,
        3355.462591770105,
        3355.462591770105,
        3355.462591770105,
        3355.462591770105,
        3355.462591770105,
        3355.462591770105,
        3355.462591770105,
        3355.462591770105,
        3355.462591770105
      ],
      "mean_latency_ms": 3354.146802296421,
      "median_latency_ms": 3355.462591770105,
      "cache_hit_rate": 0.00041118421052631577,
      "cache_misses": 7293,
      "cache_evictions": 7259,
      "wasted_prefetches": 0,
      "total_prefetches": 0,
      "dedup_skipped": 0,
      "expert_demands": 7296,
      "expert_hits": 3
    },