{
  "model": "mixtral_8x7b",
  "gpu_memory_gb": 4.0,
  "cache_capacity": 11,
  "total_experts": 256,
  "tokens": 114,
  "measured": {
    "predictor_ms": 0.41329699972993694,
    "layer_compute_ms": 4.509587001055479,
    "transfer_ms": 50.0
  },
  "baseline": {
    "per_token_latency": [
      3244.3067840337753,
      3344.3067840337753,
      3344.3067840337753,
      3344.3067840337753,
      3344.3067840337753,
      3344.3067840337753,
      3344.3067840337753,
      3344.3067840337753,
      3344.3067840337753,
      3344.3067840337753,
      3344.3067840337753,
      3344.3067840337753,
      3344.3067840337753,
      3344.3067840337753,
      3344.3067840337753,
      3344.3067840337753,
      3344.3067840337753,
      3344.3067840337753,
      3344.3067840337753,
      3344.3067840337753,
      3344.3067840337753,
      3344.3067840337753,
      3344.3067840337753,
      3344.3067840337753,
      3344.3067840337753,
      3344.3067840337753,
      3344.3067840337753,
      3344.3067840337753,
      3344.3067840337753,
      3344.3067840337753,
      3344.3067840337753,
      3344.3067840337753,
      3344.3067840337753,
      3344.3067840337753,
      3344.3067840337753,
      3344.3067840337753,
      3344.3067840337753,
      3344.3067840337753,
      3344.3067840337753,
      3344.3067840337753,
      3344.3067840337753,
      3344.3067840337753,
      3344.3067840337753,
      3344.3067840337753,
      3344.3067840337753,
      3344.3067840337753,
      3344.3067840337753,
      3344.3067840337753,
      3344.3067840337753,
      3344.3067840337753,
      3344.3067840337753,
      3344.3067840337753,
      3344.3067840337753,
      3344.3067840337753,
      3344.3067840337753,
      3344.3067840337753,
      3344.3067840337753,
      3344.3067840337753,
      3344.3067840337753,
      3344.3067840337753,
      3344.3067840337753,
      3344.3067840337753,
      3344.3067840337753,
      3344.3067840337753,
      3344.3067840337753,
      3344.3067840337753,
      3344.3067840337753,
      3344.3067840337753,
      3344.3067840337753,
      3344.3067840337753,
      3344.3067840337753,
      3344.3067840337753,
      3344.3067840337753,
      3344.3067840337753,
      3344.3067840337753,
      3344.3067840337753,
      3344.3067840337753,
      3344.3067840337753,
      3344.3067840337753,
      3344.3067840337753,
      3344.3067840337753,
      3344.3067840337753,
      3344.3067840337753,
      3344.3067840337753,
      3344.3067840337753,
      3344.3067840337753,
      3344.3067840337753,
      3344.3067840337753,
      3344.3067840337753,
      3344.3067840337753,
      3344.3067840337753,
      3344.3067840337753,
      3344.3067840337753,
      3344.3067840337753,
      3344.3067840337753,
      3344.3067840337753,
      3344.3067840337753,
      3344.3067840337753,
      3344.3067840337753,
      3344.3067840337753,
      3344.3067840337753,
      3344.3067840337753,
      3344.3067840337753,
      3344.3067840337753,
      3344.3067840337753,
      3344.3067840337753,
      3344.3067840337753,
      3344.3067840337753,
      3344.3067840337753,
      3344.3067840337753,
      3344.3067840337753,
      3344.3067840337753,
      3344.3067840337753,
      3344.3067840337753
    ],
    "mean_latency_ms": 3343.429591051319,
    "median_latency_ms": 3344.3067840337753,
    "cache_hit_rate": 0.00027412280701754384,
    "cache_misses": 7294,
    "cache_evictions": 7295,
    "wasted_prefetches": 0,
    "total_prefetches": 0,
    "dedup_skipped": 0,
    "expert_demands": 7296,
    "expert_hits": 2
  },
  "prefetched_by_K": {
    "2": {
      "per_token_latency": [
        3257.5322880251333,
        3357.5322880251333,
        3357.5322880251333,
        3357.5322880251333,
        3357.5322880251333,
        3357.5322880251333,
        3357.5322880251333,
        3357.5322880251333,
        3357.5322880251333,
        3357.5322880251333,
        3357.5322880251333,
        3357.5322880251333,
        3357.5322880251333,
        3357.5322880251333,
        3357.5322880251333,
        3357.5322880251333,
        3357.5322880251333,
        3357.5322880251333,
        3357.5322880251333,
        3357.5322880251333,
        3357.5322880251333,
        3357.5322880251333,
        3357.5322880251333,
        3357.5322880251333,
        3357.5322880251333,
        3357.5322880251333,
        3357.5322880251333,
        3357.5322880251333,
        3357.5322880251333,
        3357.5322880251333,
        3357.5322880251333,
        3357.5322880251333,
        3357.5322880251333,
        3357.5322880251333,
        3357.5322880251333,
        3357.5322880251333,
        3357.5322880251333,
        3357.5322880251333,
        3357.5322880251333,
        3357.5322880251333,
        3357.5322880251333,
        3357.5322880251333,
        3357.5322880251333,
        3357.5322880251333,
        3357.5322880251333,
        3357.5322880251333,
        3357.5322880251333,
        3357.5322880251333,
        3357.5322880251333,
        3357.5322880251333,
        3357.5322880251333,
        3357.5322880251333,
        3357.5322880251333,
        3357.5322880251333,
        3357.5322880251333,
        3357.5322880251333,
        3357.5322880251333,
        3357.5322880251333,
        3357.5322880251333,
        3357.5322880251333,
        3357.5322880251333,
        3357.5322880251333,
        3357.5322880251333,
        3357.5322880251333,
        3357.5322880251333,
        3357.5322880251333,
        3357.5322880251333,
        3357.5322880251333,
        3357.5322880251333,
        3357.5322880251333,
        3357.5322880251333,
        3357.5322880251333,
        3357.5322880251333,
        3357.5322880251333,
        3357.5322880251333,
        3357.5322880251333,
        3357.5322880251333,
        3357.5322880251333,
        3357.5322880251333,
        3357.5322880251333,
        3357.5322880251333,
        3357.5322880251333,
        3357.5322880251333,
        3357.5322880251333,
        3357.5322880251333,
        3357.5322880251333,
        3357.5322880251333,
        3357.5322880251333,
        3357.5322880251333,
        3357.5322880251333,
        3357.5322880251333,
        3357.5322880251333,
        3357.5322880251333,
        3357.5322880251333,
        3357.5322880251333,
        3357.5322880251333,
        3357.5322880251333,
        3357.5322880251333,
        3357.5322880251333,
        3357.5322880251333,
        3357.5322880251333,
        3357.5322880251333,
        3357.5322880251333,
        3357.5322880251333,
        3357.5322880251333,
        3357.5322880251333,
        3357.5322880251333,
        3357.5322880251333,
        3357.5322880251333,
        3357.5322880251333,
        3357.5322880251333,
        3357.5322880251333,
        3357.5322880251333,
        3357.5322880251333
      ],
      "mean_latency_ms": 3356.655095042677,
      "median_latency_ms": 3357.5322880251333,
      "cache_hit_rate": 0.00027412280701754384,
      "cache_misses": 7294,
      "cache_evictions": 7295,
      "wasted_prefetches": 0,
      "total_prefetches": 0,
      "dedup_skipped": 0,
      "expert_demands": 7296,
      "expert_hits": 2
    },