{
  "model": "mixtral_8x7b",
  "gpu_memory_gb": 4.0,
  "cache_capacity": 1,
  "total_experts": 256,
  "tokens": 123,
  "measured": {
    "predictor_ms": 0.4324280015134718,
    "layer_compute_ms": 16.84497201628983,
    "transfer_ms": 50.0
  },
  "baseline": {
    "per_token_latency": [
      3739.0391045212746,
      3739.0391045212746,
      3739.0391045212746,
      3739.0391045212746,
      3739.0391045212746,
      3739.0391045212746,
      3739.0391045212746,
      3739.0391045212746,
      3739.0391045212746,
      3739.0391045212746,
      3739.0391045212746,
      3739.0391045212746,
      3739.0391045212746,
      3739.0391045212746,
      3739.0391045212746,
      3739.0391045212746,
      3739.0391045212746,
      3739.0391045212746,
      3739.0391045212746,
      3739.0391045212746,
      3739.0391045212746,
      3739.0391045212746,
      3739.0391045212746,
      3739.0391045212746,
      3739.0391045212746,
      3739.0391045212746,
      3739.0391045212746,
      3739.0391045212746,
      3739.0391045212746,
      3739.0391045212746,
      3739.0391045212746,
      3739.0391045212746,
      3739.0391045212746,
      3739.0391045212746,
      3739.0391045212746,
      3739.0391045212746,
      3739.0391045212746,
      3739.0391045212746,
      3739.0391045212746,
      3739.0391045212746,
      3739.0391045212746,
      3739.0391045212746,
      3739.0391045212746,
      3739.0391045212746,
      3739.0391045212746,
      3739.0391045212746,
      3739.0391045212746,
      3739.0391045212746,
      3739.0391045212746,
      3739.0391045212746,
      3739.0391045212746,
      3739.0391045212746,
      3739.0391045212746,
      3739.0391045212746,
      3739.0391045212746,
      3739.0391045212746,
      3739.0391045212746,
      3739.0391045212746,
      3739.0391045212746,
      3739.0391045212746,
      3739.0391045212746,
      3739.0391045212746,
      3739.0391045212746,
      3739.0391045212746,
      3739.0391045212746,
      3739.0391045212746,
      3739.0391045212746,
      3739.0391045212746,
      3739.0391045212746,
      3739.0391045212746,
      3739.0391045212746,
      3739.0391045212746,
      3739.0391045212746,
      3739.0391045212746,
      3739.0391045212746,
      3739.0391045212746,
      3739.0391045212746,
      3739.0391045212746,
      3739.0391045212746,
      3739.0391045212746,
      3739.0391045212746,
      3739.0391045212746,
      3739.0391045212746,
      3739.0391045212746,
      3739.0391045212746,
      3739.0391045212746,
      3739.0391045212746,
      3739.0391045212746,
      3739.0391045212746,
      3739.0391045212746,
      3739.0391045212746,
      3739.0391045212746,
      3739.0391045212746,
      3739.0391045212746,
      3739.0391045212746,
      3739.0391045212746,
      3739.0391045212746,
      3739.0391045212746,
      3739.0391045212746,
      3739.0391045212746,
      3739.0391045212746,
      3739.0391045212746,
      3739.0391045212746,
      3739.0391045212746,
      3739.0391045212746,
      3739.0391045212746,
      3739.0391045212746,
      3739.0391045212746,
      3739.0391045212746,
      3739.0391045212746,
      3739.0391045212746,
      3739.0391045212746,
      3739.0391045212746,
      3739.0391045212746,
      3739.0391045212746,
      3739.0391045212746,
      3739.0391045212746,
      3739.0391045212746,
      3739.0391045212746,
      3739.0391045212746,
      3739.0391045212746,
      3739.0391045212746,
      3739.0391045212746
    ],
    "mean_latency_ms": 3739.0391045212746,
    "median_latency_ms": 3739.0391045212746,
    "cache_hit_rate": 0.0,
    "cache_misses": 7872,
    "cache_evictions": 7883,
    "wasted_prefetches": 0,
    "total_prefetches": 0,
    "dedup_skipped": 0,
    "expert_demands": 7872,
    "expert_hits": 0
  },
  "prefetched_by_K": {
    "2": {
      "per_token_latency": [
        3752.8768005697057,
        3752.8768005697057,
        3752.8768005697057,
        3752.8768005697057,
        3752.8768005697057,
        3752.8768005697057,
        3752.8768005697057,
        3752.8768005697057,
        3752.8768005697057,
        3752.8768005697057,
        3752.8768005697057,
        3752.8768005697057,
        3752.8768005697057,
        3752.8768005697057,
        3752.8768005697057,
        3752.8768005697057,
        3752.8768005697057,
        3752.8768005697057,
        3752.8768005697057,
        3752.8768005697057,
        3752.8768005697057,
        3752.8768005697057,
        3752.8768005697057,
        3752.8768005697057,
        3752.8768005697057,
        3752.8768005697057,
        3752.8768005697057,
        3752.8768005697057,
        3752.8768005697057,
        3752.8768005697057,
        3752.8768005697057,
        3752.8768005697057,
        3752.8768005697057,
        3752.8768005697057,
        3752.8768005697057,
        3752.8768005697057,
        3752.8768005697057,
        3752.8768005697057,
        3752.8768005697057,
        3752.8768005697057,
        3752.8768005697057,
        3752.8768005697057,
        3752.8768005697057,
        3752.8768005697057,
        3752.8768005697057,
        3752.8768005697057,
        3752.8768005697057,
        3752.8768005697057,
        3752.8768005697057,
        3752.8768005697057,
        3752.8768005697057,
        3752.8768005697057,
        3752.8768005697057,
        3752.8768005697057,
        3752.8768005697057,
        3752.8768005697057,
        3752.8768005697057,
        3752.8768005697057,
        3752.8768005697057,
        3752.8768005697057,
        3752.8768005697057,
        3752.8768005697057,
        3752.8768005697057,
        3752.8768005697057,
        3752.8768005697057,
        3752.8768005697057,
        3752.8768005697057,
        3752.8768005697057,
        3752.8768005697057,
        3752.8768005697057,
        3752.8768005697057,
        3752.8768005697057,
        3752.8768005697057,
        3752.8768005697057,
        3752.8768005697057,
        3752.8768005697057,
        3752.8768005697057,
        3752.8768005697057,
        3752.8768005697057,
        3752.8768005697057,
        3752.8768005697057,
        3752.8768005697057,
        3752.8768005697057,
        3752.8768005697057,
        3752.8768005697057,
        3752.8768005697057,
        3752.8768005697057,
        3752.8768005697057,
        3752.8768005697057,
        3752.8768005697057,
        3752.8768005697057,
        3752.8768005697057,
        3752.8768005697057,
        3752.8768005697057,
        3752.8768005697057,
        3752.8768005697057,
        3752.8768005697057,
        3752.8768005697057,
        3752.8768005697057,
        3752.8768005697057,
        3752.8768005697057,
        3752.8768005697057,
        3752.8768005697057,
        3752.8768005697057,
        3752.8768005697057,
        3752.8768005697057,
        3752.8768005697057,
        3752.8768005697057,
        3752.8768005697057,
        3752.8768005697057,
        3752.8768005697057,
        3752.8768005697057,
        3752.8768005697057,
        3752.8768005697057,
        3752.8768005697057,
        3752.8768005697057,
        3752.8768005697057,
        3752.8768005697057,
        3752.8768005697057,
        3752.8768005697057,
        3752.8768005697057,
        3752.8768005697057,
        3752.8768005697057
      ],
      "mean_latency_ms": 3752.8768005697057,
      "median_latency_ms": 3752.8768005697057,
      "cache_hit_rate": 0.0,
      "cache_misses": 7872,
      "cache_evictions": 21905,
      "wasted_prefetches": 1696,
      "total_prefetches": 14022,
      "dedup_skipped": 0,
      "expert_demands": 7872,
      "expert_hits": 0
    },