{
  "model": "mixtral_8x7b",
  "gpu_memory_gb": 32.0,
  "cache_capacity": 93,
  "total_experts": 256,
  "tokens": 114,
  "measured": {
    "predictor_ms": 0.39809799974318594,
    "layer_compute_ms": 4.458868003217503,
    "transfer_ms": 50.0
  },
  "baseline": {
    "per_token_latency": [
      3142.68377610296,
      2392.68377610296,
      2342.68377610296,
      2492.68377610296,
      2492.68377610296,
      2192.68377610296,
      2292.68377610296,
      2092.68377610296,
      1692.68377610296,
      2492.68377610296,
      2292.68377610296,
      1992.68377610296,
      2092.68377610296,
      2792.68377610296,
      2392.68377610296,
      1392.68377610296,
      2042.68377610296,
      2392.68377610296,
      2992.68377610296,
      2342.68377610296,
      1742.68377610296,
      1842.68377610296,
      1992.68377610296,
      2092.68377610296,
      2492.68377610296,
      2492.68377610296,
      1792.68377610296,
      2642.68377610296,
      2292.68377610296,
      2342.68377610296,
      2492.68377610296,
      3042.68377610296,
      2342.68377610296,
      1542.68377610296,
      2592.68377610296,
      2542.68377610296,
      1442.68377610296,
      2392.68377610296,
      2192.68377610296,
      2392.68377610296,
      2592.68377610296,
      2392.68377610296,
      2442.68377610296,
      1842.68377610296,
      2092.68377610296,
      2292.68377610296,
      2242.68377610296,
      2342.68377610296,
      2542.68377610296,
      2492.68377610296,
      1692.68377610296,
      1842.68377610296,
      2092.68377610296,
      2442.68377610296,
      2292.68377610296,
      2292.68377610296,
      2242.68377610296,
      1192.68377610296,
      2392.68377610296,
      1892.68377610296,
      2192.68377610296,
      2492.68377610296,
      2142.68377610296,
      2392.68377610296,
      2742.68377610296,
      1942.68377610296,
      1692.68377610296,
      2642.68377610296,
      2442.68377610296,
      2392.68377610296,
      2542.68377610296,
      2442.68377610296,
      1992.68377610296,
      1992.68377610296,
      2692.68377610296,
      2442.68377610296,
      2542.68377610296,
      1792.68377610296,
      2292.68377610296,
      1992.68377610296,
      2592.68377610296,
      2342.68377610296,
      2442.68377610296,
      2142.68377610296,
      2042.68377610296,
      2892.68377610296,
      2292.68377610296,
      2342.68377610296,
      2792.68377610296,
      1692.68377610296,
      2292.68377610296,
      2892.68377610296,
      2692.68377610296,
      2542.68377610296,
      2492.68377610296,
      2142.68377610296,
      1942.68377610296,
      2092.68377610296,
      2042.68377610296,
      2642.68377610296,
      2742.68377610296,
      1692.68377610296,
      2642.68377610296,
      2942.68377610296,
      2342.68377610296,
      2392.68377610296,
      2592.68377610296,
      2592.68377610296,
      2942.68377610296,
      2292.68377610296,
      2292.68377610296,
      2392.68377610296,
      2392.68377610296,
      1942.68377610296
    ],
    "mean_latency_ms": 2298.824126980153,
    "median_latency_ms": 2342.68377610296,
    "cache_hit_rate": 0.3262061403508772,
    "cache_misses": 4916,
    "cache_evictions": 4835,
    "wasted_prefetches": 0,
    "total_prefetches": 0,
    "dedup_skipped": 0,
    "expert_demands": 7296,
    "expert_hits": 2380
  },
  "prefetched_by_K": {
    "2": {
      "per_token_latency": [
        3155.422912094742,
        2405.422912094742,
        2355.422912094742,
        2505.422912094742,
        2505.422912094742,
        2205.422912094742,
        2305.422912094742,
        2105.422912094742,
        1705.422912094742,
        2505.422912094742,
        2305.422912094742,
        2005.422912094742,
        2105.422912094742,
        2805.422912094742,
        2405.422912094742,
        1405.422912094742,
        2055.422912094742,
        2405.422912094742,
        3005.422912094742,
        2355.422912094742,
        1755.422912094742,
        1855.422912094742,
        2005.422912094742,
        2105.422912094742,
        2505.422912094742,
        2505.422912094742,
        1805.422912094742,
        2655.422912094742,
        2305.422912094742,
        2355.422912094742,
        2505.422912094742,
        3055.422912094742,
        2355.422912094742,
        1555.422912094742,
        2605.422912094742,
        2555.422912094742,
        1455.422912094742,
        2405.422912094742,
        2205.422912094742,
        2405.422912094742,
        2605.422912094742,
        2405.422912094742,
        2455.422912094742,
        1855.422912094742,
        2105.422912094742,
        2305.422912094742,
        2255.422912094742,
        2355.422912094742,
        2555.422912094742,
        2505.422912094742,
        1705.422912094742,
        1855.422912094742,
        2105.422912094742,
        2455.422912094742,
        2305.422912094742,
        2305.422912094742,
        2255.422912094742,
        1205.422912094742,
        2405.422912094742,
        1905.422912094742,
        2205.422912094742,
        2505.422912094742,
        2155.422912094742,
        2405.422912094742,
        2755.422912094742,
        1955.422912094742,
        1705.422912094742,
        2655.422912094742,
        2455.422912094742,
        2405.422912094742,
        2555.422912094742,
        2455.422912094742,
        2005.422912094742,
        2005.422912094742,
        2705.422912094742,
        2455.422912094742,
        2555.422912094742,
        1805.422912094742,
        2305.422912094742,
        2005.422912094742,
        2605.422912094742,
        2355.422912094742,
        2455.422912094742,
        2155.422912094742,
        2055.422912094742,
        2905.422912094742,
        2305.422912094742,
        2355.422912094742,
        2805.422912094742,
        1705.422912094742,
        2305.422912094742,
        2905.422912094742,
        2705.422912094742,
        2555.422912094742,
        2505.422912094742,
        2155.422912094742,
        1955.422912094742,
        2105.422912094742,
        2055.422912094742,
        2655.422912094742,
        2755.422912094742,
        1705.422912094742,
        2655.422912094742,
        2955.422912094742,
        2355.422912094742,
        2405.422912094742,
        2605.422912094742,
        2605.422912094742,
        2955.422912094742,
        2305.422912094742,
        2305.422912094742,
        2405.422912094742,
        2405.422912094742,
        1955.422912094742
      ],
      "mean_latency_ms": 2311.563262971935,
      "median_latency_ms": 2355.422912094742,
      "cache_hit_rate": 0.3262061403508772,
      "cache_misses": 4916,
      "cache_evictions": 4835,
      "wasted_prefetches": 0,
      "total_prefetches": 0,
      "dedup_skipped": 0,
      "expert_demands": 7296,
      "expert_hits": 2380
    },