{
  "model": "mixtral_8x7b",
  "gpu_memory_gb": 32.0,
  "cache_capacity": 157,
  "total_experts": 256,
  "tokens": 123,
  "measured": {
    "predictor_ms": 0.4093149980471935,
    "layer_compute_ms": 16.353009992279112,
    "transfer_ms": 50.0
  },
  "baseline": {
    "per_token_latency": [
      3523.2963197529316,
      3023.2963197529316,
      1723.2963197529316,
      1823.2963197529316,
      1773.2963197529316,
      1573.2963197529316,
      1573.2963197529316,
      1323.2963197529316,
      1773.2963197529316,
      2073.2963197529316,
      1923.2963197529316,
      2023.2963197529316,
      1573.2963197529316,
      1123.2963197529316,
      2323.2963197529316,
      1823.2963197529316,
      2023.2963197529316,
      2073.2963197529316,
      1673.2963197529316,
      1273.2963197529316,
      1323.2963197529316,
      1823.2963197529316,
      1073.2963197529316,
      1323.2963197529316,
      1823.2963197529316,
      1873.2963197529316,
      1873.2963197529316,
      2273.2963197529316,
      2973.2963197529316,
      1823.2963197529316,
      1573.2963197529316,
      1573.2963197529316,
      1273.2963197529316,
      2023.2963197529316,
      2323.2963197529316,
      1773.2963197529316,
      1423.2963197529316,
      1823.2963197529316,
      1623.2963197529316,
      1823.2963197529316,
      1573.2963197529316,
      973.2963197529316,
      1823.2963197529316,
      1073.2963197529316,
      2023.2963197529316,
      2573.2963197529316,
      1273.2963197529316,
      1323.2963197529316,
      1773.2963197529316,
      1723.2963197529316,
      1673.2963197529316,
      1823.2963197529316,
      1273.2963197529316,
      1423.2963197529316,
      1473.2963197529316,
      1673.2963197529316,
      1423.2963197529316,
      2323.2963197529316,
      2123.2963197529316,
      1873.2963197529316,
      1773.2963197529316,
      1623.2963197529316,
      1773.2963197529316,
      1523.2963197529316,
      2573.2963197529316,
      1923.2963197529316,
      2073.2963197529316,
      1973.2963197529316,
      2073.2963197529316,
      1123.2963197529316,
      623.2963197529316,
      823.2963197529316,
      1273.2963197529316,
      1073.2963197529316,
      1773.2963197529316,
      1723.2963197529316,
      2423.2963197529316,
      1473.2963197529316,
      1723.2963197529316,
      1473.2963197529316,
      1573.2963197529316,
      1123.2963197529316,
      2473.2963197529316,
      1723.2963197529316,
      1273.2963197529316,
      1373.2963197529316,
      973.2963197529316,
      1323.2963197529316,
      1823.2963197529316,
      2123.2963197529316,
      2023.2963197529316,
      1723.2963197529316,
      2173.2963197529316,
      2323.2963197529316,
      1673.2963197529316,
      1623.2963197529316,
      1523.2963197529316,
      1573.2963197529316,
      1323.2963197529316,
      1423.2963197529316,
      1923.2963197529316,
      1273.2963197529316,
      2223.2963197529316,
      1523.2963197529316,
      1373.2963197529316,
      1223.2963197529316,
      1073.2963197529316,
      1173.2963197529316,
      1273.2963197529316,
      2073.2963197529316,
      1523.2963197529316,
      1873.2963197529316,
      1923.2963197529316,
      2123.2963197529316,
      1723.2963197529316,
      1273.2963197529316,
      1873.2963197529316,
      2223.2963197529316,
      1723.2963197529316,
      1523.2963197529316,
      1923.2963197529316,
      1473.2963197529316,
      2023.2963197529316
    ],
    "mean_latency_ms": 1715.1662384521185,
    "median_latency_ms": 1723.2963197529316,
    "cache_hit_rate": 0.6275406504065041,
    "cache_misses": 2932,
    "cache_evictions": 2787,
    "wasted_prefetches": 0,
    "total_prefetches": 0,
    "dedup_skipped": 0,
    "expert_demands": 7872,
    "expert_hits": 4940
  },
  "prefetched_by_K": {
    "2": {
      "per_token_latency": [
        1386.3943996904418,
        1086.3943996904418,
        936.3943996904418,
        886.3943996904418,
        686.3943996904418,
        786.3943996904418,
        936.3943996904418,
        636.3943996904418,
        986.3943996904418,
        1186.3943996904418,
        986.3943996904418,
        736.3943996904418,
        736.3943996904418,
        986.3943996904418,
        1086.3943996904418,
        986.3943996904418,
        936.3943996904418,
        886.3943996904418,
        1036.3943996904418,
        886.3943996904418,
        786.3943996904418,
        936.3943996904418,
        936.3943996904418,
        886.3943996904418,
        836.3943996904418,
        886.3943996904418,
        1036.3943996904418,
        1036.3943996904418,
        1236.3943996904418,
        886.3943996904418,
        1036.3943996904418,
        1036.3943996904418,
        836.3943996904418,
        1086.3943996904418,
        986.3943996904418,
        1036.3943996904418,
        1086.3943996904418,
        786.3943996904418,
        886.3943996904418,
        1036.3943996904418,
        786.3943996904418,
        736.3943996904418,
        786.3943996904418,
        736.3943996904418,
        936.3943996904418,
        886.3943996904418,
        1036.3943996904418,
        1086.3943996904418,
        936.3943996904418,
        986.3943996904418,
        936.3943996904418,
        936.3943996904418,
        636.3943996904418,
        836.3943996904418,
        686.3943996904418,
        786.3943996904418,
        686.3943996904418,
        1136.3943996904418,
        786.3943996904418,
        986.3943996904418,
        1136.3943996904418,
        936.3943996904418,
        736.3943996904418,
        686.3943996904418,
        1036.3943996904418,
        986.3943996904418,
        1036.3943996904418,
        986.3943996904418,
        836.3943996904418,
        786.3943996904418,
        636.3943996904418,
        636.3943996904418,
        886.3943996904418,
        686.3943996904418,
        986.3943996904418,
        686.3943996904418,
        936.3943996904418,
        886.3943996904418,
        686.3943996904418,
        936.3943996904418,
        936.3943996904418,
        736.3943996904418,
        986.3943996904418,
        936.3943996904418,
        836.3943996904418,
        736.3943996904418,
        636.3943996904418,
        886.3943996904418,
        836.3943996904418,
        1036.3943996904418,
        936.3943996904418,
        986.3943996904418,
        986.3943996904418,
        936.3943996904418,
        886.3943996904418,
        936.3943996904418,
        586.3943996904418,
        1036.3943996904418,
        836.3943996904418,
        886.3943996904418,
        886.3943996904418,
        786.3943996904418,
        886.3943996904418,
        886.3943996904418,
        886.3943996904418,
        536.3943996904418,
        736.3943996904418,
        736.3943996904418,
        986.3943996904418,
        1036.3943996904418,
        736.3943996904418,
        836.3943996904418,
        986.3943996904418,
        1036.3943996904418,
        1336.3943996904418,
        736.3943996904418,
        1036.3943996904418,
        1036.3943996904418,
        936.3943996904418,
        786.3943996904418,
        836.3943996904418,
        936.3943996904418,
        986.3943996904418
      ],
      "mean_latency_ms": 899.8090338367832,
      "median_latency_ms": 936.3943996904418,
      "cache_hit_rate": 0.8864329268292683,
      "cache_misses": 894,
      "cache_evictions": 3272,
      "wasted_prefetches": 422,
      "total_prefetches": 2523,
      "dedup_skipped": 4365,
      "expert_demands": 7872,
      "expert_hits": 6978
    },