{
  "model": "qwen1_5_moe_a2_7b",
  "gpu_memory_gb": 4.0,
  "cache_capacity": 402,
  "total_experts": 1440,
  "tokens": 108,
  "measured": {
    "predictor_ms": 0.6762986638738463,
    "layer_compute_ms": 53.76345998545488,
    "transfer_ms": 50.0
  },
  "baseline": {
    "per_token_latency": [
      5640.323039650916,
      4790.323039650917,
      4340.323039650918,
      3440.323039650918,
      3090.3230396509175,
      4140.323039650918,
      4640.323039650917,
      3890.3230396509184,
      5140.323039650917,
      4540.323039650918,
      4440.323039650918,
      5040.323039650916,
      5140.323039650917,
      3940.3230396509184,
      2990.3230396509175,
      3940.3230396509184,
      3940.3230396509184,
      3140.3230396509184,
      2490.323039650917,
      2490.323039650917,
      2340.323039650917,
      2790.323039650917,
      2640.323039650917,
      5490.323039650916,
      5340.323039650916,
      4140.323039650918,
      5340.323039650916,
      3940.323039650919,
      3140.3230396509175,
      3490.3230396509184,
      4040.3230396509184,
      4140.323039650918,
      3440.3230396509184,
      3140.323039650918,
      4740.323039650918,
      3890.3230396509184,
      4190.323039650918,
      4590.323039650918,
      4090.323039650919,
      3190.323039650918,
      4840.323039650917,
      3640.3230396509184,
      3740.323039650918,
      2940.3230396509175,
      4590.323039650917,
      4990.323039650917,
      5190.323039650916,
      4840.323039650917,
      5140.323039650917,
      4490.323039650917,
      5090.323039650917,
      5490.323039650916,
      4940.323039650917,
      4840.323039650916,
      4740.323039650917,
      2690.323039650918,
      4740.323039650918,
      3190.323039650918,
      4740.323039650917,
      5390.323039650916,
      5490.323039650916,
      4890.323039650916,
      4990.323039650917,
      4040.3230396509184,
      3090.3230396509175,
      4490.323039650917,
      4090.3230396509184,
      2990.323039650918,
      5140.323039650916,
      4790.323039650917,
      3340.3230396509184,
      3290.323039650918,
      3540.3230396509184,
      3490.3230396509184,
      1440.3230396509168,
      1490.3230396509168,
      1640.3230396509168,
      5240.323039650916,
      4840.323039650917,
      4040.323039650919,
      4790.323039650917,
      5040.323039650917,
      4490.323039650918,
      4190.323039650919,
      4190.323039650919,
      4190.323039650918,
      3340.3230396509175,
      3290.3230396509184,
      4040.3230396509184,
      5390.323039650916,
      5090.323039650916,
      4690.323039650917,
      4740.323039650917,
      4740.323039650917,
      4590.323039650917,
      4640.323039650918,
      4440.323039650918,
      3240.323039650918,
      2640.3230396509175,
      2640.323039650917,
      3140.3230396509175,
      3390.323039650918,
      2440.323039650917,
      1990.3230396509166,
      2240.3230396509166,
      2240.3230396509166,
      2940.3230396509175,
      4240.323039650919
    ],
    "mean_latency_ms": 4008.8415581694358,
    "median_latency_ms": 4140.323039650918,
    "cache_hit_rate": 0.43364197530864196,
    "cache_misses": 5872,
    "cache_evictions": 5542,
    "wasted_prefetches": 0,
    "total_prefetches": 0,
    "dedup_skipped": 0,
    "expert_demands": 10368,
    "expert_hits": 4496
  },
  "prefetched_by_K": {
    "4": {
      "per_token_latency": [
        1756.5542075838894,
        1756.5542075838894,
        1656.5542075838894,
        1606.5542075838894,
        1706.5542075838894,
        1806.5542075838894,
        1656.5542075838894,
        1606.5542075838894,
        1606.5542075838894,
        1706.5542075838894,
        1806.5542075838894,
        1856.5542075838894,
        1656.5542075838894,
        1656.5542075838894,
        1856.5542075838894,
        1856.5542075838894,
        1856.5542075838894,
        1956.5542075838894,
        2006.5542075838894,
        1956.5542075838894,
        1606.5542075838894,
        2206.5542075838894,
        2106.5542075838894,
        1806.5542075838894,
        2006.5542075838894,
        1556.5542075838894,
        1906.5542075838894,
        2206.5542075838894,
        1706.5542075838894,
        1806.5542075838894,
        1906.5542075838894,
        1656.5542075838894,
        1706.5542075838894,
        1706.5542075838894,
        1606.5542075838894,
        1656.5542075838894,
        1806.5542075838894,
        1556.5542075838894,
        1606.5542075838894,
        1556.5542075838894,
        1806.5542075838894,
        1706.5542075838894,
        1656.5542075838894,
        1506.5542075838894,
        1456.5542075838894,
        1906.5542075838894,
        1956.5542075838894,
        1756.5542075838894,
        1606.5542075838894,
        1556.5542075838894,
        2056.5542075838894,
        1906.5542075838894,
        2006.5542075838894,
        1806.5542075838894,
        1456.5542075838894,
        1606.5542075838894,
        1706.5542075838894,
        1656.5542075838894,
        1706.5542075838894,
        2006.5542075838894,
        2006.5542075838894,
        1706.5542075838894,
        1906.5542075838894,
        1856.5542075838894,
        1656.5542075838894,
        1606.5542075838894,
        1756.5542075838894,
        1606.5542075838894,
        1656.5542075838894,
        1706.5542075838894,
        1756.5542075838894,
        1656.5542075838894,
        1506.5542075838894,
        1856.5542075838894,
        1406.5542075838894,
        1406.5542075838894,
        1406.5542075838894,
        1856.5542075838894,
        2006.5542075838894,
        1656.5542075838894,
        1656.5542075838894,
        2206.5542075838894,
        2056.5542075838894,
        2156.5542075838894,
        1906.5542075838894,
        2156.5542075838894,
        2006.5542075838894,
        2106.5542075838894,
        2106.5542075838894,
        1706.5542075838894,
        1856.5542075838894,
        1906.5542075838894,
        1706.5542075838894,
        1756.5542075838894,
        1856.5542075838894,
        2106.5542075838894,
        1956.5542075838894,
        2106.5542075838894,
        1956.5542075838894,
        1856.5542075838894,
        2006.5542075838894,
        2056.5542075838894,
        2156.5542075838894,
        1806.5542075838894,
        2256.5542075838894,
        2106.5542075838894,
        2206.5542075838894,
        2056.5542075838894
      ],
      "mean_latency_ms": 1811.183837213519,
      "median_latency_ms": 1806.5542075838894,
      "cache_hit_rate": 0.8948688271604939,
      "cache_misses": 1090,
      "cache_evictions": 10107,
      "wasted_prefetches": 3895,
      "total_prefetches": 9347,
      "dedup_skipped": 27347,
      "expert_demands": 10368,
      "expert_hits": 9278
    },