{
  "model": "qwen1_5_moe_a2_7b",
  "gpu_memory_gb": 8.0,
  "cache_capacity": 61,
  "total_experts": 1440,
  "tokens": 111,
  "measured": {
    "predictor_ms": 0.44110400167604286,
    "layer_compute_ms": 18.648237356295187,
    "transfer_ms": 50.0
  },
  "baseline": {
    "per_token_latency": [
      5197.557696551084,
      5247.557696551084,
      5247.557696551084,
      5247.557696551084,
      5247.557696551084,
      5247.557696551084,
      5247.557696551084,
      5247.557696551084,
      5247.557696551084,
      5247.557696551084,
      5247.557696551084,
      5247.557696551084,
      5247.557696551084,
      5247.557696551084,
      5247.557696551084,
      5247.557696551084,
      5247.557696551084,
      5247.557696551084,
      5247.557696551084,
      5247.557696551084,
      5247.557696551084,
      5247.557696551084,
      5247.557696551084,
      5247.557696551084,
      5247.557696551084,
      5247.557696551084,
      5247.557696551084,
      5247.557696551084,
      5247.557696551084,
      5247.557696551084,
      5247.557696551084,
      5247.557696551084,
      5247.557696551084,
      5247.557696551084,
      5247.557696551084,
      5247.557696551084,
      5247.557696551084,
      5247.557696551084,
      5247.557696551084,
      5247.557696551084,
      5247.557696551084,
      5247.557696551084,
      5247.557696551084,
      5247.557696551084,
      5247.557696551084,
      5247.557696551084,
      5247.557696551084,
      5247.557696551084,
      5247.557696551084,
      5247.557696551084,
      5247.557696551084,
      5247.557696551084,
      5247.557696551084,
      5247.557696551084,
      5247.557696551084,
      5247.557696551084,
      5247.557696551084,
      5247.557696551084,
      5247.557696551084,
      5247.557696551084,
      5247.557696551084,
      5247.557696551084,
      5247.557696551084,
      5247.557696551084,
      5247.557696551084,
      5247.557696551084,
      5247.557696551084,
      5247.557696551084,
      5247.557696551084,
      5247.557696551084,
      5247.557696551084,
      5247.557696551084,
      5247.557696551084,
      5247.557696551084,
      5247.557696551084,
      5247.557696551084,
      5247.557696551084,
      5247.557696551084,
      5247.557696551084,
      5247.557696551084,
      5247.557696551084,
      5247.557696551084,
      5247.557696551084,
      5247.557696551084,
      5247.557696551084,
      5247.557696551084,
      5247.557696551084,
      5247.557696551084,
      5247.557696551084,
      5247.557696551084,
      5247.557696551084,
      5247.557696551084,
      5247.557696551084,
      5247.557696551084,
      5247.557696551084,
      5247.557696551084,
      5247.557696551084,
      5247.557696551084,
      5247.557696551084,
      5247.557696551084,
      5247.557696551084,
      5247.557696551084,
      5247.557696551084,
      5247.557696551084,
      5247.557696551084,
      5247.557696551084,
      5247.557696551084,
      5247.557696551084,
      5247.557696551084,
      5247.557696551084,
      5247.557696551084
    ],
    "mean_latency_ms": 5247.107246100633,
    "median_latency_ms": 5247.557696551084,
    "cache_hit_rate": 9.384384384384384e-05,
    "cache_misses": 10655,
    "cache_evictions": 10666,
    "wasted_prefetches": 0,
    "total_prefetches": 0,
    "dedup_skipped": 0,
    "expert_demands": 10656,
    "expert_hits": 1
  },
  "prefetched_by_K": {
    "4": {
      "per_token_latency": [
        2208.14419259131,
        1758.1441925913077,
        1658.1441925913082,
        1608.1441925913084,
        1358.144192591309,
        1908.144192591308,
        1808.144192591307,
        1758.1441925913073,
        1808.144192591308,
        1358.144192591309,
        1408.1441925913084,
        1608.1441925913077,
        2058.1441925913073,
        1458.144192591309,
        1658.1441925913084,
        1608.144192591308,
        1658.1441925913082,
        1758.1441925913075,
        1908.1441925913077,
        1458.1441925913086,
        1908.144192591308,
        1558.1441925913082,
        1758.1441925913084,
        1608.1441925913073,
        1658.144192591308,
        1258.1441925913095,
        2108.1441925913073,
        2108.1441925913077,
        1908.1441925913073,
        2008.1441925913075,
        1958.1441925913077,
        1608.1441925913084,
        1558.1441925913084,
        2108.144192591308,
        2058.1441925913073,
        2258.144192591309,
        2208.1441925913086,
        1908.1441925913084,
        1758.144192591309,
        1958.144192591308,
        1658.144192591308,
        1808.144192591308,
        2108.1441925913073,
        1458.144192591308,
        1658.144192591308,
        1958.1441925913077,
        1958.1441925913077,
        1958.1441925913073,
        2458.1441925913105,
        2208.144192591308,
        2108.144192591308,
        1958.144192591308,
        1708.1441925913084,
        1908.144192591307,
        1958.144192591308,
        2758.1441925913105,
        1508.144192591308,
        1958.144192591308,
        1508.1441925913084,
        1458.1441925913082,
        1708.1441925913084,
        1658.1441925913082,
        1358.1441925913102,
        1808.1441925913077,
        1708.1441925913082,
        1608.1441925913084,
        1608.144192591308,
        1608.144192591308,
        1258.1441925913095,
        1558.1441925913084,
        1758.1441925913077,
        1508.144192591308,
        1858.1441925913082,
        1558.1441925913077,
        1758.1441925913084,
        2008.144192591308,
        1708.1441925913077,
        2008.1441925913073,
        1858.144192591308,
        1658.144192591309,
        1708.1441925913073,
        1908.1441925913084,
        1608.1441925913084,
        1808.1441925913077,
        1908.1441925913073,
        2108.1441925913073,
        1608.1441925913086,
        1558.1441925913089,
        1558.144192591308,
        1808.144192591308,
        1458.1441925913095,
        1608.1441925913086,
        1458.144192591309,
        1358.1441925913095,
        1908.1441925913075,
        1608.1441925913082,
        1958.144192591307,
        2058.1441925913086,
        1758.1441925913084,
        1758.1441925913084,
        2158.144192591308,
        2308.1441925913086,
        2258.1441925913095,
        1358.1441925913095,
        1708.144192591308,
        1858.1441925913075,
        1858.144192591308,
        2208.1441925913077,
        1958.1441925913077,
        1808.1441925913084,
        1208.1441925913102
      ],
      "mean_latency_ms": 1782.9189673660833,
      "median_latency_ms": 1758.1441925913084,
      "cache_hit_rate": 0.7240052552552553,
      "cache_misses": 2941,
      "cache_evictions": 14091,
      "wasted_prefetches": 3425,
      "total_prefetches": 11139,
      "dedup_skipped": 7065,
      "expert_demands": 10656,
      "expert_hits": 7715
    },