{
  "model": "qwen1_5_moe_a2_7b",
  "gpu_memory_gb": 32.0,
  "cache_capacity": 1085,
  "total_experts": 1440,
  "tokens": 108,
  "measured": {
    "predictor_ms": 0.41550933488179,
    "layer_compute_ms": 18.74797065059344,
    "transfer_ms": 50.0
  },
  "baseline": {
    "per_token_latency": [
      4899.951295614243,
      4049.951295614241,
      3649.951295614241,
      2449.951295614243,
      2249.951295614243,
      3499.9512956142416,
      3999.951295614241,
      2949.9512956142416,
      3899.9512956142416,
      3199.951295614242,
      2299.951295614243,
      1149.9512956142426,
      1549.951295614243,
      1949.951295614243,
      1349.9512956142426,
      2299.9512956142426,
      1799.9512956142432,
      1249.9512956142428,
      1049.9512956142423,
      1299.9512956142428,
      1199.9512956142423,
      1199.9512956142428,
      1299.9512956142428,
      1749.9512956142432,
      2249.9512956142426,
      1449.951295614243,
      899.9512956142423,
      849.9512956142422,
      749.9512956142422,
      1099.9512956142423,
      1349.9512956142428,
      849.9512956142423,
      1099.9512956142426,
      899.9512956142423,
      649.9512956142424,
      799.9512956142423,
      799.9512956142424,
      1549.951295614243,
      1549.9512956142432,
      749.9512956142423,
      1749.951295614243,
      1249.9512956142426,
      1349.9512956142428,
      649.9512956142424,
      1849.9512956142432,
      1099.9512956142428,
      1799.9512956142432,
      749.9512956142424,
      849.9512956142423,
      999.9512956142422,
      999.9512956142423,
      749.9512956142424,
      999.9512956142422,
      699.9512956142423,
      749.9512956142422,
      799.9512956142422,
      899.9512956142423,
      599.9512956142426,
      649.9512956142426,
      849.9512956142426,
      1099.9512956142423,
      599.9512956142427,
      1699.951295614243,
      1699.9512956142432,
      999.9512956142422,
      749.9512956142427,
      1299.9512956142428,
      1149.9512956142423,
      1049.9512956142423,
      799.9512956142424,
      749.9512956142424,
      599.9512956142427,
      499.9512956142428,
      899.9512956142422,
      499.9512956142427,
      449.9512956142427,
      549.9512956142427,
      449.9512956142427,
      549.9512956142427,
      749.9512956142426,
      1099.9512956142423,
      1499.951295614243,
      1449.951295614243,
      1699.9512956142432,
      1699.951295614243,
      1399.9512956142426,
      1499.951295614243,
      999.9512956142421,
      999.9512956142421,
      699.9512956142424,
      599.9512956142427,
      899.9512956142424,
      2049.9512956142435,
      1249.9512956142428,
      799.9512956142423,
      999.951295614242,
      699.9512956142424,
      599.9512956142426,
      899.9512956142423,
      499.9512956142428,
      599.9512956142426,
      749.9512956142424,
      599.9512956142427,
      549.9512956142427,
      499.9512956142427,
      449.9512956142427,
      599.9512956142427,
      949.9512956142421
    ],
    "mean_latency_ms": 1284.6735178364647,
    "median_latency_ms": 999.9512956142422,
    "cache_hit_rate": 0.8260995370370371,
    "cache_misses": 1803,
    "cache_evictions": 790,
    "wasted_prefetches": 0,
    "total_prefetches": 0,
    "dedup_skipped": 0,
    "expert_demands": 10368,
    "expert_hits": 8565
  },
  "prefetched_by_K": {
    "4": {
      "per_token_latency": [
        2509.923519651405,
        1259.9235196514055,
        1259.9235196514055,
        959.9235196514048,
        1309.9235196514057,
        1559.923519651406,
        1359.923519651406,
        1009.9235196514052,
        1209.9235196514053,
        1259.9235196514053,
        1059.9235196514053,
        859.9235196514053,
        709.9235196514054,
        1009.9235196514052,
        859.9235196514052,
        1009.9235196514051,
        909.9235196514051,
        759.9235196514053,
        659.9235196514055,
        1059.923519651405,
        909.9235196514053,
        859.9235196514054,
        859.9235196514054,
        759.9235196514053,
        659.9235196514054,
        759.9235196514055,
        759.9235196514055,
        709.9235196514054,
        559.9235196514056,
        709.9235196514053,
        909.9235196514052,
        659.9235196514054,
        759.9235196514052,
        709.9235196514053,
        859.9235196514052,
        859.9235196514051,
        659.9235196514056,
        859.9235196514052,
        659.9235196514054,
        609.9235196514055,
        1109.9235196514053,
        809.9235196514052,
        709.9235196514053,
        659.9235196514055,
        759.9235196514054,
        859.9235196514055,
        1109.9235196514053,
        709.9235196514054,
        609.9235196514055,
        659.9235196514054,
        559.9235196514056,
        509.9235196514057,
        709.9235196514053,
        659.9235196514054,
        509.92351965140574,
        709.9235196514053,
        659.9235196514055,
        559.9235196514056,
        709.9235196514054,
        709.9235196514056,
        659.9235196514054,
        609.9235196514055,
        709.9235196514054,
        1059.923519651405,
        759.9235196514053,
        559.9235196514056,
        659.9235196514054,
        709.9235196514054,
        609.9235196514055,
        659.9235196514055,
        609.9235196514055,
        509.92351965140574,
        509.92351965140574,
        709.9235196514054,
        509.9235196514057,
        459.9235196514057,
        509.92351965140574,
        509.92351965140574,
        609.9235196514055,
        509.9235196514057,
        559.9235196514056,
        909.9235196514051,
        859.9235196514052,
        1009.9235196514047,
        1209.923519651406,
        1009.9235196514048,
        909.9235196514051,
        809.9235196514052,
        859.9235196514052,
        659.9235196514055,
        659.9235196514055,
        659.9235196514054,
        1009.9235196514052,
        1109.9235196514055,
        609.9235196514054,
        1059.923519651405,
        659.9235196514054,
        509.92351965140574,
        609.9235196514055,
        509.9235196514057,
        559.9235196514056,
        709.9235196514054,
        609.9235196514056,
        609.9235196514054,
        509.9235196514057,
        509.9235196514057,
        559.9235196514056,
        659.9235196514055
      ],
      "mean_latency_ms": 790.479075206961,
      "median_latency_ms": 709.9235196514054,
      "cache_hit_rate": 0.9311342592592593,
      "cache_misses": 714,
      "cache_evictions": 1236,
      "wasted_prefetches": 608,
      "total_prefetches": 1535,
      "dedup_skipped": 16177,
      "expert_demands": 10368,
      "expert_hits": 9654
    },