{
  "model": "qwen1_5_moe_a2_7b",
  "gpu_memory_gb": 4.0,
  "cache_capacity": 61,
  "total_experts": 1440,
  "tokens": 108,
  "measured": {
    "predictor_ms": 0.6969493418776741,
    "layer_compute_ms": 98.72085065642993,
    "transfer_ms": 50.0
  },
  "baseline": {
    "per_token_latency": [
      7119.300415754321,
      7169.300415754321,
      7169.300415754321,
      7169.300415754321,
      7169.300415754321,
      7169.300415754321,
      7169.300415754321,
      7169.300415754321,
      7169.300415754321,
      7169.300415754321,
      7169.300415754321,
      7169.300415754321,
      7169.300415754321,
      7169.300415754321,
      7169.300415754321,
      7169.300415754321,
      7169.300415754321,
      7169.300415754321,
      7169.300415754321,
      7169.300415754321,
      7169.300415754321,
      7169.300415754321,
      7169.300415754321,
      7169.300415754321,
      7169.300415754321,
      7169.300415754321,
      7169.300415754321,
      7169.300415754321,
      7169.300415754321,
      7169.300415754321,
      7169.300415754321,
      7169.300415754321,
      7169.300415754321,
      7169.300415754321,
      7169.300415754321,
      7169.300415754321,
      7169.300415754321,
      7169.300415754321,
      7169.300415754321,
      7169.300415754321,
      7169.300415754321,
      7169.300415754321,
      7169.300415754321,
      7169.300415754321,
      7169.300415754321,
      7169.300415754321,
      7169.300415754321,
      7169.300415754321,
      7169.300415754321,
      7169.300415754321,
      7169.300415754321,
      7169.300415754321,
      7169.300415754321,
      7169.300415754321,
      7169.300415754321,
      7169.300415754321,
      7169.300415754321,
      7169.300415754321,
      7169.300415754321,
      7169.300415754321,
      7169.300415754321,
      7169.300415754321,
      7169.300415754321,
      7169.300415754321,
      7169.300415754321,
      7169.300415754321,
      7169.300415754321,
      7169.300415754321,
      7169.300415754321,
      7169.300415754321,
      7169.300415754321,
      7169.300415754321,
      7169.300415754321,
      7169.300415754321,
      7169.300415754321,
      7169.300415754321,
      7169.300415754321,
      7169.300415754321,
      7169.300415754321,
      7169.300415754321,
      7169.300415754321,
      7169.300415754321,
      7169.300415754321,
      7169.300415754321,
      7169.300415754321,
      7169.300415754321,
      7169.300415754321,
      7169.300415754321,
      7169.300415754321,
      7169.300415754321,
      7169.300415754321,
      7169.300415754321,
      7169.300415754321,
      7169.300415754321,
      7169.300415754321,
      7169.300415754321,
      7169.300415754321,
      7169.300415754321,
      7169.300415754321,
      7169.300415754321,
      7169.300415754321,
      7169.300415754321,
      7169.300415754321,
      7169.300415754321,
      7169.300415754321,
      7169.300415754321,
      7169.300415754321,
      7169.300415754321
    ],
    "mean_latency_ms": 7168.837452791357,
    "median_latency_ms": 7169.300415754321,
    "cache_hit_rate": 9.645061728395061e-05,
    "cache_misses": 10367,
    "cache_evictions": 10378,
    "wasted_prefetches": 0,
    "total_prefetches": 0,
    "dedup_skipped": 0,
    "expert_demands": 10368,
    "expert_hits": 1
  },
  "prefetched_by_K": {
    "4": {
      "per_token_latency": [
        4136.027199959382,
        3086.0271999593824,
        3186.0271999593824,
        3036.0271999593824,
        3186.0271999593824,
        3536.0271999593824,
        3036.0271999593824,
        2986.0271999593824,
        2886.0271999593824,
        3136.0271999593824,
        3336.0271999593824,
        3186.0271999593824,
        3086.0271999593824,
        3036.0271999593824,
        3536.0271999593824,
        3186.0271999593824,
        3136.0271999593824,
        3136.0271999593824,
        3436.0271999593824,
        3886.0271999593824,
        3086.0271999593824,
        3936.0271999593824,
        3486.0271999593824,
        3136.0271999593824,
        3136.0271999593824,
        3036.0271999593824,
        3236.0271999593824,
        3786.0271999593824,
        3386.0271999593824,
        2936.0271999593824,
        3336.0271999593824,
        3136.0271999593824,
        3186.0271999593824,
        3036.0271999593824,
        3086.0271999593824,
        2936.0271999593824,
        3386.0271999593824,
        3636.0271999593824,
        2836.0271999593824,
        3136.0271999593824,
        3186.0271999593824,
        3186.0271999593824,
        3136.0271999593824,
        3086.0271999593824,
        3136.0271999593824,
        3036.0271999593824,
        3286.0271999593824,
        3136.0271999593824,
        2936.0271999593824,
        2986.0271999593824,
        3186.0271999593824,
        3336.0271999593824,
        3436.0271999593824,
        3186.0271999593824,
        2886.0271999593824,
        2986.0271999593824,
        3186.0271999593824,
        3386.0271999593824,
        3486.0271999593824,
        3386.0271999593824,
        3536.0271999593824,
        3036.0271999593824,
        3086.0271999593824,
        3336.0271999593824,
        3286.0271999593824,
        3086.0271999593824,
        3386.0271999593824,
        3486.0271999593824,
        3386.0271999593824,
        3036.0271999593824,
        3336.0271999593824,
        3136.0271999593824,
        3236.0271999593824,
        3536.0271999593824,
        3136.0271999593824,
        3286.0271999593824,
        3336.0271999593824,
        3286.0271999593824,
        3336.0271999593824,
        3036.0271999593824,
        3436.0271999593824,
        3486.0271999593824,
        3636.0271999593824,
        3586.0271999593824,
        3686.0271999593824,
        3536.0271999593824,
        3286.0271999593824,
        3836.0271999593824,
        3886.0271999593824,
        3336.0271999593824,
        3486.0271999593824,
        3386.0271999593824,
        3736.0271999593824,
        3436.0271999593824,
        3286.0271999593824,
        3986.0271999593824,
        3986.0271999593824,
        3536.0271999593824,
        3436.0271999593824,
        3536.0271999593824,
        3636.0271999593824,
        3736.0271999593824,
        3486.0271999593824,
        3586.0271999593824,
        3336.0271999593824,
        3936.0271999593824,
        4036.0271999593824,
        3786.0271999593824
      ],
      "mean_latency_ms": 3333.2494221816046,
      "median_latency_ms": 3286.0271999593824,
      "cache_hit_rate": 0.8026620370370371,
      "cache_misses": 2046,
      "cache_evictions": 17067,
      "wasted_prefetches": 6689,
      "total_prefetches": 15010,
      "dedup_skipped": 20582,
      "expert_demands": 10368,
      "expert_hits": 8322
    },