{
  "model": "qwen1_5_moe_a2_7b",
  "gpu_memory_gb": 16.0,
  "cache_capacity": 1440,
  "total_experts": 1440,
  "tokens": 111,
  "measured": {
    "predictor_ms": 0.6850679949857295,
    "layer_compute_ms": 52.391822616259255,
    "transfer_ms": 50.0
  },
  "baseline": {
    "per_token_latency": [
      5557.403742790223,
      5107.403742790222,
      4857.403742790222,
      4857.403742790222,
      3957.4037427902213,
      4157.40374279022,
      3957.403742790221,
      4607.403742790222,
      2957.4037427902213,
      4007.403742790221,
      2707.403742790222,
      2757.4037427902217,
      2307.4037427902226,
      3507.403742790221,
      2657.4037427902217,
      2307.4037427902226,
      2457.4037427902217,
      2657.4037427902217,
      2657.4037427902217,
      1807.4037427902229,
      2007.4037427902229,
      1907.4037427902229,
      1557.4037427902224,
      1357.4037427902224,
      1607.4037427902224,
      2657.4037427902217,
      2157.4037427902226,
      1507.4037427902224,
      2657.4037427902217,
      2757.4037427902217,
      2007.4037427902229,
      1757.4037427902226,
      1957.4037427902229,
      1407.4037427902224,
      1557.4037427902226,
      1657.4037427902226,
      1857.4037427902229,
      2007.4037427902229,
      1757.4037427902229,
      1557.4037427902224,
      1407.4037427902222,
      1557.4037427902226,
      1407.4037427902224,
      1407.4037427902224,
      1607.4037427902226,
      1407.4037427902224,
      1257.4037427902222,
      1407.4037427902224,
      1807.4037427902229,
      1457.4037427902224,
      1557.4037427902224,
      1507.4037427902224,
      1307.4037427902224,
      1357.4037427902224,
      1407.4037427902224,
      1307.4037427902222,
      1357.4037427902222,
      1557.4037427902224,
      1407.4037427902226,
      1257.4037427902222,
      1557.4037427902226,
      1857.4037427902226,
      1607.4037427902226,
      1307.4037427902222,
      1357.4037427902224,
      1257.4037427902222,
      1257.4037427902222,
      1407.4037427902224,
      1357.4037427902222,
      1457.4037427902224,
      1307.4037427902224,
      1257.4037427902222,
      1357.4037427902224,
      1357.4037427902224,
      1457.4037427902222,
      1607.4037427902226,
      1457.4037427902224,
      1407.4037427902224,
      1507.4037427902224,
      1357.4037427902224,
      1307.4037427902224,
      1407.4037427902224,
      1257.4037427902222,
      1407.4037427902224,
      1257.4037427902222,
      1357.4037427902224,
      1357.4037427902224,
      1257.4037427902222,
      1257.4037427902222,
      1307.4037427902222,
      1357.4037427902224,
      1257.4037427902222,
      1257.4037427902222,
      1307.4037427902224,
      1557.4037427902226,
      1307.4037427902222,
      1257.4037427902222,
      1307.4037427902222,
      1257.4037427902222,
      1257.4037427902222,
      1407.4037427902224,
      1307.4037427902224,
      1307.4037427902222,
      1257.4037427902222,
      1307.4037427902224,
      1307.4037427902222,
      1407.4037427902224,
      1307.4037427902224,
      1257.4037427902222,
      1257.4037427902222,
      1257.4037427902222
    ],
    "mean_latency_ms": 1851.0974364839158,
    "median_latency_ms": 1407.4037427902224,
    "cache_hit_rate": 0.8763138138138138,
    "cache_misses": 1318,
    "cache_evictions": 0,
    "wasted_prefetches": 0,
    "total_prefetches": 0,
    "dedup_skipped": 0,
    "expert_demands": 10656,
    "expert_hits": 9338
  },
  "prefetched_by_K": {
    "4": {
      "per_token_latency": [
        1773.8453746698801,
        1773.8453746698804,
        1673.8453746698801,
        1623.84537466988,
        1523.8453746698801,
        1923.8453746698804,
        1573.8453746698801,
        1673.8453746698804,
        1623.8453746698801,
        1373.84537466988,
        1423.84537466988,
        1623.8453746698801,
        1423.84537466988,
        1373.84537466988,
        1423.84537466988,
        1423.8453746698797,
        1423.84537466988,
        1473.8453746698801,
        1523.8453746698801,
        1423.84537466988,
        1373.84537466988,
        1523.8453746698801,
        1323.8453746698797,
        1273.8453746698797,
        1273.8453746698797,
        1323.8453746698797,
        1423.84537466988,
        1373.84537466988,
        1323.84537466988,
        1373.84537466988,
        1373.84537466988,
        1273.8453746698797,
        1323.84537466988,
        1323.8453746698797,
        1323.8453746698797,
        1323.8453746698797,
        1423.84537466988,
        1273.8453746698797,
        1373.84537466988,
        1373.84537466988,
        1323.8453746698797,
        1273.8453746698797,
        1323.84537466988,
        1273.8453746698797,
        1373.8453746698797,
        1323.8453746698797,
        1273.8453746698797,
        1273.8453746698797,
        1323.84537466988,
        1323.8453746698797,
        1273.8453746698797,
        1273.8453746698797,
        1273.8453746698797,
        1273.8453746698797,
        1373.84537466988,
        1273.8453746698797,
        1323.8453746698797,
        1273.8453746698797,
        1273.8453746698797,
        1273.8453746698797,
        1323.8453746698797,
        1323.8453746698797,
        1273.8453746698797,
        1273.8453746698797,
        1273.8453746698797,
        1273.8453746698797,
        1273.8453746698797,
        1273.8453746698797,
        1273.8453746698797,
        1273.8453746698797,
        1273.8453746698797,
        1273.8453746698797,
        1273.8453746698797,
        1273.8453746698797,
        1273.8453746698797,
        1273.8453746698797,
        1323.8453746698797,
        1273.8453746698797,
        1323.84537466988,
        1323.8453746698797,
        1273.8453746698797,
        1273.8453746698797,
        1273.8453746698797,
        1323.84537466988,
        1273.8453746698797,
        1273.8453746698797,
        1273.8453746698797,
        1273.8453746698797,
        1273.8453746698797,
        1273.8453746698797,
        1323.8453746698797,
        1273.8453746698797,
        1273.8453746698797,
        1273.8453746698797,
        1273.8453746698797,
        1273.8453746698797,
        1273.8453746698797,
        1273.8453746698797,
        1273.8453746698797,
        1273.8453746698797,
        1273.8453746698797,
        1273.8453746698797,
        1273.8453746698797,
        1273.8453746698797,
        1273.8453746698797,
        1273.8453746698797,
        1323.84537466988,
        1273.8453746698797,
        1273.8453746698797,
        1273.8453746698797,
        1273.8453746698797
      ],
      "mean_latency_ms": 1345.9174467419518,
      "median_latency_ms": 1273.8453746698797,
      "cache_hit_rate": 0.984984984984985,
      "cache_misses": 160,
      "cache_evictions": 0,
      "wasted_prefetches": 424,
      "total_prefetches": 1196,
      "dedup_skipped": 36948,
      "expert_demands": 10656,
      "expert_hits": 10496
    },