{
  "model": "qwen1_5_moe_a2_7b",
  "gpu_memory_gb": 4.0,
  "cache_capacity": 4,
  "total_experts": 1440,
  "tokens": 111,
  "measured": {
    "predictor_ms": 0.43970933502229553,
    "layer_compute_ms": 18.574781335890293,
    "transfer_ms": 50.0
  },
  "baseline": {
    "per_token_latency": [
      5245.794752061367,
      5245.794752061367,
      5245.794752061367,
      5245.794752061367,
      5245.794752061367,
      5245.794752061367,
      5245.794752061367,
      5245.794752061367,
      5245.794752061367,
      5245.794752061367,
      5245.794752061367,
      5245.794752061367,
      5245.794752061367,
      5245.794752061367,
      5245.794752061367,
      5245.794752061367,
      5245.794752061367,
      5245.794752061367,
      5245.794752061367,
      5245.794752061367,
      5245.794752061367,
      5245.794752061367,
      5245.794752061367,
      5245.794752061367,
      5245.794752061367,
      5245.794752061367,
      5245.794752061367,
      5245.794752061367,
      5245.794752061367,
      5245.794752061367,
      5245.794752061367,
      5245.794752061367,
      5245.794752061367,
      5245.794752061367,
      5245.794752061367,
      5245.794752061367,
      5245.794752061367,
      5245.794752061367,
      5245.794752061367,
      5245.794752061367,
      5245.794752061367,
      5245.794752061367,
      5245.794752061367,
      5245.794752061367,
      5245.794752061367,
      5245.794752061367,
      5245.794752061367,
      5245.794752061367,
      5245.794752061367,
      5245.794752061367,
      5245.794752061367,
      5245.794752061367,
      5245.794752061367,
      5245.794752061367,
      5245.794752061367,
      5245.794752061367,
      5245.794752061367,
      5245.794752061367,
      5245.794752061367,
      5245.794752061367,
      5245.794752061367,
      5245.794752061367,
      5245.794752061367,
      5245.794752061367,
      5245.794752061367,
      5245.794752061367,
      5245.794752061367,
      5245.794752061367,
      5245.794752061367,
      5245.794752061367,
      5245.794752061367,
      5245.794752061367,
      5245.794752061367,
      5245.794752061367,
      5245.794752061367,
      5245.794752061367,
      5245.794752061367,
      5245.794752061367,
      5245.794752061367,
      5245.794752061367,
      5245.794752061367,
      5245.794752061367,
      5245.794752061367,
      5245.794752061367,
      5245.794752061367,
      5245.794752061367,
      5245.794752061367,
      5245.794752061367,
      5245.794752061367,
      5245.794752061367,
      5245.794752061367,
      5245.794752061367,
      5245.794752061367,
      5245.794752061367,
      5245.794752061367,
      5245.794752061367,
      5245.794752061367,
      5245.794752061367,
      5245.794752061367,
      5245.794752061367,
      5245.794752061367,
      5245.794752061367,
      5245.794752061367,
      5245.794752061367,
      5245.794752061367,
      5245.794752061367,
      5245.794752061367,
      5245.794752061367,
      5245.794752061367,
      5245.794752061367,
      5245.794752061367
    ],
    "mean_latency_ms": 5245.794752061367,
    "median_latency_ms": 5245.794752061367,
    "cache_hit_rate": 0.0,
    "cache_misses": 10656,
    "cache_evictions": 10724,
    "wasted_prefetches": 0,
    "total_prefetches": 0,
    "dedup_skipped": 0,
    "expert_demands": 10656,
    "expert_hits": 0
  },
  "prefetched_by_K": {
    "4": {
      "per_token_latency": [
        5256.347776101903,
        5256.347776101903,
        5256.347776101903,
        5256.347776101903,
        5256.347776101903,
        5256.347776101903,
        5256.347776101903,
        5256.347776101903,
        5256.347776101903,
        5256.347776101903,
        5256.347776101903,
        5256.347776101903,
        5256.347776101903,
        5256.347776101903,
        5256.347776101903,
        5256.347776101903,
        5256.347776101903,
        5256.347776101903,
        5256.347776101903,
        5256.347776101903,
        5256.347776101903,
        5256.347776101903,
        5256.347776101903,
        5256.347776101903,
        5256.347776101903,
        5256.347776101903,
        5256.347776101903,
        5256.347776101903,
        5256.347776101903,
        5256.347776101903,
        5256.347776101903,
        5256.347776101903,
        5256.347776101903,
        5256.347776101903,
        5256.347776101903,
        5256.347776101903,
        5256.347776101903,
        5256.347776101903,
        5256.347776101903,
        5256.347776101903,
        5256.347776101903,
        5256.347776101903,
        5256.347776101903,
        5256.347776101903,
        5256.347776101903,
        5256.347776101903,
        5256.347776101903,
        5256.347776101903,
        5256.347776101903,
        5256.347776101903,
        5256.347776101903,
        5256.347776101903,
        5256.347776101903,
        5256.347776101903,
        5256.347776101903,
        5256.347776101903,
        5256.347776101903,
        5256.347776101903,
        5256.347776101903,
        5256.347776101903,
        5256.347776101903,
        5256.347776101903,
        5256.347776101903,
        5256.347776101903,
        5256.347776101903,
        5256.347776101903,
        5256.347776101903,
        5256.347776101903,
        5256.347776101903,
        5256.347776101903,
        5256.347776101903,
        5256.347776101903,
        5256.347776101903,
        5256.347776101903,
        5256.347776101903,
        5256.347776101903,
        5256.347776101903,
        5256.347776101903,
        5256.347776101903,
        5256.347776101903,
        5256.347776101903,
        5256.347776101903,
        5256.347776101903,
        5256.347776101903,
        5256.347776101903,
        5256.347776101903,
        5256.347776101903,
        5256.347776101903,
        5256.347776101903,
        5256.347776101903,
        5256.347776101903,
        5256.347776101903,
        5256.347776101903,
        5256.347776101903,
        5256.347776101903,
        5256.347776101903,
        5256.347776101903,
        5256.347776101903,
        5256.347776101903,
        5256.347776101903,
        5256.347776101903,
        5256.347776101903,
        5256.347776101903,
        5256.347776101903,
        5256.347776101903,
        5256.347776101903,
        5256.347776101903,
        5256.347776101903,
        5256.347776101903,
        5256.347776101903,
        5256.347776101903
      ],
      "mean_latency_ms": 5256.347776101903,
      "median_latency_ms": 5256.347776101903,
      "cache_hit_rate": 0.0,
      "cache_misses": 10656,
      "cache_evictions": 28928,
      "wasted_prefetches": 3427,
      "total_prefetches": 18204,
      "dedup_skipped": 0,
      "expert_demands": 10656,
      "expert_hits": 0
    },