{
  "model": "qwen1_5_moe_a2_7b",
  "gpu_memory_gb": 4.0,
  "cache_capacity": 402,
  "total_experts": 1440,
  "tokens": 111,
  "measured": {
    "predictor_ms": 0.7076813395057494,
    "layer_compute_ms": 53.06706794102987,
    "transfer_ms": 50.0
  },
  "baseline": {
    "per_token_latency": [
      5573.609630584716,
      5123.609630584717,
      4873.609630584717,
      4873.609630584717,
      3973.6096305847177,
      4173.609630584719,
      4373.609630584718,
      5673.609630584716,
      3623.6096305847177,
      4573.609630584718,
      3173.6096305847177,
      3123.6096305847173,
      4473.609630584718,
      5523.609630584716,
      5423.609630584716,
      4473.609630584718,
      4173.609630584719,
      3823.6096305847177,
      3973.609630584718,
      3573.6096305847173,
      2873.6096305847173,
      3473.6096305847177,
      5023.609630584717,
      4473.609630584718,
      5373.609630584716,
      5873.609630584716,
      4773.609630584717,
      5223.609630584716,
      4673.609630584718,
      3973.6096305847177,
      3173.6096305847173,
      5323.609630584716,
      4723.609630584717,
      4523.609630584717,
      4423.609630584718,
      4273.609630584718,
      3623.609630584718,
      4073.609630584718,
      4423.609630584717,
      2923.6096305847177,
      4273.609630584718,
      2723.6096305847173,
      4373.609630584718,
      5723.609630584716,
      3823.609630584718,
      2773.6096305847173,
      5373.609630584716,
      4573.609630584717,
      4073.6096305847186,
      3523.609630584718,
      3923.609630584718,
      3723.6096305847177,
      4873.609630584716,
      4973.609630584717,
      3323.609630584718,
      4273.609630584719,
      5673.609630584716,
      4873.609630584717,
      4573.609630584717,
      3773.609630584718,
      3773.6096305847186,
      4523.609630584718,
      5823.609630584716,
      4423.609630584718,
      4123.609630584718,
      4473.609630584718,
      4623.609630584717,
      4823.609630584716,
      5823.609630584716,
      3273.6096305847177,
      4523.609630584718,
      3623.609630584718,
      4773.609630584717,
      2973.6096305847177,
      4323.609630584718,
      5073.609630584717,
      4573.609630584717,
      4423.609630584718,
      4673.609630584717,
      2423.609630584717,
      3273.6096305847177,
      3273.6096305847177,
      3523.6096305847177,
      4673.609630584717,
      2773.6096305847177,
      4323.609630584718,
      5423.609630584716,
      4673.609630584717,
      3423.609630584718,
      3373.6096305847177,
      3823.609630584718,
      3973.609630584718,
      3023.6096305847173,
      5673.609630584716,
      5473.609630584716,
      5123.609630584717,
      4773.609630584718,
      4373.609630584718,
      2673.6096305847173,
      3673.609630584718,
      3973.609630584718,
      4073.609630584718,
      3623.6096305847177,
      5473.609630584716,
      5273.609630584716,
      5423.609630584716,
      4273.609630584718,
      4923.609630584717,
      3373.6096305847177,
      3723.6096305847177,
      5723.609630584716
    ],
    "mean_latency_ms": 4317.753774728861,
    "median_latency_ms": 4373.609630584718,
    "cache_hit_rate": 0.3658033033033033,
    "cache_misses": 6758,
    "cache_evictions": 6428,
    "wasted_prefetches": 0,
    "total_prefetches": 0,
    "dedup_skipped": 0,
    "expert_demands": 10656,
    "expert_hits": 3898
  },
  "prefetched_by_K": {
    "4": {
      "per_token_latency": [
        1790.5939827328548,
        1790.5939827328548,
        1690.5939827328548,
        1640.5939827328548,
        1590.5939827328548,
        1990.5939827328548,
        1640.5939827328548,
        1740.5939827328548,
        1790.5939827328548,
        1640.5939827328548,
        1640.5939827328548,
        1790.5939827328548,
        1590.5939827328548,
        1690.5939827328548,
        1740.5939827328548,
        1790.5939827328548,
        1790.5939827328548,
        1490.5939827328548,
        1940.5939827328548,
        1690.5939827328548,
        1840.5939827328548,
        1740.5939827328548,
        1790.5939827328548,
        1690.5939827328548,
        1790.5939827328548,
        1740.5939827328548,
        1940.5939827328548,
        2240.593982732855,
        2190.593982732855,
        1840.5939827328548,
        1940.5939827328548,
        1740.5939827328548,
        1640.5939827328548,
        2040.5939827328548,
        2090.593982732855,
        1890.5939827328548,
        1890.5939827328548,
        1990.5939827328548,
        1840.5939827328548,
        1740.5939827328548,
        1640.5939827328548,
        1790.5939827328548,
        2040.5939827328548,
        1990.5939827328548,
        1790.5939827328548,
        1840.5939827328548,
        2040.5939827328548,
        2140.593982732855,
        2090.593982732855,
        2040.5939827328548,
        2040.5939827328548,
        1740.5939827328548,
        1690.5939827328548,
        1990.5939827328548,
        1890.5939827328548,
        2340.593982732855,
        1790.5939827328548,
        1640.5939827328548,
        1740.5939827328548,
        1540.5939827328548,
        1690.5939827328548,
        1690.5939827328548,
        1690.5939827328548,
        1940.5939827328548,
        1690.5939827328548,
        2040.5939827328548,
        1740.5939827328548,
        1890.5939827328548,
        1690.5939827328548,
        1940.5939827328548,
        1890.5939827328548,
        1840.5939827328548,
        1790.5939827328548,
        1590.5939827328548,
        1890.5939827328548,
        1940.5939827328548,
        1890.5939827328548,
        1790.5939827328548,
        1640.5939827328548,
        1690.5939827328548,
        1590.5939827328548,
        1940.5939827328548,
        1840.5939827328548,
        2140.593982732855,
        1940.5939827328548,
        1790.5939827328548,
        1740.5939827328548,
        1840.5939827328548,
        1890.5939827328548,
        1690.5939827328548,
        1740.5939827328548,
        1790.5939827328548,
        1590.5939827328548,
        1740.5939827328548,
        1990.5939827328548,
        2040.5939827328548,
        1890.5939827328548,
        1940.5939827328548,
        1540.5939827328548,
        1940.5939827328548,
        1940.5939827328548,
        1990.5939827328548,
        2040.5939827328548,
        1790.5939827328548,
        1740.5939827328548,
        1940.5939827328548,
        1940.5939827328548,
        1940.5939827328548,
        1940.5939827328548,
        1840.5939827328548,
        1740.5939827328548
      ],
      "mean_latency_ms": 1831.5849737238457,
      "median_latency_ms": 1790.5939827328548,
      "cache_hit_rate": 0.8872935435435435,
      "cache_misses": 1201,
      "cache_evictions": 10223,
      "wasted_prefetches": 3825,
      "total_prefetches": 9352,
      "dedup_skipped": 28410,
      "expert_demands": 10656,
      "expert_hits": 9455
    },