{
  "model": "qwen1_5_moe_a2_7b",
  "gpu_memory_gb": 8.0,
  "cache_capacity": 61,
  "total_experts": 1440,
  "tokens": 108,
  "measured": {
    "predictor_ms": 0.4245039999174575,
    "layer_compute_ms": 19.03182665258646,
    "transfer_ms": 50.0
  },
  "baseline": {
    "per_token_latency": [
      5156.763839662075,
      5256.763839662075,
      5256.763839662075,
      5256.763839662075,
      5256.763839662075,
      5256.763839662075,
      5256.763839662075,
      5256.763839662075,
      5256.763839662075,
      5256.763839662075,
      5256.763839662075,
      5256.763839662075,
      5256.763839662075,
      5256.763839662075,
      5256.763839662075,
      5256.763839662075,
      5256.763839662075,
      5256.763839662075,
      5256.763839662075,
      5256.763839662075,
      5256.763839662075,
      5256.763839662075,
      5256.763839662075,
      5256.763839662075,
      5256.763839662075,
      5256.763839662075,
      5256.763839662075,
      5256.763839662075,
      5256.763839662075,
      5256.763839662075,
      5256.763839662075,
      5256.763839662075,
      5256.763839662075,
      5256.763839662075,
      5256.763839662075,
      5256.763839662075,
      5256.763839662075,
      5256.763839662075,
      5256.763839662075,
      5256.763839662075,
      5256.763839662075,
      5256.763839662075,
      5256.763839662075,
      5256.763839662075,
      5256.763839662075,
      5256.763839662075,
      5256.763839662075,
      5256.763839662075,
      5256.763839662075,
      5256.763839662075,
      5256.763839662075,
      5256.763839662075,
      5256.763839662075,
      5256.763839662075,
      5256.763839662075,
      5256.763839662075,
      5256.763839662075,
      5256.763839662075,
      5256.763839662075,
      5256.763839662075,
      5256.763839662075,
      5256.763839662075,
      5256.763839662075,
      5256.763839662075,
      5256.763839662075,
      5256.763839662075,
      5256.763839662075,
      5256.763839662075,
      5256.763839662075,
      5256.763839662075,
      5256.763839662075,
      5256.763839662075,
      5256.763839662075,
      5256.763839662075,
      5256.763839662075,
      5256.763839662075,
      5256.763839662075,
      5256.763839662075,
      5256.763839662075,
      5256.763839662075,
      5256.763839662075,
      5256.763839662075,
      5256.763839662075,
      5256.763839662075,
      5256.763839662075,
      5256.763839662075,
      5256.763839662075,
      5256.763839662075,
      5256.763839662075,
      5256.763839662075,
      5256.763839662075,
      5256.763839662075,
      5256.763839662075,
      5256.763839662075,
      5256.763839662075,
      5256.763839662075,
      5256.763839662075,
      5256.763839662075,
      5256.763839662075,
      5256.763839662075,
      5256.763839662075,
      5256.763839662075,
      5256.763839662075,
      5256.763839662075,
      5256.763839662075,
      5256.763839662075,
      5256.763839662075,
      5256.763839662075
    ],
    "mean_latency_ms": 5255.837913736149,
    "median_latency_ms": 5256.763839662075,
    "cache_hit_rate": 0.00019290123456790122,
    "cache_misses": 10366,
    "cache_evictions": 10377,
    "wasted_prefetches": 0,
    "total_prefetches": 0,
    "dedup_skipped": 0,
    "expert_demands": 10368,
    "expert_hits": 2
  },
  "prefetched_by_K": {
    "4": {
      "per_token_latency": [
        2616.9519356600936,
        1666.9519356600945,
        1716.951935660095,
        1516.9519356600947,
        2016.951935660095,
        2316.951935660094,
        1766.9519356600947,
        1466.9519356600945,
        1566.9519356600943,
        1766.951935660095,
        1966.9519356600947,
        1866.951935660095,
        1566.951935660095,
        1866.9519356600945,
        2166.951935660095,
        1766.9519356600945,
        1866.951935660095,
        1616.951935660095,
        2016.951935660095,
        2466.951935660094,
        2166.9519356600945,
        2616.9519356600936,
        2266.9519356600945,
        1616.9519356600947,
        1516.9519356600945,
        1616.9519356600945,
        1916.9519356600952,
        2216.9519356600945,
        1866.9519356600952,
        1616.9519356600945,
        2116.951935660095,
        1516.9519356600952,
        1566.951935660095,
        1716.951935660095,
        1716.951935660095,
        1616.9519356600947,
        2166.951935660095,
        2216.951935660094,
        1366.9519356600943,
        1566.9519356600945,
        1566.951935660095,
        1866.9519356600952,
        1816.951935660095,
        1916.951935660095,
        1716.9519356600947,
        1666.951935660094,
        1966.951935660095,
        1716.951935660095,
        1716.951935660095,
        1666.9519356600947,
        2016.951935660095,
        1566.9519356600943,
        2016.951935660095,
        1716.951935660095,
        1466.951935660095,
        1316.9519356600945,
        1666.951935660095,
        1966.9519356600952,
        2266.951935660095,
        1816.9519356600943,
        1816.951935660095,
        1666.951935660095,
        1516.9519356600945,
        1716.951935660095,
        1566.9519356600943,
        1466.951935660094,
        1766.9519356600945,
        1766.951935660095,
        1766.951935660095,
        1916.9519356600952,
        1916.9519356600952,
        1516.9519356600943,
        1716.951935660095,
        2116.951935660095,
        1616.9519356600943,
        1666.9519356600945,
        1866.9519356600945,
        1766.9519356600945,
        1716.951935660095,
        1766.951935660095,
        1966.951935660095,
        2466.951935660094,
        2066.951935660095,
        2266.9519356600945,
        2366.951935660094,
        2366.951935660094,
        2316.951935660095,
        2466.9519356600945,
        2516.9519356600945,
        1766.9519356600945,
        2016.951935660095,
        2066.951935660095,
        2516.951935660094,
        2166.9519356600945,
        2166.9519356600945,
        2866.9519356600927,
        2416.9519356600945,
        2216.951935660095,
        2066.951935660095,
        2266.951935660095,
        2416.9519356600945,
        2516.951935660094,
        2266.9519356600945,
        2366.951935660095,
        2366.9519356600945,
        2566.951935660094,
        2566.951935660094,
        2616.9519356600945
      ],
      "mean_latency_ms": 1941.4889726971314,
      "median_latency_ms": 1866.951935660095,
      "cache_hit_rate": 0.6928047839506173,
      "cache_misses": 3185,
      "cache_evictions": 14296,
      "wasted_prefetches": 3919,
      "total_prefetches": 11100,
      "dedup_skipped": 6612,
      "expert_demands": 10368,
      "expert_hits": 7183
    },