{
  "model": "qwen1_5_moe_a2_7b",
  "gpu_memory_gb": 4.0,
  "cache_capacity": 61,
  "total_experts": 1440,
  "tokens": 111,
  "measured": {
    "predictor_ms": 0.7019719942084824,
    "layer_compute_ms": 97.74669471383095,
    "transfer_ms": 50.0
  },
  "baseline": {
    "per_token_latency": [
      7095.920673131943,
      7145.920673131943,
      7145.920673131943,
      7145.920673131943,
      7145.920673131943,
      7145.920673131943,
      7145.920673131943,
      7145.920673131943,
      7145.920673131943,
      7145.920673131943,
      7145.920673131943,
      7145.920673131943,
      7145.920673131943,
      7145.920673131943,
      7145.920673131943,
      7145.920673131943,
      7145.920673131943,
      7145.920673131943,
      7145.920673131943,
      7145.920673131943,
      7145.920673131943,
      7145.920673131943,
      7145.920673131943,
      7145.920673131943,
      7145.920673131943,
      7145.920673131943,
      7145.920673131943,
      7145.920673131943,
      7145.920673131943,
      7145.920673131943,
      7145.920673131943,
      7145.920673131943,
      7145.920673131943,
      7145.920673131943,
      7145.920673131943,
      7145.920673131943,
      7145.920673131943,
      7145.920673131943,
      7145.920673131943,
      7145.920673131943,
      7145.920673131943,
      7145.920673131943,
      7145.920673131943,
      7145.920673131943,
      7145.920673131943,
      7145.920673131943,
      7145.920673131943,
      7145.920673131943,
      7145.920673131943,
      7145.920673131943,
      7145.920673131943,
      7145.920673131943,
      7145.920673131943,
      7145.920673131943,
      7145.920673131943,
      7145.920673131943,
      7145.920673131943,
      7145.920673131943,
      7145.920673131943,
      7145.920673131943,
      7145.920673131943,
      7145.920673131943,
      7145.920673131943,
      7145.920673131943,
      7145.920673131943,
      7145.920673131943,
      7145.920673131943,
      7145.920673131943,
      7145.920673131943,
      7145.920673131943,
      7145.920673131943,
      7145.920673131943,
      7145.920673131943,
      7145.920673131943,
      7145.920673131943,
      7145.920673131943,
      7145.920673131943,
      7145.920673131943,
      7145.920673131943,
      7145.920673131943,
      7145.920673131943,
      7145.920673131943,
      7145.920673131943,
      7145.920673131943,
      7145.920673131943,
      7145.920673131943,
      7145.920673131943,
      7145.920673131943,
      7145.920673131943,
      7145.920673131943,
      7145.920673131943,
      7145.920673131943,
      7145.920673131943,
      7145.920673131943,
      7145.920673131943,
      7145.920673131943,
      7145.920673131943,
      7145.920673131943,
      7145.920673131943,
      7145.920673131943,
      7145.920673131943,
      7145.920673131943,
      7145.920673131943,
      7145.920673131943,
      7145.920673131943,
      7145.920673131943,
      7145.920673131943,
      7145.920673131943,
      7145.920673131943,
      7145.920673131943,
      7145.920673131943
    ],
    "mean_latency_ms": 7145.4702226814925,
    "median_latency_ms": 7145.920673131943,
    "cache_hit_rate": 9.384384384384384e-05,
    "cache_misses": 10655,
    "cache_evictions": 10666,
    "wasted_prefetches": 0,
    "total_prefetches": 0,
    "dedup_skipped": 0,
    "expert_demands": 10656,
    "expert_hits": 1
  },
  "prefetched_by_K": {
    "4": {
      "per_token_latency": [
        3962.7680009929477,
        3062.768000992947,
        3112.7680009929472,
        2962.768000992947,
        3062.768000992947,
        3262.7680009929472,
        3162.768000992947,
        2862.768000992947,
        3162.7680009929472,
        2862.768000992947,
        3012.768000992947,
        3162.768000992947,
        3712.7680009929477,
        2962.768000992947,
        3162.7680009929472,
        3062.768000992947,
        3162.768000992947,
        3312.7680009929472,
        3112.768000992947,
        3162.768000992947,
        3412.768000992947,
        2962.768000992947,
        3162.7680009929472,
        3362.7680009929477,
        3162.7680009929472,
        2912.768000992947,
        3512.7680009929477,
        3462.7680009929472,
        3262.7680009929472,
        3212.7680009929472,
        3312.7680009929477,
        2962.768000992947,
        3062.768000992947,
        3362.768000992947,
        3462.7680009929477,
        3512.7680009929477,
        3712.7680009929477,
        3312.7680009929472,
        3012.7680009929463,
        3512.768000992947,
        2862.768000992947,
        3162.7680009929472,
        3612.7680009929477,
        3112.768000992947,
        3412.7680009929477,
        3212.768000992947,
        3362.7680009929472,
        3512.7680009929477,
        3762.7680009929477,
        3612.7680009929477,
        3312.768000992947,
        3362.7680009929472,
        3062.768000992947,
        3212.7680009929477,
        3412.7680009929472,
        3862.7680009929477,
        3062.768000992947,
        3262.7680009929472,
        3262.768000992947,
        2862.768000992947,
        3212.7680009929472,
        3212.768000992947,
        3112.768000992947,
        3262.768000992947,
        2962.7680009929472,
        3262.7680009929472,
        3012.768000992947,
        3062.7680009929472,
        2912.768000992947,
        3162.768000992947,
        3162.768000992947,
        2912.768000992947,
        3212.768000992947,
        3212.768000992947,
        3062.768000992947,
        3462.7680009929472,
        3062.768000992947,
        3612.7680009929477,
        3262.7680009929472,
        3062.768000992947,
        3112.768000992947,
        3212.768000992947,
        3112.768000992947,
        3262.7680009929477,
        3512.7680009929477,
        3412.7680009929472,
        3012.768000992947,
        3012.768000992947,
        3262.768000992947,
        3262.7680009929472,
        2962.768000992947,
        3262.768000992947,
        2962.768000992947,
        3012.768000992947,
        3312.7680009929477,
        3112.768000992947,
        3462.7680009929477,
        3312.7680009929472,
        3212.7680009929472,
        3112.7680009929472,
        3262.768000992947,
        3612.7680009929477,
        3412.7680009929472,
        3012.768000992947,
        3212.7680009929472,
        3262.768000992947,
        3112.7680009929472,
        3762.7680009929477,
        3312.7680009929472,
        3112.7680009929472,
        2862.7680009929463
      ],
      "mean_latency_ms": 3228.083316308262,
      "median_latency_ms": 3212.768000992947,
      "cache_hit_rate": 0.819725975975976,
      "cache_misses": 1921,
      "cache_evictions": 16889,
      "wasted_prefetches": 6223,
      "total_prefetches": 14957,
      "dedup_skipped": 21740,
      "expert_demands": 10656,
      "expert_hits": 8735
    },