{
  "model": "qwen1_5_moe_a2_7b",
  "gpu_memory_gb": 32.0,
  "cache_capacity": 1440,
  "total_experts": 1440,
  "tokens": 108,
  "measured": {
    "predictor_ms": 0.6592559998777384,
    "layer_compute_ms": 54.14418534934521,
    "transfer_ms": 50.0
  },
  "baseline": {
    "per_token_latency": [
      5649.460448384285,
      4799.460448384285,
      4349.460448384285,
      3449.460448384285,
      3099.460448384285,
      4149.460448384285,
      4649.460448384285,
      3549.460448384285,
      4899.460448384285,
      3999.460448384285,
      3499.460448384285,
      2049.460448384285,
      2399.460448384285,
      2499.460448384285,
      2499.460448384285,
      3249.460448384285,
      2449.460448384285,
      2199.460448384285,
      1849.460448384285,
      2099.460448384285,
      1949.460448384285,
      2049.460448384285,
      1999.460448384285,
      2699.460448384285,
      2849.460448384285,
      2399.460448384285,
      1799.460448384285,
      1949.460448384285,
      1749.460448384285,
      1949.460448384285,
      1949.460448384285,
      1549.460448384285,
      1899.460448384285,
      1649.460448384285,
      1699.460448384285,
      1549.460448384285,
      1499.460448384285,
      1899.460448384285,
      1699.460448384285,
      1449.460448384285,
      2149.460448384285,
      1899.460448384285,
      2199.460448384285,
      1499.460448384285,
      1499.460448384285,
      1549.460448384285,
      2449.460448384285,
      1449.460448384285,
      1399.460448384285,
      1499.460448384285,
      1549.460448384285,
      1399.460448384285,
      1749.460448384285,
      1349.460448384285,
      1499.460448384285,
      1349.460448384285,
      1399.460448384285,
      1349.460448384285,
      1599.460448384285,
      1299.460448384285,
      1549.460448384285,
      1299.460448384285,
      1699.460448384285,
      1499.460448384285,
      1549.460448384285,
      1399.460448384285,
      1349.460448384285,
      1349.460448384285,
      1549.460448384285,
      1549.460448384285,
      1299.460448384285,
      1349.460448384285,
      1399.460448384285,
      1299.460448384285,
      1299.460448384285,
      1349.460448384285,
      1299.460448384285,
      1399.460448384285,
      1299.460448384285,
      1349.460448384285,
      1349.460448384285,
      1849.460448384285,
      1599.460448384285,
      1449.460448384285,
      2049.460448384285,
      1749.460448384285,
      1349.460448384285,
      1499.460448384285,
      1349.460448384285,
      1399.460448384285,
      1299.460448384285,
      1299.460448384285,
      1349.460448384285,
      1399.460448384285,
      1299.460448384285,
      1499.460448384285,
      1299.460448384285,
      1299.460448384285,
      1299.460448384285,
      1349.460448384285,
      1399.460448384285,
      1349.460448384285,
      1349.460448384285,
      1449.460448384285,
      1349.460448384285,
      1299.460448384285,
      1349.460448384285,
      1299.460448384285
    ],
    "mean_latency_ms": 1905.4789669028034,
    "median_latency_ms": 1549.460448384285,
    "cache_hit_rate": 0.8737461419753086,
    "cache_misses": 1309,
    "cache_evictions": 0,
    "wasted_prefetches": 0,
    "total_prefetches": 0,
    "dedup_skipped": 0,
    "expert_demands": 10368,
    "expert_hits": 9059
  },
  "prefetched_by_K": {
    "4": {
      "per_token_latency": [
        1765.2825923813512,
        1765.2825923813512,
        1665.2825923813512,
        1615.2825923813512,
        1715.2825923813512,
        1765.2825923813514,
        1565.2825923813512,
        1615.2825923813512,
        1565.282592381351,
        1515.2825923813512,
        1565.282592381351,
        1615.2825923813512,
        1365.2825923813507,
        1465.2825923813512,
        1515.282592381351,
        1565.2825923813512,
        1665.2825923813512,
        1615.282592381351,
        1415.2825923813507,
        1415.282592381351,
        1415.2825923813507,
        1565.2825923813512,
        1365.2825923813507,
        1465.2825923813512,
        1465.282592381351,
        1365.2825923813507,
        1515.2825923813512,
        1415.2825923813507,
        1415.282592381351,
        1315.282592381351,
        1315.282592381351,
        1365.2825923813507,
        1365.2825923813507,
        1315.282592381351,
        1315.282592381351,
        1365.2825923813507,
        1315.282592381351,
        1365.2825923813507,
        1365.2825923813507,
        1365.2825923813507,
        1515.2825923813512,
        1365.2825923813507,
        1315.282592381351,
        1365.2825923813507,
        1315.282592381351,
        1415.282592381351,
        1465.2825923813512,
        1365.282592381351,
        1315.282592381351,
        1315.282592381351,
        1315.282592381351,
        1315.282592381351,
        1315.282592381351,
        1365.2825923813507,
        1315.282592381351,
        1315.282592381351,
        1315.282592381351,
        1365.2825923813507,
        1315.282592381351,
        1315.282592381351,
        1315.282592381351,
        1315.282592381351,
        1315.282592381351,
        1315.282592381351,
        1365.282592381351,
        1315.282592381351,
        1365.2825923813507,
        1315.282592381351,
        1365.2825923813507,
        1315.282592381351,
        1315.282592381351,
        1315.282592381351,
        1315.282592381351,
        1315.282592381351,
        1315.282592381351,
        1315.282592381351,
        1315.282592381351,
        1365.2825923813507,
        1315.282592381351,
        1315.282592381351,
        1365.2825923813507,
        1365.282592381351,
        1315.282592381351,
        1315.282592381351,
        1315.282592381351,
        1415.282592381351,
        1315.282592381351,
        1315.282592381351,
        1315.282592381351,
        1315.282592381351,
        1315.282592381351,
        1315.282592381351,
        1315.282592381351,
        1365.2825923813507,
        1315.282592381351,
        1315.282592381351,
        1315.282592381351,
        1315.282592381351,
        1315.282592381351,
        1315.282592381351,
        1315.282592381351,
        1315.282592381351,
        1315.282592381351,
        1315.282592381351,
        1315.282592381351,
        1315.282592381351,
        1315.282592381351,
        1315.282592381351
      ],
      "mean_latency_ms": 1389.8196294183876,
      "median_latency_ms": 1315.282592381351,
      "cache_hit_rate": 0.9844714506172839,
      "cache_misses": 161,
      "cache_evictions": 0,
      "wasted_prefetches": 514,
      "total_prefetches": 1190,
      "dedup_skipped": 35937,
      "expert_demands": 10368,
      "expert_hits": 10207
    },