{
  "model": "qwen1_5_moe_a2_7b",
  "gpu_memory_gb": 16.0,
  "cache_capacity": 402,
  "total_experts": 1440,
  "tokens": 108,
  "measured": {
    "predictor_ms": 0.43247466736162704,
    "layer_compute_ms": 19.265086663266022,
    "transfer_ms": 50.0
  },
  "baseline": {
    "per_token_latency": [
      4912.362079918385,
      4062.362079918386,
      3662.362079918386,
      2462.362079918384,
      2262.362079918384,
      3512.3620799183855,
      4012.362079918386,
      3262.3620799183855,
      4212.362079918386,
      3762.3620799183855,
      3412.3620799183855,
      4412.3620799183855,
      4262.3620799183855,
      3512.362079918386,
      2012.3620799183839,
      3012.3620799183855,
      2912.3620799183855,
      2412.362079918384,
      1662.3620799183846,
      1712.362079918384,
      1862.362079918384,
      1862.362079918384,
      2112.362079918384,
      4662.362079918385,
      4612.3620799183855,
      3162.3620799183855,
      4512.3620799183855,
      2962.3620799183855,
      2462.3620799183846,
      2762.362079918385,
      3512.3620799183855,
      3212.3620799183855,
      2612.3620799183855,
      2312.362079918384,
      4062.362079918386,
      3212.3620799183855,
      3462.3620799183855,
      3362.3620799183855,
      3462.362079918386,
      2462.362079918385,
      4062.3620799183864,
      2862.3620799183855,
      2812.3620799183855,
      2062.3620799183836,
      3662.3620799183855,
      4262.3620799183855,
      4562.3620799183855,
      3962.362079918386,
      4462.3620799183855,
      3962.362079918386,
      4312.3620799183855,
      4712.362079918385,
      3962.362079918386,
      4212.362079918386,
      3962.3620799183864,
      1712.3620799183839,
      4162.3620799183855,
      2312.3620799183846,
      3862.362079918386,
      4762.362079918385,
      4412.3620799183855,
      3962.362079918386,
      4362.3620799183855,
      3262.3620799183855,
      2412.3620799183846,
      3562.3620799183855,
      3362.3620799183855,
      2462.3620799183846,
      4362.3620799183855,
      3812.362079918386,
      2512.3620799183846,
      2112.362079918384,
      2712.3620799183855,
      2662.3620799183846,
      762.3620799183846,
      662.3620799183847,
      1012.3620799183848,
      4212.362079918386,
      3962.362079918386,
      3212.3620799183855,
      3762.362079918386,
      3812.362079918386,
      3612.362079918386,
      3262.3620799183855,
      3462.362079918386,
      3162.3620799183855,
      2712.3620799183846,
      2012.3620799183836,
      3562.3620799183855,
      4762.362079918385,
      4212.362079918386,
      4012.362079918386,
      4412.3620799183855,
      4212.3620799183855,
      3662.362079918386,
      3412.362079918386,
      3712.362079918386,
      2612.3620799183846,
      1662.362079918384,
      1712.3620799183839,
      2262.3620799183846,
      2512.362079918385,
      1712.362079918384,
      1612.3620799183843,
      1262.3620799183846,
      1062.3620799183848,
      2512.3620799183846,
      3462.362079918386
    ],
    "mean_latency_ms": 3210.0472651035698,
    "median_latency_ms": 3412.3620799183855,
    "cache_hit_rate": 0.42756558641975306,
    "cache_misses": 5935,
    "cache_evictions": 5605,
    "wasted_prefetches": 0,
    "total_prefetches": 0,
    "dedup_skipped": 0,
    "expert_demands": 10368,
    "expert_hits": 4433
  },
  "prefetched_by_K": {
    "4": {
      "per_token_latency": [
        2522.7414719350636,
        1272.7414719350636,
        1272.7414719350636,
        972.7414719350636,
        1422.7414719350636,
        1572.7414719350636,
        1572.7414719350636,
        1222.7414719350636,
        1422.7414719350636,
        1622.7414719350636,
        1422.7414719350636,
        1572.7414719350636,
        1322.7414719350636,
        1622.7414719350636,
        1272.7414719350636,
        1172.7414719350636,
        1272.7414719350636,
        1472.7414719350636,
        1272.7414719350636,
        2122.7414719350636,
        1472.7414719350636,
        1422.7414719350636,
        1222.7414719350636,
        1272.7414719350636,
        1372.7414719350636,
        1072.7414719350636,
        1672.7414719350636,
        1872.7414719350636,
        1272.7414719350636,
        1422.7414719350636,
        1622.7414719350636,
        1372.7414719350636,
        1272.7414719350636,
        1122.7414719350636,
        1222.7414719350636,
        1222.7414719350636,
        1872.7414719350636,
        1772.7414719350636,
        1122.7414719350636,
        1072.7414719350636,
        1322.7414719350636,
        1372.7414719350636,
        1172.7414719350636,
        1172.7414719350636,
        1172.7414719350636,
        1522.7414719350636,
        1572.7414719350636,
        1572.7414719350636,
        1422.7414719350636,
        1072.7414719350636,
        1822.7414719350636,
        1472.7414719350636,
        1622.7414719350636,
        1622.7414719350636,
        1122.7414719350636,
        1022.7414719350636,
        1322.7414719350636,
        1172.7414719350636,
        1722.7414719350636,
        1572.7414719350636,
        1472.7414719350636,
        1322.7414719350636,
        1372.7414719350636,
        1522.7414719350636,
        1122.7414719350636,
        1022.7414719350636,
        1472.7414719350636,
        1022.7414719350636,
        1522.7414719350636,
        1522.7414719350636,
        1522.7414719350636,
        1172.7414719350636,
        1322.7414719350636,
        1472.7414719350636,
        672.7414719350636,
        572.7414719350636,
        822.7414719350636,
        1322.7414719350636,
        1522.7414719350636,
        1272.7414719350636,
        1272.7414719350636,
        1822.7414719350636,
        1522.7414719350636,
        1672.7414719350636,
        1822.7414719350636,
        1672.7414719350636,
        1872.7414719350636,
        1322.7414719350636,
        1822.7414719350636,
        1572.7414719350636,
        1822.7414719350636,
        1522.7414719350636,
        2122.7414719350636,
        1772.7414719350636,
        1722.7414719350636,
        2222.7414719350636,
        1772.7414719350636,
        1772.7414719350636,
        1572.7414719350636,
        1672.7414719350636,
        2022.7414719350636,
        2122.7414719350636,
        1922.7414719350636,
        1822.7414719350636,
        1822.7414719350636,
        2122.7414719350636,
        1922.7414719350636,
        1822.7414719350636
      ],
      "mean_latency_ms": 1481.53776823136,
      "median_latency_ms": 1472.7414719350636,
      "cache_hit_rate": 0.7898341049382716,
      "cache_misses": 2179,
      "cache_evictions": 8496,
      "wasted_prefetches": 2391,
      "total_prefetches": 6647,
      "dedup_skipped": 11065,
      "expert_demands": 10368,
      "expert_hits": 8189
    },