{
  "model": "qwen1_5_moe_a2_7b",
  "gpu_memory_gb": 32.0,
  "cache_capacity": 1440,
  "total_experts": 1440,
  "tokens": 111,
  "measured": {
    "predictor_ms": 0.6938666714898621,
    "layer_compute_ms": 96.24455329279105,
    "transfer_ms": 50.0
  },
  "baseline": {
    "per_token_latency": [
      6759.869279026987,
      6059.869279026987,
      6159.869279026986,
      6009.869279026987,
      5109.869279026985,
      4959.869279026985,
      5159.869279026986,
      5659.869279026987,
      3959.869279026984,
      5259.869279026985,
      3659.869279026984,
      3709.8692790269843,
      3609.8692790269843,
      4709.869279026985,
      3559.8692790269843,
      3509.8692790269843,
      3509.869279026984,
      3659.8692790269843,
      3559.869279026984,
      2759.869279026985,
      2959.869279026985,
      2859.8692790269847,
      2759.8692790269847,
      2459.8692790269856,
      2809.869279026985,
      3609.8692790269843,
      3459.8692790269847,
      2759.869279026985,
      3909.8692790269843,
      3659.8692790269843,
      2859.8692790269847,
      2709.869279026985,
      2909.8692790269847,
      2609.869279026985,
      2609.869279026985,
      2909.8692790269847,
      2659.8692790269847,
      3109.8692790269843,
      2809.8692790269847,
      2709.8692790269847,
      2359.869279026985,
      2709.869279026985,
      2459.869279026985,
      2509.869279026985,
      2709.869279026985,
      2409.869279026985,
      2309.8692790269856,
      2409.869279026985,
      2959.8692790269847,
      2509.869279026985,
      2659.8692790269847,
      2509.869279026985,
      2359.869279026985,
      2459.869279026985,
      2409.869279026985,
      2459.869279026985,
      2409.869279026985,
      2759.8692790269847,
      2409.869279026985,
      2309.8692790269856,
      2609.869279026985,
      2709.8692790269847,
      2609.8692790269847,
      2309.8692790269856,
      2309.8692790269856,
      2409.869279026985,
      2409.869279026985,
      2459.869279026985,
      2409.869279026985,
      2309.8692790269856,
      2309.8692790269856,
      2309.8692790269856,
      2409.869279026985,
      2459.869279026985,
      2409.8692790269856,
      2659.8692790269847,
      2409.869279026985,
      2409.869279026985,
      2659.8692790269847,
      2359.869279026985,
      2359.869279026985,
      2309.8692790269856,
      2309.8692790269856,
      2509.869279026985,
      2359.869279026985,
      2509.869279026985,
      2409.869279026985,
      2359.869279026985,
      2309.8692790269856,
      2409.869279026985,
      2309.8692790269856,
      2409.869279026985,
      2309.8692790269856,
      2409.869279026985,
      2559.8692790269847,
      2359.869279026985,
      2309.8692790269856,
      2359.869279026985,
      2309.8692790269856,
      2309.8692790269856,
      2359.869279026985,
      2659.8692790269847,
      2359.869279026985,
      2309.8692790269856,
      2409.869279026985,
      2409.8692790269856,
      2359.869279026985,
      2309.8692790269856,
      2309.8692790269856,
      2359.869279026985,
      2309.8692790269856
    ],
    "mean_latency_ms": 2911.671080828787,
    "median_latency_ms": 2509.869279026985,
    "cache_hit_rate": 0.8746246246246246,
    "cache_misses": 1336,
    "cache_evictions": 0,
    "wasted_prefetches": 0,
    "total_prefetches": 0,
    "dedup_skipped": 0,
    "expert_demands": 10656,
    "expert_hits": 9320
  },
  "prefetched_by_K": {
    "4": {
      "per_token_latency": [
        3826.522079142742,
        2826.522079142742,
        2876.522079142742,
        2676.522079142742,
        2626.522079142742,
        3026.522079142742,
        2676.522079142742,
        2576.522079142742,
        2626.522079142742,
        2476.522079142742,
        2476.522079142742,
        2576.522079142742,
        2776.522079142742,
        2476.522079142742,
        2476.522079142742,
        2476.522079142742,
        2476.522079142742,
        2626.522079142742,
        2526.522079142742,
        2426.522079142742,
        2526.522079142742,
        2376.522079142742,
        2426.522079142742,
        2426.522079142742,
        2476.522079142742,
        2526.522079142742,
        2626.522079142742,
        2426.522079142742,
        2426.522079142742,
        2476.522079142742,
        2526.522079142742,
        2376.522079142742,
        2326.522079142742,
        2326.522079142742,
        2426.522079142742,
        2376.522079142742,
        2376.522079142742,
        2326.522079142742,
        2326.522079142742,
        2476.522079142742,
        2326.522079142742,
        2326.522079142742,
        2326.522079142742,
        2376.522079142742,
        2476.522079142742,
        2426.522079142742,
        2326.522079142742,
        2326.522079142742,
        2426.522079142742,
        2376.522079142742,
        2426.522079142742,
        2326.522079142742,
        2376.522079142742,
        2376.522079142742,
        2426.522079142742,
        2376.522079142742,
        2326.522079142742,
        2476.522079142742,
        2326.522079142742,
        2326.522079142742,
        2326.522079142742,
        2326.522079142742,
        2326.522079142742,
        2326.522079142742,
        2326.522079142742,
        2326.522079142742,
        2326.522079142742,
        2326.522079142742,
        2326.522079142742,
        2326.522079142742,
        2326.522079142742,
        2326.522079142742,
        2326.522079142742,
        2326.522079142742,
        2326.522079142742,
        2326.522079142742,
        2326.522079142742,
        2326.522079142742,
        2376.522079142742,
        2326.522079142742,
        2326.522079142742,
        2326.522079142742,
        2326.522079142742,
        2326.522079142742,
        2326.522079142742,
        2326.522079142742,
        2326.522079142742,
        2326.522079142742,
        2326.522079142742,
        2326.522079142742,
        2326.522079142742,
        2376.522079142742,
        2326.522079142742,
        2326.522079142742,
        2326.522079142742,
        2326.522079142742,
        2326.522079142742,
        2376.522079142742,
        2326.522079142742,
        2326.522079142742,
        2326.522079142742,
        2376.522079142742,
        2326.522079142742,
        2326.522079142742,
        2326.522079142742,
        2376.522079142742,
        2376.522079142742,
        2326.522079142742,
        2326.522079142742,
        2326.522079142742,
        2326.522079142742
      ],
      "mean_latency_ms": 2419.3148719355345,
      "median_latency_ms": 2326.522079142742,
      "cache_hit_rate": 0.9806681681681682,
      "cache_misses": 206,
      "cache_evictions": 0,
      "wasted_prefetches": 443,
      "total_prefetches": 1153,
      "dedup_skipped": 36993,
      "expert_demands": 10656,
      "expert_hits": 10450
    },