{
  "model": "qwen1_5_moe_a2_7b",
  "gpu_memory_gb": 8.0,
  "cache_capacity": 402,
  "total_experts": 1440,
  "tokens": 108,
  "measured": {
    "predictor_ms": 0.7141866713451842,
    "layer_compute_ms": 100.16262135903041,
    "transfer_ms": 50.0
  },
  "baseline": {
    "per_token_latency": [
      6853.902912616732,
      5903.902912616731,
      5653.902912616731,
      4453.902912616729,
      4153.902912616729,
      5203.90291261673,
      6003.902912616732,
      5103.902912616731,
      6253.902912616732,
      5603.902912616731,
      5303.902912616731,
      6253.902912616732,
      6353.902912616732,
      5303.902912616731,
      4003.9029126167284,
      5003.90291261673,
      4753.902912616729,
      4253.902912616729,
      3703.902912616729,
      3603.902912616729,
      3753.902912616729,
      3803.902912616729,
      3903.902912616729,
      6503.902912616732,
      6603.902912616732,
      5053.902912616731,
      6503.902912616732,
      5003.90291261673,
      4353.902912616729,
      4803.90291261673,
      5453.902912616731,
      4953.902912616731,
      4403.902912616729,
      4253.902912616729,
      6203.902912616732,
      5003.902912616731,
      5453.902912616731,
      5453.902912616731,
      5403.902912616731,
      4453.902912616729,
      5953.902912616732,
      4603.90291261673,
      4853.90291261673,
      3953.9029126167284,
      5653.902912616731,
      6253.902912616732,
      6253.902912616732,
      5953.902912616732,
      6353.902912616732,
      5853.902912616732,
      6203.902912616732,
      6603.902912616732,
      5753.902912616732,
      6103.902912616732,
      5853.902912616732,
      3703.9029126167284,
      6003.902912616731,
      4253.902912616729,
      5903.902912616732,
      6703.902912616732,
      6353.902912616732,
      6053.902912616732,
      6203.902912616731,
      5003.90291261673,
      4353.902912616729,
      5503.902912616731,
      5253.90291261673,
      4203.902912616729,
      6153.902912616732,
      5853.902912616732,
      4253.902912616729,
      4103.902912616729,
      4603.90291261673,
      4553.90291261673,
      2703.9029126167297,
      2703.9029126167293,
      3053.9029126167293,
      6153.902912616732,
      5803.902912616731,
      5103.90291261673,
      5653.902912616731,
      6053.902912616732,
      5553.902912616732,
      5253.902912616731,
      5253.902912616731,
      5153.90291261673,
      4703.90291261673,
      3953.9029126167284,
      5453.902912616731,
      6603.902912616732,
      6153.902912616732,
      5953.902912616732,
      6503.902912616732,
      6103.902912616731,
      5653.902912616732,
      5503.902912616731,
      5753.902912616732,
      4553.90291261673,
      3503.902912616729,
      3703.902912616729,
      4153.902912616729,
      4353.902912616729,
      3603.902912616729,
      3303.9029126167293,
      3303.902912616729,
      3303.9029126167293,
      4353.902912616729,
      5703.902912616732
    ],
    "mean_latency_ms": 5138.162171875989,
    "median_latency_ms": 5278.902912616731,
    "cache_hit_rate": 0.43036265432098764,
    "cache_misses": 5906,
    "cache_evictions": 5576,
    "wasted_prefetches": 0,
    "total_prefetches": 0,
    "dedup_skipped": 0,
    "expert_demands": 10368,
    "expert_hits": 4462
  },
  "prefetched_by_K": {
    "4": {
      "per_token_latency": [
        4071.043392729011,
        2821.0433927290132,
        2821.0433927290137,
        2771.0433927290137,
        2971.0433927290132,
        3021.043392729013,
        2821.0433927290132,
        2671.0433927290137,
        2821.0433927290137,
        3071.0433927290123,
        3021.0433927290132,
        3021.043392729013,
        3021.043392729013,
        2871.043392729013,
        2871.043392729013,
        2821.0433927290132,
        2871.0433927290137,
        3021.0433927290123,
        3121.0433927290132,
        3421.0433927290123,
        2871.0433927290132,
        3421.043392729013,
        3171.0433927290123,
        2821.0433927290137,
        3121.043392729013,
        2771.0433927290132,
        3121.043392729013,
        3571.0433927290114,
        3021.043392729013,
        2821.0433927290137,
        3071.0433927290132,
        2921.0433927290132,
        2871.0433927290132,
        2771.043392729013,
        2771.0433927290132,
        2721.0433927290137,
        3171.0433927290123,
        3271.0433927290123,
        2621.0433927290137,
        2821.0433927290132,
        2921.043392729013,
        2821.0433927290132,
        2621.0433927290137,
        2671.0433927290132,
        2671.0433927290137,
        2971.043392729013,
        3071.043392729013,
        2921.0433927290132,
        2821.0433927290132,
        2721.0433927290132,
        3071.0433927290123,
        3171.043392729013,
        3171.0433927290123,
        3021.0433927290123,
        2771.0433927290132,
        2621.0433927290137,
        2821.0433927290137,
        3021.0433927290132,
        3021.043392729013,
        3121.0433927290132,
        3371.0433927290114,
        2921.043392729013,
        3021.043392729013,
        2971.0433927290132,
        2971.0433927290132,
        2721.0433927290137,
        3221.043392729013,
        2971.043392729013,
        3121.043392729013,
        2871.043392729013,
        3121.0433927290123,
        2971.043392729013,
        3071.0433927290123,
        3171.043392729013,
        2471.043392729014,
        2621.0433927290137,
        2671.0433927290137,
        2871.043392729013,
        3271.043392729012,
        2821.0433927290132,
        2871.0433927290132,
        3171.0433927290123,
        3171.043392729013,
        3371.043392729012,
        3271.043392729012,
        3171.043392729013,
        3171.043392729013,
        3071.0433927290123,
        3471.043392729012,
        3071.0433927290123,
        3221.043392729012,
        3121.043392729013,
        3521.043392729013,
        3171.043392729013,
        3071.043392729013,
        3571.043392729012,
        3571.043392729012,
        3221.043392729013,
        3121.0433927290123,
        3121.043392729013,
        3371.0433927290114,
        3371.0433927290123,
        3321.043392729013,
        3121.043392729013,
        3221.0433927290123,
        3571.0433927290114,
        3621.0433927290123,
        3471.043392729012
      ],
      "mean_latency_ms": 3041.4137630993832,
      "median_latency_ms": 3021.043392729013,
      "cache_hit_rate": 0.8707561728395061,
      "cache_misses": 1340,
      "cache_evictions": 10435,
      "wasted_prefetches": 4212,
      "total_prefetches": 9425,
      "dedup_skipped": 27276,
      "expert_demands": 10368,
      "expert_hits": 9028
    },