{
  "model": "qwen1_5_moe_a2_7b",
  "gpu_memory_gb": 32.0,
  "cache_capacity": 1440,
  "total_experts": 1440,
  "tokens": 108,
  "measured": {
    "predictor_ms": 0.6857479975636428,
    "layer_compute_ms": 98.6240627070268,
    "transfer_ms": 50.0
  },
  "baseline": {
    "per_token_latency": [
      6816.977504968641,
      5866.977504968642,
      5616.977504968642,
      4416.977504968644,
      4116.977504968644,
      5166.977504968643,
      5966.977504968641,
      4816.977504968642,
      5916.977504968641,
      5066.977504968642,
      4166.977504968644,
      3016.9775049686436,
      3766.9775049686446,
      3766.977504968644,
      3316.977504968644,
      4166.977504968645,
      3466.9775049686446,
      3066.977504968644,
      3116.9775049686436,
      3066.9775049686436,
      3166.977504968643,
      3216.9775049686436,
      3216.9775049686436,
      3616.977504968644,
      4266.977504968644,
      3266.977504968644,
      2866.977504968643,
      2916.9775049686436,
      2716.9775049686436,
      3066.9775049686436,
      3216.9775049686436,
      2566.977504968643,
      2866.9775049686436,
      2916.9775049686436,
      2816.9775049686436,
      2566.977504968643,
      2616.9775049686436,
      2766.9775049686436,
      2816.9775049686436,
      2516.977504968643,
      3366.977504968644,
      3016.9775049686436,
      3166.9775049686436,
      2466.977504968643,
      2566.977504968643,
      2516.977504968643,
      3166.977504968644,
      2516.977504968643,
      2466.977504968643,
      2716.977504968643,
      2566.977504968643,
      2516.977504968643,
      2766.977504968643,
      2616.977504968643,
      2566.9775049686436,
      2466.977504968643,
      2466.977504968643,
      2416.977504968643,
      2516.977504968643,
      2516.977504968643,
      2516.977504968643,
      2416.9775049686427,
      2766.9775049686436,
      2516.977504968643,
      2666.977504968643,
      2516.977504968643,
      2466.977504968643,
      2466.977504968643,
      2566.977504968643,
      2466.977504968643,
      2466.977504968643,
      2416.977504968643,
      2366.977504968643,
      2366.977504968643,
      2366.977504968643,
      2366.977504968643,
      2366.977504968643,
      2366.977504968643,
      2366.977504968643,
      2366.977504968643,
      2366.977504968643,
      3016.9775049686436,
      2616.977504968643,
      2416.977504968643,
      3016.977504968644,
      2816.977504968643,
      2466.977504968643,
      2616.977504968643,
      2466.977504968643,
      2416.977504968643,
      2366.977504968643,
      2416.977504968643,
      2466.977504968643,
      2516.977504968643,
      2366.977504968643,
      2416.977504968643,
      2416.977504968643,
      2366.977504968643,
      2416.977504968643,
      2416.977504968643,
      2366.977504968643,
      2416.977504968643,
      2366.977504968643,
      2366.977504968643,
      2416.977504968643,
      2416.977504968643,
      2366.977504968643,
      2366.977504968643
    ],
    "mean_latency_ms": 2969.755282746421,
    "median_latency_ms": 2566.977504968643,
    "cache_hit_rate": 0.8744212962962963,
    "cache_misses": 1302,
    "cache_evictions": 0,
    "wasted_prefetches": 0,
    "total_prefetches": 0,
    "dedup_skipped": 0,
    "expert_demands": 10368,
    "expert_hits": 9066
  },
  "prefetched_by_K": {
    "4": {
      "per_token_latency": [
        4033.435456910174,
        2783.4354569101715,
        2783.435456910171,
        2733.435456910171,
        2933.4354569101715,
        2933.4354569101715,
        2633.435456910171,
        2633.435456910171,
        2633.435456910171,
        2633.435456910171,
        2633.435456910171,
        2583.4354569101706,
        2483.4354569101706,
        2733.4354569101715,
        2633.435456910171,
        2533.4354569101706,
        2533.4354569101706,
        2583.435456910171,
        2533.4354569101706,
        2683.435456910171,
        2433.43545691017,
        2583.435456910171,
        2533.4354569101706,
        2433.43545691017,
        2533.4354569101706,
        2383.43545691017,
        2583.4354569101706,
        2383.43545691017,
        2383.43545691017,
        2383.43545691017,
        2433.43545691017,
        2433.43545691017,
        2383.43545691017,
        2383.43545691017,
        2383.43545691017,
        2433.43545691017,
        2433.43545691017,
        2433.43545691017,
        2433.43545691017,
        2433.43545691017,
        2633.435456910171,
        2383.43545691017,
        2383.43545691017,
        2433.43545691017,
        2383.43545691017,
        2433.43545691017,
        2433.43545691017,
        2383.43545691017,
        2383.43545691017,
        2433.43545691017,
        2383.43545691017,
        2383.43545691017,
        2483.4354569101706,
        2483.4354569101706,
        2383.43545691017,
        2383.43545691017,
        2383.43545691017,
        2433.43545691017,
        2383.43545691017,
        2433.43545691017,
        2433.43545691017,
        2383.43545691017,
        2383.43545691017,
        2383.43545691017,
        2433.43545691017,
        2433.43545691017,
        2383.43545691017,
        2383.43545691017,
        2433.43545691017,
        2383.43545691017,
        2383.43545691017,
        2383.43545691017,
        2383.43545691017,
        2383.43545691017,
        2383.43545691017,
        2383.43545691017,
        2383.43545691017,
        2383.43545691017,
        2383.43545691017,
        2383.43545691017,
        2383.43545691017,
        2483.4354569101706,
        2433.43545691017,
        2383.43545691017,
        2433.43545691017,
        2383.43545691017,
        2383.43545691017,
        2383.43545691017,
        2383.43545691017,
        2383.43545691017,
        2383.43545691017,
        2383.43545691017,
        2383.43545691017,
        2383.43545691017,
        2383.43545691017,
        2383.43545691017,
        2383.43545691017,
        2383.43545691017,
        2433.43545691017,
        2383.43545691017,
        2383.43545691017,
        2383.43545691017,
        2383.43545691017,
        2383.43545691017,
        2383.43545691017,
        2383.43545691017,
        2383.43545691017,
        2383.43545691017
      ],
      "mean_latency_ms": 2470.0095309842445,
      "median_latency_ms": 2383.43545691017,
      "cache_hit_rate": 0.9819637345679012,
      "cache_misses": 187,
      "cache_evictions": 0,
      "wasted_prefetches": 559,
      "total_prefetches": 1166,
      "dedup_skipped": 35959,
      "expert_demands": 10368,
      "expert_hits": 10181
    },