{
  "model": "qwen1_5_moe_a2_7b",
  "gpu_memory_gb": 32.0,
  "cache_capacity": 1085,
  "total_experts": 1440,
  "tokens": 111,
  "measured": {
    "predictor_ms": 0.43684399818691116,
    "layer_compute_ms": 18.47648533185323,
    "transfer_ms": 50.0
  },
  "baseline": {
    "per_token_latency": [
      4893.4356479644775,
      4193.435647964478,
      4243.435647964478,
      4193.435647964478,
      3293.4356479644784,
      3193.435647964478,
      3343.4356479644784,
      3693.435647964479,
      2143.435647964477,
      3293.4356479644784,
      1893.4356479644766,
      1843.435647964477,
      1593.4356479644773,
      2843.435647964479,
      1643.435647964477,
      1593.435647964477,
      1593.4356479644766,
      1843.435647964477,
      1743.4356479644769,
      943.4356479644779,
      943.4356479644778,
      1043.4356479644778,
      843.4356479644775,
      593.4356479644774,
      843.4356479644778,
      1643.4356479644769,
      1643.435647964477,
      1043.4356479644775,
      2143.435647964477,
      1843.4356479644769,
      1193.4356479644773,
      1093.4356479644778,
      1143.4356479644773,
      793.4356479644775,
      743.4356479644779,
      1143.4356479644778,
      1093.4356479644778,
      1593.435647964477,
      1093.4356479644775,
      793.4356479644778,
      793.4356479644775,
      893.4356479644779,
      693.4356479644778,
      693.4356479644775,
      1243.4356479644773,
      693.4356479644777,
      543.4356479644774,
      943.435647964478,
      1293.4356479644769,
      793.4356479644779,
      993.4356479644778,
      793.4356479644778,
      593.4356479644774,
      743.435647964478,
      643.4356479644777,
      843.4356479644779,
      493.43564796447737,
      1343.4356479644773,
      1693.4356479644769,
      793.4356479644779,
      1043.4356479644778,
      1643.435647964477,
      1343.4356479644773,
      793.4356479644778,
      893.4356479644778,
      1043.4356479644778,
      693.4356479644775,
      2193.435647964477,
      793.4356479644777,
      893.4356479644778,
      1643.435647964477,
      793.4356479644777,
      1843.435647964477,
      1193.4356479644773,
      1593.435647964477,
      1493.435647964477,
      1643.435647964477,
      743.4356479644775,
      1643.4356479644773,
      843.4356479644775,
      893.4356479644779,
      1143.4356479644775,
      843.435647964478,
      1243.4356479644773,
      943.4356479644779,
      1093.4356479644778,
      1643.4356479644769,
      1093.4356479644778,
      543.4356479644773,
      643.4356479644775,
      793.4356479644775,
      693.4356479644774,
      743.4356479644779,
      643.4356479644775,
      1543.4356479644773,
      593.4356479644774,
      693.4356479644775,
      793.4356479644775,
      643.4356479644775,
      843.4356479644777,
      1943.4356479644769,
      2093.435647964477,
      893.4356479644779,
      743.4356479644775,
      1693.4356479644766,
      993.4356479644779,
      1243.4356479644773,
      1593.435647964477,
      1143.4356479644775,
      1343.4356479644773,
      593.4356479644774
    ],
    "mean_latency_ms": 1368.6608731897027,
    "median_latency_ms": 1093.4356479644778,
    "cache_hit_rate": 0.8072447447447447,
    "cache_misses": 2054,
    "cache_evictions": 1041,
    "wasted_prefetches": 0,
    "total_prefetches": 0,
    "dedup_skipped": 0,
    "expert_demands": 10656,
    "expert_hits": 8602
  },
  "prefetched_by_K": {
    "4": {
      "per_token_latency": [
        2103.9199039209634,
        1303.9199039209634,
        1353.9199039209634,
        1203.9199039209634,
        953.9199039209634,
        1553.9199039209634,
        1153.9199039209634,
        1153.9199039209634,
        1103.9199039209634,
        803.9199039209634,
        853.9199039209634,
        953.9199039209634,
        953.9199039209634,
        803.9199039209634,
        753.9199039209634,
        753.9199039209634,
        703.9199039209634,
        853.9199039209634,
        853.9199039209634,
        653.9199039209634,
        603.9199039209634,
        653.9199039209634,
        603.9199039209634,
        553.9199039209634,
        653.9199039209634,
        753.9199039209634,
        903.9199039209634,
        653.9199039209634,
        953.9199039209634,
        953.9199039209634,
        853.9199039209634,
        753.9199039209634,
        553.9199039209634,
        553.9199039209634,
        603.9199039209634,
        953.9199039209634,
        1053.9199039209634,
        853.9199039209634,
        503.9199039209634,
        703.9199039209634,
        553.9199039209634,
        753.9199039209634,
        1053.9199039209634,
        603.9199039209634,
        853.9199039209634,
        653.9199039209634,
        653.9199039209634,
        653.9199039209634,
        903.9199039209634,
        703.9199039209634,
        753.9199039209634,
        603.9199039209634,
        503.9199039209634,
        553.9199039209634,
        603.9199039209634,
        653.9199039209634,
        453.9199039209634,
        803.9199039209634,
        653.9199039209634,
        603.9199039209634,
        603.9199039209634,
        703.9199039209634,
        653.9199039209634,
        753.9199039209634,
        703.9199039209634,
        803.9199039209634,
        503.9199039209634,
        703.9199039209634,
        553.9199039209634,
        653.9199039209634,
        803.9199039209634,
        603.9199039209634,
        1003.9199039209634,
        703.9199039209634,
        703.9199039209634,
        803.9199039209634,
        903.9199039209634,
        603.9199039209634,
        753.9199039209634,
        803.9199039209634,
        803.9199039209634,
        603.9199039209634,
        703.9199039209634,
        803.9199039209634,
        653.9199039209634,
        853.9199039209634,
        653.9199039209634,
        903.9199039209634,
        653.9199039209634,
        503.9199039209634,
        553.9199039209634,
        653.9199039209634,
        603.9199039209634,
        603.9199039209634,
        703.9199039209634,
        503.9199039209634,
        653.9199039209634,
        703.9199039209634,
        603.9199039209634,
        603.9199039209634,
        953.9199039209634,
        1103.9199039209634,
        803.9199039209634,
        553.9199039209634,
        703.9199039209634,
        803.9199039209634,
        703.9199039209634,
        803.9199039209634,
        553.9199039209634,
        853.9199039209634,
        603.9199039209634
      ],
      "mean_latency_ms": 767.433417434477,
      "median_latency_ms": 703.9199039209634,
      "cache_hit_rate": 0.9346846846846847,
      "cache_misses": 696,
      "cache_evictions": 1484,
      "wasted_prefetches": 615,
      "total_prefetches": 1801,
      "dedup_skipped": 16403,
      "expert_demands": 10656,
      "expert_hits": 9960
    },