{
  "model": "qwen1_5_moe_a2_7b",
  "gpu_memory_gb": 8.0,
  "cache_capacity": 1085,
  "total_experts": 1440,
  "tokens": 108,
  "measured": {
    "predictor_ms": 0.6741639908092717,
    "layer_compute_ms": 53.63135198752085,
    "transfer_ms": 50.0
  },
  "baseline": {
    "per_token_latency": [
      5637.152447700501,
      4787.1524477005005,
      4337.1524477005,
      3437.1524477004996,
      3087.1524477005,
      4137.1524477005,
      4637.1524477005005,
      3537.152447700499,
      4887.1524477005005,
      3987.1524477004996,
      3487.152447700499,
      2037.152447700501,
      2387.1524477005005,
      2487.1524477005005,
      2487.1524477005005,
      3237.152447700499,
      2437.1524477005005,
      2187.152447700501,
      1837.1524477005007,
      2087.152447700501,
      1937.152447700501,
      2037.152447700501,
      1987.152447700501,
      2687.1524477005,
      2837.1524477005,
      2387.152447700501,
      1787.152447700501,
      1937.1524477005012,
      1737.152447700501,
      1937.1524477005012,
      1937.152447700501,
      1537.1524477005007,
      1887.1524477005012,
      1687.152447700501,
      1687.1524477005012,
      1537.1524477005007,
      1537.1524477005007,
      2637.1524477005,
      2137.152447700501,
      1637.152447700501,
      2387.152447700501,
      2187.152447700501,
      2537.1524477005,
      1537.1524477005007,
      2787.1524477004996,
      1987.1524477005007,
      2587.1524477005,
      1487.1524477005007,
      1687.152447700501,
      1637.1524477005007,
      1737.1524477005007,
      1487.1524477005005,
      1987.1524477005012,
      1437.1524477005007,
      1537.152447700501,
      1637.152447700501,
      1537.1524477005007,
      1587.152447700501,
      1687.152447700501,
      1437.1524477005007,
      1837.1524477005012,
      1337.1524477005005,
      2487.1524477005005,
      2237.152447700501,
      1737.152447700501,
      1537.1524477005007,
      1837.152447700501,
      1837.1524477005012,
      1937.152447700501,
      1987.1524477005012,
      1537.152447700501,
      1387.1524477005005,
      1587.152447700501,
      1337.1524477005007,
      1337.1524477005007,
      1437.1524477005005,
      1337.1524477005007,
      1487.1524477005007,
      1337.1524477005005,
      1687.1524477005007,
      1887.1524477005012,
      2637.1524477005,
      2437.1524477005,
      2237.1524477005005,
      2687.1524477005,
      2237.152447700501,
      2087.152447700501,
      2037.1524477005012,
      1737.152447700501,
      1787.152447700501,
      1387.1524477005007,
      1787.1524477005012,
      2937.1524477005,
      1887.152447700501,
      1587.152447700501,
      1737.1524477005012,
      1487.1524477005007,
      1687.1524477005007,
      1537.1524477005007,
      1387.1524477005005,
      1487.1524477005007,
      1787.152447700501,
      1487.1524477005007,
      1537.152447700501,
      1537.152447700501,
      1387.1524477005007,
      1437.1524477005007,
      1687.152447700501
    ],
    "mean_latency_ms": 2114.004299552352,
    "median_latency_ms": 1837.152447700501,
    "cache_hit_rate": 0.8277391975308642,
    "cache_misses": 1786,
    "cache_evictions": 773,
    "wasted_prefetches": 0,
    "total_prefetches": 0,
    "dedup_skipped": 0,
    "expert_demands": 10368,
    "expert_hits": 8582
  },
  "prefetched_by_K": {
    "4": {
      "per_token_latency": [
        1753.332383479924,
        1753.3323834799237,
        1653.332383479924,
        1603.332383479924,
        1703.332383479924,
        1753.3323834799241,
        1553.3323834799237,
        1603.332383479924,
        1553.3323834799237,
        1503.3323834799235,
        1553.3323834799237,
        1603.3323834799237,
        1353.3323834799235,
        1453.3323834799235,
        1503.3323834799232,
        1553.332383479924,
        1653.332383479924,
        1603.3323834799237,
        1403.3323834799235,
        1453.3323834799237,
        1403.3323834799235,
        1603.332383479924,
        1353.3323834799235,
        1453.3323834799235,
        1553.3323834799235,
        1353.3323834799235,
        1603.332383479924,
        1453.3323834799235,
        1453.3323834799237,
        1353.3323834799235,
        1303.3323834799232,
        1353.3323834799235,
        1353.3323834799235,
        1453.3323834799235,
        1353.3323834799232,
        1453.3323834799235,
        1453.3323834799235,
        1353.3323834799235,
        1453.3323834799235,
        1353.3323834799235,
        1703.3323834799241,
        1403.3323834799232,
        1553.3323834799235,
        1453.3323834799235,
        1353.3323834799235,
        1503.3323834799235,
        1553.332383479924,
        1403.3323834799235,
        1403.3323834799235,
        1353.3323834799235,
        1403.3323834799235,
        1303.3323834799232,
        1503.3323834799235,
        1353.3323834799235,
        1303.3323834799232,
        1453.3323834799235,
        1353.3323834799235,
        1503.3323834799237,
        1403.3323834799232,
        1403.3323834799232,
        1353.3323834799235,
        1353.3323834799235,
        1303.3323834799232,
        1553.3323834799235,
        1503.3323834799235,
        1303.3323834799232,
        1353.3323834799235,
        1453.3323834799237,
        1403.3323834799232,
        1503.3323834799235,
        1403.3323834799235,
        1303.3323834799232,
        1303.3323834799232,
        1303.3323834799232,
        1303.3323834799232,
        1353.3323834799235,
        1353.3323834799235,
        1453.3323834799237,
        1353.3323834799235,
        1303.3323834799232,
        1353.3323834799235,
        1653.3323834799237,
        1553.332383479924,
        1603.3323834799237,
        1453.3323834799235,
        1653.3323834799241,
        1303.3323834799232,
        1503.3323834799237,
        1503.3323834799237,
        1403.3323834799235,
        1453.3323834799235,
        1353.3323834799235,
        1453.3323834799235,
        1453.3323834799235,
        1403.3323834799232,
        1353.3323834799235,
        1453.3323834799237,
        1353.3323834799235,
        1503.3323834799235,
        1353.3323834799232,
        1353.3323834799235,
        1603.3323834799237,
        1353.3323834799235,
        1353.3323834799235,
        1353.3323834799235,
        1353.3323834799232,
        1353.3323834799232,
        1503.3323834799237
      ],
      "mean_latency_ms": 1449.6286797762198,
      "median_latency_ms": 1453.3323834799235,
      "cache_hit_rate": 0.9695216049382716,
      "cache_misses": 316,
      "cache_evictions": 1463,
      "wasted_prefetches": 927,
      "total_prefetches": 2160,
      "dedup_skipped": 34966,
      "expert_demands": 10368,
      "expert_hits": 10052
    },