{
  "model": "qwen1_5_moe_a2_7b",
  "gpu_memory_gb": 32.0,
  "cache_capacity": 1440,
  "total_experts": 1440,
  "tokens": 111,
  "measured": {
    "predictor_ms": 0.6700599915736044,
    "layer_compute_ms": 51.834687953193985,
    "transfer_ms": 50.0
  },
  "baseline": {
    "per_token_latency": [
      5544.032510876655,
      5094.032510876656,
      4844.032510876656,
      4844.032510876656,
      3944.0325108766565,
      4144.032510876657,
      3944.032510876657,
      4594.0325108766565,
      2944.0325108766565,
      3994.032510876657,
      2694.0325108766556,
      2744.032510876656,
      2294.032510876655,
      3494.032510876657,
      2644.032510876656,
      2294.032510876655,
      2444.032510876656,
      2644.032510876656,
      2644.032510876656,
      1794.0325108766551,
      1994.032510876655,
      1894.032510876655,
      1544.0325108766554,
      1344.0325108766554,
      1594.0325108766554,
      2644.032510876656,
      2144.032510876655,
      1494.0325108766554,
      2644.032510876656,
      2744.032510876656,
      1994.032510876655,
      1744.0325108766551,
      1944.032510876655,
      1394.0325108766554,
      1544.0325108766551,
      1644.0325108766551,
      1844.0325108766551,
      1994.032510876655,
      1744.0325108766551,
      1544.0325108766554,
      1394.0325108766556,
      1544.0325108766551,
      1394.0325108766554,
      1394.0325108766554,
      1594.0325108766551,
      1394.0325108766554,
      1244.0325108766556,
      1394.0325108766554,
      1794.032510876655,
      1444.0325108766554,
      1544.0325108766554,
      1494.0325108766554,
      1294.0325108766554,
      1344.0325108766554,
      1394.0325108766554,
      1294.0325108766556,
      1344.0325108766556,
      1544.0325108766554,
      1394.0325108766551,
      1244.0325108766556,
      1544.0325108766551,
      1844.0325108766551,
      1594.0325108766551,
      1294.0325108766556,
      1344.0325108766554,
      1244.0325108766556,
      1244.0325108766556,
      1394.0325108766554,
      1344.0325108766556,
      1444.0325108766554,
      1294.0325108766554,
      1244.0325108766556,
      1344.0325108766554,
      1344.0325108766554,
      1444.0325108766556,
      1594.0325108766551,
      1444.0325108766554,
      1394.0325108766554,
      1494.0325108766554,
      1344.0325108766554,
      1294.0325108766554,
      1394.0325108766554,
      1244.0325108766556,
      1394.0325108766554,
      1244.0325108766556,
      1344.0325108766554,
      1344.0325108766554,
      1244.0325108766556,
      1244.0325108766556,
      1294.0325108766556,
      1344.0325108766554,
      1244.0325108766556,
      1244.0325108766556,
      1294.0325108766554,
      1544.0325108766551,
      1294.0325108766556,
      1244.0325108766556,
      1294.0325108766556,
      1244.0325108766556,
      1244.0325108766556,
      1394.0325108766554,
      1294.0325108766554,
      1294.0325108766556,
      1244.0325108766556,
      1294.0325108766554,
      1294.0325108766556,
      1394.0325108766554,
      1294.0325108766554,
      1244.0325108766556,
      1244.0325108766556,
      1244.0325108766556
    ],
    "mean_latency_ms": 1837.7262045703492,
    "median_latency_ms": 1394.0325108766554,
    "cache_hit_rate": 0.8763138138138138,
    "cache_misses": 1318,
    "cache_evictions": 0,
    "wasted_prefetches": 0,
    "total_prefetches": 0,
    "dedup_skipped": 0,
    "expert_demands": 10656,
    "expert_hits": 9338
  },
  "prefetched_by_K": {
    "4": {
      "per_token_latency": [
        1760.113950674422,
        1760.113950674422,
        1660.113950674422,
        1610.113950674422,
        1510.113950674422,
        1910.113950674422,
        1560.113950674422,
        1660.113950674422,
        1610.113950674422,
        1360.113950674422,
        1410.113950674422,
        1610.113950674422,
        1410.113950674422,
        1360.113950674422,
        1410.113950674422,
        1410.113950674422,
        1410.113950674422,
        1460.113950674422,
        1510.113950674422,
        1410.113950674422,
        1360.113950674422,
        1510.113950674422,
        1310.113950674422,
        1260.113950674422,
        1260.113950674422,
        1310.113950674422,
        1410.113950674422,
        1360.113950674422,
        1310.113950674422,
        1360.113950674422,
        1360.113950674422,
        1260.113950674422,
        1310.113950674422,
        1310.113950674422,
        1310.113950674422,
        1310.113950674422,
        1410.113950674422,
        1260.113950674422,
        1360.113950674422,
        1360.113950674422,
        1310.113950674422,
        1260.113950674422,
        1310.113950674422,
        1260.113950674422,
        1360.113950674422,
        1310.113950674422,
        1260.113950674422,
        1260.113950674422,
        1310.113950674422,
        1310.113950674422,
        1260.113950674422,
        1260.113950674422,
        1260.113950674422,
        1260.113950674422,
        1360.113950674422,
        1260.113950674422,
        1310.113950674422,
        1260.113950674422,
        1260.113950674422,
        1260.113950674422,
        1310.113950674422,
        1310.113950674422,
        1260.113950674422,
        1260.113950674422,
        1260.113950674422,
        1260.113950674422,
        1260.113950674422,
        1260.113950674422,
        1260.113950674422,
        1260.113950674422,
        1260.113950674422,
        1260.113950674422,
        1260.113950674422,
        1260.113950674422,
        1260.113950674422,
        1260.113950674422,
        1310.113950674422,
        1260.113950674422,
        1310.113950674422,
        1310.113950674422,
        1260.113950674422,
        1260.113950674422,
        1260.113950674422,
        1310.113950674422,
        1260.113950674422,
        1260.113950674422,
        1260.113950674422,
        1260.113950674422,
        1260.113950674422,
        1260.113950674422,
        1310.113950674422,
        1260.113950674422,
        1260.113950674422,
        1260.113950674422,
        1260.113950674422,
        1260.113950674422,
        1260.113950674422,
        1260.113950674422,
        1260.113950674422,
        1260.113950674422,
        1260.113950674422,
        1260.113950674422,
        1260.113950674422,
        1260.113950674422,
        1260.113950674422,
        1260.113950674422,
        1310.113950674422,
        1260.113950674422,
        1260.113950674422,
        1260.113950674422,
        1260.113950674422
      ],
      "mean_latency_ms": 1332.1860227464942,
      "median_latency_ms": 1260.113950674422,
      "cache_hit_rate": 0.984984984984985,
      "cache_misses": 160,
      "cache_evictions": 0,
      "wasted_prefetches": 424,
      "total_prefetches": 1196,
      "dedup_skipped": 36948,
      "expert_demands": 10656,
      "expert_hits": 10496
    },