{
  "model": "qwen1_5_moe_a2_7b",
  "gpu_memory_gb": 4.0,
  "cache_capacity": 4,
  "total_experts": 1440,
  "tokens": 108,
  "measured": {
    "predictor_ms": 0.4202400005888194,
    "layer_compute_ms": 18.93914931640029,
    "transfer_ms": 50.0
  },
  "baseline": {
    "per_token_latency": [
      5254.539583593607,
      5254.539583593607,
      5254.539583593607,
      5254.539583593607,
      5254.539583593607,
      5254.539583593607,
      5254.539583593607,
      5254.539583593607,
      5254.539583593607,
      5254.539583593607,
      5254.539583593607,
      5254.539583593607,
      5254.539583593607,
      5254.539583593607,
      5254.539583593607,
      5254.539583593607,
      5254.539583593607,
      5254.539583593607,
      5254.539583593607,
      5254.539583593607,
      5254.539583593607,
      5254.539583593607,
      5254.539583593607,
      5254.539583593607,
      5254.539583593607,
      5254.539583593607,
      5254.539583593607,
      5254.539583593607,
      5254.539583593607,
      5254.539583593607,
      5254.539583593607,
      5254.539583593607,
      5254.539583593607,
      5254.539583593607,
      5254.539583593607,
      5254.539583593607,
      5254.539583593607,
      5254.539583593607,
      5254.539583593607,
      5254.539583593607,
      5254.539583593607,
      5254.539583593607,
      5254.539583593607,
      5254.539583593607,
      5254.539583593607,
      5254.539583593607,
      5254.539583593607,
      5254.539583593607,
      5254.539583593607,
      5254.539583593607,
      5254.539583593607,
      5254.539583593607,
      5254.539583593607,
      5254.539583593607,
      5254.539583593607,
      5254.539583593607,
      5254.539583593607,
      5254.539583593607,
      5254.539583593607,
      5254.539583593607,
      5254.539583593607,
      5254.539583593607,
      5254.539583593607,
      5254.539583593607,
      5254.539583593607,
      5254.539583593607,
      5254.539583593607,
      5254.539583593607,
      5254.539583593607,
      5254.539583593607,
      5254.539583593607,
      5254.539583593607,
      5254.539583593607,
      5254.539583593607,
      5254.539583593607,
      5254.539583593607,
      5254.539583593607,
      5254.539583593607,
      5254.539583593607,
      5254.539583593607,
      5254.539583593607,
      5254.539583593607,
      5254.539583593607,
      5254.539583593607,
      5254.539583593607,
      5254.539583593607,
      5254.539583593607,
      5254.539583593607,
      5254.539583593607,
      5254.539583593607,
      5254.539583593607,
      5254.539583593607,
      5254.539583593607,
      5254.539583593607,
      5254.539583593607,
      5254.539583593607,
      5254.539583593607,
      5254.539583593607,
      5254.539583593607,
      5254.539583593607,
      5254.539583593607,
      5254.539583593607,
      5254.539583593607,
      5254.539583593607,
      5254.539583593607,
      5254.539583593607,
      5254.539583593607,
      5254.539583593607
    ],
    "mean_latency_ms": 5254.539583593607,
    "median_latency_ms": 5254.539583593607,
    "cache_hit_rate": 0.0,
    "cache_misses": 10368,
    "cache_evictions": 10436,
    "wasted_prefetches": 0,
    "total_prefetches": 0,
    "dedup_skipped": 0,
    "expert_demands": 10368,
    "expert_hits": 0
  },
  "prefetched_by_K": {
    "4": {
      "per_token_latency": [
        5264.625343607739,
        5264.625343607739,
        5264.625343607739,
        5264.625343607739,
        5264.625343607739,
        5264.625343607739,
        5264.625343607739,
        5264.625343607739,
        5264.625343607739,
        5264.625343607739,
        5264.625343607739,
        5264.625343607739,
        5264.625343607739,
        5264.625343607739,
        5264.625343607739,
        5264.625343607739,
        5264.625343607739,
        5264.625343607739,
        5264.625343607739,
        5264.625343607739,
        5264.625343607739,
        5264.625343607739,
        5264.625343607739,
        5264.625343607739,
        5264.625343607739,
        5264.625343607739,
        5264.625343607739,
        5264.625343607739,
        5264.625343607739,
        5264.625343607739,
        5264.625343607739,
        5264.625343607739,
        5264.625343607739,
        5264.625343607739,
        5264.625343607739,
        5264.625343607739,
        5264.625343607739,
        5264.625343607739,
        5264.625343607739,
        5264.625343607739,
        5264.625343607739,
        5264.625343607739,
        5264.625343607739,
        5264.625343607739,
        5264.625343607739,
        5264.625343607739,
        5264.625343607739,
        5264.625343607739,
        5264.625343607739,
        5264.625343607739,
        5264.625343607739,
        5264.625343607739,
        5264.625343607739,
        5264.625343607739,
        5264.625343607739,
        5264.625343607739,
        5264.625343607739,
        5264.625343607739,
        5264.625343607739,
        5264.625343607739,
        5264.625343607739,
        5264.625343607739,
        5264.625343607739,
        5264.625343607739,
        5264.625343607739,
        5264.625343607739,
        5264.625343607739,
        5264.625343607739,
        5264.625343607739,
        5264.625343607739,
        5264.625343607739,
        5264.625343607739,
        5264.625343607739,
        5264.625343607739,
        5264.625343607739,
        5264.625343607739,
        5264.625343607739,
        5264.625343607739,
        5264.625343607739,
        5264.625343607739,
        5264.625343607739,
        5264.625343607739,
        5264.625343607739,
        5264.625343607739,
        5264.625343607739,
        5264.625343607739,
        5264.625343607739,
        5264.625343607739,
        5264.625343607739,
        5264.625343607739,
        5264.625343607739,
        5264.625343607739,
        5264.625343607739,
        5264.625343607739,
        5264.625343607739,
        5264.625343607739,
        5264.625343607739,
        5264.625343607739,
        5264.625343607739,
        5264.625343607739,
        5264.625343607739,
        5264.625343607739,
        5264.625343607739,
        5264.625343607739,
        5264.625343607739,
        5264.625343607739,
        5264.625343607739,
        5264.625343607739
      ],
      "mean_latency_ms": 5264.625343607739,
      "median_latency_ms": 5264.625343607739,
      "cache_hit_rate": 0.0,
      "cache_misses": 10368,
      "cache_evictions": 28148,
      "wasted_prefetches": 3920,
      "total_prefetches": 17712,
      "dedup_skipped": 0,
      "expert_demands": 10368,
      "expert_hits": 0
    },