{
  "model": "qwen1_5_moe_a2_7b",
  "gpu_memory_gb": 16.0,
  "cache_capacity": 1085,
  "total_experts": 1440,
  "tokens": 111,
  "measured": {
    "predictor_ms": 0.7103746656794101,
    "layer_compute_ms": 97.23175190389156,
    "transfer_ms": 50.0
  },
  "baseline": {
    "per_token_latency": [
      6783.5620456933975,
      6083.5620456933975,
      6183.5620456933975,
      6033.5620456933975,
      5133.5620456933975,
      4983.5620456933975,
      5183.5620456933975,
      5683.5620456933975,
      3983.5620456933975,
      5283.5620456933975,
      3683.5620456933975,
      3733.5620456933975,
      3633.5620456933975,
      4733.5620456933975,
      3583.5620456933975,
      3533.5620456933975,
      3533.5620456933975,
      3683.5620456933975,
      3583.5620456933975,
      2783.5620456933975,
      2983.5620456933975,
      2883.5620456933975,
      2783.5620456933975,
      2483.5620456933975,
      2833.5620456933975,
      3633.5620456933975,
      3483.5620456933975,
      2783.5620456933975,
      4083.5620456933975,
      3683.5620456933975,
      3033.5620456933975,
      2883.5620456933975,
      2933.5620456933975,
      2683.5620456933975,
      2733.5620456933975,
      3383.5620456933975,
      2883.5620456933975,
      3283.5620456933975,
      3033.5620456933975,
      2883.5620456933975,
      2583.5620456933975,
      2783.5620456933975,
      2633.5620456933975,
      2633.5620456933975,
      3183.5620456933975,
      2533.5620456933975,
      2483.5620456933975,
      2783.5620456933975,
      3283.5620456933975,
      2783.5620456933975,
      2883.5620456933975,
      2783.5620456933975,
      2483.5620456933975,
      2733.5620456933975,
      2483.5620456933975,
      2883.5620456933975,
      2433.5620456933975,
      3433.5620456933975,
      3533.5620456933975,
      2733.5620456933975,
      2883.5620456933975,
      3583.5620456933975,
      3183.5620456933975,
      2683.5620456933975,
      2733.5620456933975,
      2983.5620456933975,
      2683.5620456933975,
      4133.5620456933975,
      2633.5620456933975,
      2733.5620456933975,
      3233.5620456933975,
      2783.5620456933975,
      3633.5620456933975,
      3133.5620456933975,
      3383.5620456933975,
      3083.5620456933975,
      3433.5620456933975,
      2733.5620456933975,
      3683.5620456933975,
      2733.5620456933975,
      2783.5620456933975,
      3083.5620456933975,
      2733.5620456933975,
      3083.5620456933975,
      2833.5620456933975,
      3033.5620456933975,
      3283.5620456933975,
      2933.5620456933975,
      2383.5620456933975,
      2583.5620456933975,
      2733.5620456933975,
      2533.5620456933975,
      2633.5620456933975,
      2533.5620456933975,
      3533.5620456933975,
      2433.5620456933975,
      2533.5620456933975,
      2483.5620456933975,
      2583.5620456933975,
      2683.5620456933975,
      3883.5620456933975,
      4233.5620456933975,
      2833.5620456933975,
      2733.5620456933975,
      3483.5620456933975,
      2883.5620456933975,
      3083.5620456933975,
      3383.5620456933975,
      3083.5620456933975,
      3283.5620456933975,
      2533.5620456933975
    ],
    "mean_latency_ms": 3262.841324972677,
    "median_latency_ms": 2933.5620456933975,
    "cache_hit_rate": 0.8064001501501501,
    "cache_misses": 2063,
    "cache_evictions": 1050,
    "wasted_prefetches": 0,
    "total_prefetches": 0,
    "dedup_skipped": 0,
    "expert_demands": 10656,
    "expert_hits": 8593
  },
  "prefetched_by_K": {
    "4": {
      "per_token_latency": [
        3850.6110376697034,
        2850.6110376697034,
        2900.6110376697034,
        2700.6110376697034,
        2650.6110376697034,
        3050.6110376697034,
        2700.6110376697034,
        2600.6110376697034,
        2650.6110376697034,
        2500.6110376697034,
        2500.6110376697034,
        2600.6110376697034,
        2800.6110376697034,
        2500.6110376697034,
        2500.6110376697034,
        2500.6110376697034,
        2500.6110376697034,
        2650.6110376697034,
        2550.6110376697034,
        2500.6110376697034,
        2550.6110376697034,
        2400.6110376697034,
        2450.6110376697034,
        2450.6110376697034,
        2500.6110376697034,
        2600.6110376697034,
        2700.6110376697034,
        2450.6110376697034,
        2550.6110376697034,
        2700.6110376697034,
        2800.6110376697034,
        2500.6110376697034,
        2450.6110376697034,
        2400.6110376697034,
        2550.6110376697034,
        2850.6110376697034,
        2750.6110376697034,
        2500.6110376697034,
        2400.6110376697034,
        2650.6110376697034,
        2450.6110376697034,
        2500.6110376697034,
        2600.6110376697034,
        2550.6110376697034,
        2700.6110376697034,
        2600.6110376697034,
        2450.6110376697034,
        2500.6110376697034,
        2700.6110376697034,
        2600.6110376697034,
        2550.6110376697034,
        2400.6110376697034,
        2500.6110376697034,
        2450.6110376697034,
        2500.6110376697034,
        2550.6110376697034,
        2400.6110376697034,
        2600.6110376697034,
        2450.6110376697034,
        2450.6110376697034,
        2450.6110376697034,
        2450.6110376697034,
        2450.6110376697034,
        2400.6110376697034,
        2500.6110376697034,
        2550.6110376697034,
        2400.6110376697034,
        2450.6110376697034,
        2450.6110376697034,
        2450.6110376697034,
        2550.6110376697034,
        2450.6110376697034,
        2400.6110376697034,
        2600.6110376697034,
        2550.6110376697034,
        2400.6110376697034,
        2450.6110376697034,
        2450.6110376697034,
        2500.6110376697034,
        2550.6110376697034,
        2500.6110376697034,
        2500.6110376697034,
        2500.6110376697034,
        2550.6110376697034,
        2500.6110376697034,
        2600.6110376697034,
        2450.6110376697034,
        2550.6110376697034,
        2500.6110376697034,
        2350.6110376697034,
        2450.6110376697034,
        2550.6110376697034,
        2500.6110376697034,
        2400.6110376697034,
        2600.6110376697034,
        2350.6110376697034,
        2500.6110376697034,
        2550.6110376697034,
        2450.6110376697034,
        2550.6110376697034,
        2500.6110376697034,
        2850.6110376697034,
        2700.6110376697034,
        2550.6110376697034,
        2500.6110376697034,
        2650.6110376697034,
        2550.6110376697034,
        2700.6110376697034,
        2550.6110376697034,
        2450.6110376697034,
        2450.6110376697034
      ],
      "mean_latency_ms": 2555.115542174208,
      "median_latency_ms": 2500.6110376697034,
      "cache_hit_rate": 0.9573948948948949,
      "cache_misses": 454,
      "cache_evictions": 1814,
      "wasted_prefetches": 1017,
      "total_prefetches": 2373,
      "dedup_skipped": 35773,
      "expert_demands": 10656,
      "expert_hits": 10202
    },