{
  "model": "qwen1_5_moe_a2_7b",
  "gpu_memory_gb": 8.0,
  "cache_capacity": 1085,
  "total_experts": 1440,
  "tokens": 111,
  "measured": {
    "predictor_ms": 0.6852346621453762,
    "layer_compute_ms": 52.466092045108475,
    "transfer_ms": 50.0
  },
  "baseline": {
    "per_token_latency": [
      5559.186209082604,
      5109.186209082603,
      4859.186209082603,
      4859.186209082603,
      3959.1862090826025,
      4159.186209082602,
      3959.186209082602,
      4609.186209082603,
      2959.1862090826025,
      4009.186209082602,
      2709.1862090826035,
      2759.186209082603,
      2309.186209082604,
      3509.186209082602,
      2659.186209082603,
      2309.186209082604,
      2459.186209082603,
      2659.186209082603,
      2659.186209082603,
      1809.1862090826041,
      2009.1862090826041,
      1909.1862090826041,
      1559.1862090826037,
      1359.1862090826037,
      1609.1862090826037,
      2659.186209082603,
      2159.186209082604,
      1509.1862090826037,
      2659.186209082603,
      2809.186209082603,
      2059.186209082604,
      1859.186209082604,
      1959.1862090826041,
      1409.1862090826037,
      1709.186209082604,
      1859.1862090826041,
      1959.1862090826041,
      2059.186209082604,
      1759.1862090826041,
      1609.186209082604,
      1509.1862090826035,
      1659.1862090826041,
      1659.186209082604,
      1509.1862090826037,
      1959.1862090826041,
      1459.1862090826037,
      1309.1862090826035,
      1809.1862090826044,
      1909.1862090826044,
      1709.1862090826041,
      1759.186209082604,
      1759.186209082604,
      1409.186209082604,
      1459.1862090826037,
      1559.186209082604,
      1609.186209082604,
      1409.1862090826035,
      1709.186209082604,
      1759.1862090826041,
      1559.186209082604,
      1859.1862090826044,
      2659.186209082603,
      2159.186209082604,
      1759.186209082604,
      1859.1862090826041,
      1759.1862090826041,
      1409.1862090826037,
      2959.1862090826025,
      1459.1862090826035,
      1709.186209082604,
      2409.1862090826035,
      1809.1862090826041,
      2509.186209082603,
      2159.1862090826035,
      2009.186209082604,
      2509.1862090826035,
      2509.1862090826035,
      1659.186209082604,
      2409.186209082603,
      1609.186209082604,
      1559.1862090826037,
      1909.1862090826044,
      1709.1862090826041,
      1859.1862090826041,
      1809.1862090826041,
      1809.186209082604,
      2659.186209082603,
      1659.186209082604,
      1359.1862090826037,
      1409.1862090826037,
      1609.1862090826037,
      1359.1862090826037,
      1559.186209082604,
      1459.186209082604,
      2109.186209082604,
      1509.1862090826037,
      1459.1862090826037,
      1659.186209082604,
      1459.1862090826037,
      1659.186209082604,
      2959.1862090826025,
      2759.186209082603,
      1709.186209082604,
      1459.1862090826037,
      2759.1862090826025,
      1709.186209082604,
      2009.1862090826041,
      1959.186209082604,
      1959.186209082604,
      2209.186209082604,
      1509.1862090826037
    ],
    "mean_latency_ms": 2149.726749623144,
    "median_latency_ms": 1859.186209082604,
    "cache_hit_rate": 0.8144707207207207,
    "cache_misses": 1977,
    "cache_evictions": 964,
    "wasted_prefetches": 0,
    "total_prefetches": 0,
    "dedup_skipped": 0,
    "expert_demands": 10656,
    "expert_hits": 8679
  },
  "prefetched_by_K": {
    "4": {
      "per_token_latency": [
        1775.631840974093,
        1775.6318409740932,
        1675.631840974093,
        1625.6318409740927,
        1525.631840974093,
        1925.6318409740932,
        1575.631840974093,
        1675.6318409740932,
        1625.631840974093,
        1375.6318409740927,
        1425.6318409740927,
        1625.631840974093,
        1425.6318409740927,
        1375.6318409740927,
        1425.6318409740927,
        1425.6318409740925,
        1425.6318409740927,
        1475.631840974093,
        1525.631840974093,
        1425.6318409740927,
        1375.6318409740927,
        1525.631840974093,
        1325.6318409740925,
        1275.6318409740925,
        1275.6318409740925,
        1375.6318409740925,
        1425.6318409740927,
        1375.6318409740927,
        1675.631840974093,
        1475.6318409740927,
        1575.631840974093,
        1375.6318409740925,
        1325.6318409740927,
        1375.6318409740925,
        1525.6318409740927,
        1475.631840974093,
        1625.631840974093,
        1475.6318409740925,
        1375.6318409740927,
        1475.6318409740927,
        1375.6318409740925,
        1525.631840974093,
        1575.631840974093,
        1375.6318409740925,
        1425.6318409740927,
        1425.6318409740927,
        1375.6318409740927,
        1375.6318409740927,
        1525.6318409740932,
        1525.631840974093,
        1425.6318409740927,
        1375.6318409740927,
        1325.6318409740925,
        1375.6318409740927,
        1425.6318409740927,
        1325.6318409740927,
        1325.6318409740925,
        1375.6318409740927,
        1275.6318409740925,
        1425.6318409740927,
        1375.6318409740927,
        1475.631840974093,
        1375.6318409740925,
        1375.6318409740927,
        1375.6318409740927,
        1425.6318409740927,
        1375.6318409740927,
        1325.6318409740925,
        1275.6318409740925,
        1325.6318409740927,
        1525.6318409740927,
        1475.6318409740927,
        1325.6318409740925,
        1375.6318409740927,
        1475.6318409740927,
        1425.6318409740927,
        1425.6318409740927,
        1375.6318409740927,
        1375.6318409740925,
        1475.6318409740927,
        1325.6318409740925,
        1325.6318409740927,
        1475.6318409740927,
        1325.6318409740927,
        1375.6318409740925,
        1425.6318409740927,
        1375.6318409740927,
        1425.6318409740927,
        1425.6318409740927,
        1275.6318409740925,
        1375.6318409740927,
        1375.6318409740927,
        1325.6318409740925,
        1375.6318409740927,
        1475.6318409740927,
        1325.6318409740925,
        1375.6318409740927,
        1575.631840974093,
        1425.6318409740927,
        1425.6318409740925,
        1575.6318409740927,
        1575.631840974093,
        1475.6318409740927,
        1375.6318409740925,
        1475.631840974093,
        1425.6318409740927,
        1475.6318409740927,
        1425.6318409740927,
        1375.6318409740925,
        1425.6318409740927,
        1425.6318409740927
      ],
      "mean_latency_ms": 1439.5958049380565,
      "median_latency_ms": 1425.6318409740927,
      "cache_hit_rate": 0.9658408408408409,
      "cache_misses": 364,
      "cache_evictions": 1686,
      "wasted_prefetches": 929,
      "total_prefetches": 2335,
      "dedup_skipped": 35809,
      "expert_demands": 10656,
      "expert_hits": 10292
    },