{
  "model": "qwen1_5_moe_a2_7b",
  "gpu_memory_gb": 16.0,
  "cache_capacity": 1085,
  "total_experts": 1440,
  "tokens": 108,
  "measured": {
    "predictor_ms": 0.6950066714780405,
    "layer_compute_ms": 98.57873206337293,
    "transfer_ms": 50.0
  },
  "baseline": {
    "per_token_latency": [
      6815.8895695209485,
      5865.889569520949,
      5615.889569520949,
      4415.889569520951,
      4115.889569520951,
      5165.88956952095,
      5965.8895695209485,
      4815.889569520949,
      5915.8895695209485,
      5065.889569520949,
      4165.889569520951,
      3015.8895695209508,
      3765.8895695209517,
      3765.889569520951,
      3315.889569520951,
      4165.889569520952,
      3465.8895695209517,
      3065.889569520951,
      3115.8895695209508,
      3065.8895695209508,
      3165.8895695209503,
      3215.8895695209508,
      3215.8895695209508,
      3615.889569520951,
      4265.889569520951,
      3265.889569520951,
      2865.8895695209503,
      2915.8895695209508,
      2715.8895695209508,
      3065.8895695209508,
      3215.8895695209508,
      2565.8895695209503,
      2865.8895695209508,
      2915.8895695209508,
      2815.8895695209508,
      2615.8895695209503,
      2765.8895695209508,
      3565.889569520951,
      3415.889569520951,
      2665.8895695209508,
      3665.889569520951,
      3165.8895695209508,
      3365.8895695209508,
      2715.8895695209503,
      3615.889569520951,
      2915.8895695209508,
      3465.889569520951,
      2665.8895695209503,
      2815.8895695209508,
      2915.8895695209503,
      2815.8895695209503,
      2615.8895695209503,
      2965.8895695209508,
      2665.8895695209503,
      2615.8895695209503,
      2765.8895695209508,
      2765.8895695209503,
      2565.8895695209508,
      2565.8895695209503,
      2615.8895695209503,
      2815.8895695209503,
      2565.8895695209503,
      3515.8895695209508,
      3365.8895695209508,
      2915.8895695209508,
      2765.8895695209503,
      3015.8895695209508,
      3015.8895695209508,
      2815.8895695209503,
      2765.8895695209508,
      2665.8895695209503,
      2565.8895695209503,
      2465.8895695209503,
      2665.8895695209503,
      2465.8895695209503,
      2365.8895695209503,
      2465.8895695209503,
      2415.8895695209503,
      2465.8895695209503,
      2615.8895695209503,
      3015.8895695209508,
      3665.8895695209517,
      3365.889569520951,
      3415.889569520951,
      3615.889569520951,
      3115.8895695209508,
      3415.889569520951,
      2965.889569520951,
      3015.8895695209508,
      2715.8895695209503,
      2515.8895695209503,
      2765.8895695209508,
      4015.8895695209517,
      3165.8895695209508,
      2815.8895695209503,
      2915.8895695209508,
      2865.8895695209508,
      2515.8895695209503,
      2715.8895695209508,
      2465.8895695209503,
      2565.8895695209503,
      2565.8895695209503,
      2465.8895695209503,
      2565.8895695209503,
      2465.8895695209503,
      2415.8895695209503,
      2415.8895695209503,
      2765.8895695209503
    ],
    "mean_latency_ms": 3191.3525324839134,
    "median_latency_ms": 2915.8895695209508,
    "cache_hit_rate": 0.8280285493827161,
    "cache_misses": 1783,
    "cache_evictions": 770,
    "wasted_prefetches": 0,
    "total_prefetches": 0,
    "dedup_skipped": 0,
    "expert_demands": 10368,
    "expert_hits": 8585
  },
  "prefetched_by_K": {
    "4": {
      "per_token_latency": [
        4032.5697296364247,
        2782.5697296364237,
        2782.5697296364233,
        2732.5697296364237,
        2932.5697296364237,
        2932.5697296364237,
        2632.5697296364233,
        2632.5697296364233,
        2632.5697296364233,
        2632.5697296364233,
        2632.5697296364233,
        2582.5697296364233,
        2482.5697296364233,
        2732.5697296364237,
        2632.5697296364233,
        2532.5697296364233,
        2532.5697296364233,
        2582.5697296364233,
        2532.5697296364233,
        2682.5697296364233,
        2432.5697296364233,
        2582.5697296364237,
        2582.5697296364233,
        2432.5697296364233,
        2582.5697296364233,
        2382.5697296364233,
        2682.5697296364233,
        2532.5697296364233,
        2482.5697296364233,
        2432.5697296364233,
        2532.5697296364233,
        2582.5697296364233,
        2482.5697296364233,
        2532.5697296364233,
        2482.5697296364233,
        2582.5697296364233,
        2532.5697296364233,
        2682.5697296364233,
        2432.5697296364233,
        2482.5697296364233,
        2732.5697296364237,
        2482.5697296364233,
        2582.5697296364233,
        2582.5697296364233,
        2482.5697296364233,
        2632.5697296364233,
        2582.5697296364233,
        2482.5697296364233,
        2382.5697296364233,
        2482.5697296364233,
        2432.5697296364233,
        2482.5697296364233,
        2682.5697296364237,
        2582.5697296364233,
        2382.5697296364233,
        2482.5697296364233,
        2532.5697296364233,
        2532.5697296364233,
        2482.5697296364233,
        2582.5697296364233,
        2482.5697296364233,
        2532.5697296364233,
        2432.5697296364233,
        2682.5697296364233,
        2532.5697296364233,
        2432.5697296364233,
        2482.5697296364233,
        2632.5697296364237,
        2582.5697296364233,
        2432.5697296364233,
        2482.5697296364233,
        2482.5697296364233,
        2432.569729636423,
        2382.5697296364233,
        2382.5697296364233,
        2432.5697296364233,
        2382.5697296364233,
        2532.5697296364233,
        2432.5697296364233,
        2382.5697296364233,
        2432.5697296364233,
        2682.5697296364237,
        2732.5697296364237,
        2732.5697296364233,
        2782.5697296364237,
        2782.5697296364237,
        2432.5697296364233,
        2532.5697296364233,
        2682.5697296364233,
        2782.5697296364237,
        2482.5697296364233,
        2432.5697296364233,
        2732.5697296364237,
        2732.5697296364233,
        2682.5697296364233,
        2682.5697296364233,
        2682.5697296364237,
        2432.5697296364233,
        2582.5697296364233,
        2382.5697296364233,
        2482.5697296364233,
        2682.5697296364237,
        2432.5697296364233,
        2432.5697296364233,
        2432.5697296364233,
        2532.5697296364233,
        2532.5697296364233,
        2482.5697296364233
      ],
      "mean_latency_ms": 2570.9956555623494,
      "median_latency_ms": 2532.5697296364233,
      "cache_hit_rate": 0.9607445987654321,
      "cache_misses": 407,
      "cache_evictions": 1586,
      "wasted_prefetches": 1022,
      "total_prefetches": 2192,
      "dedup_skipped": 34933,
      "expert_demands": 10368,
      "expert_hits": 9961
    },