{
  "model": "qwen1_5_moe_a2_7b",
  "gpu_memory_gb": 16.0,
  "cache_capacity": 402,
  "total_experts": 1440,
  "tokens": 111,
  "measured": {
    "predictor_ms": 0.434668000942717,
    "layer_compute_ms": 18.273356020450592,
    "transfer_ms": 50.0
  },
  "baseline": {
    "per_token_latency": [
      4888.560544490814,
      4188.560544490814,
      4238.560544490814,
      4188.560544490814,
      3288.560544490814,
      3188.560544490814,
      3838.560544490814,
      4838.560544490814,
      2688.560544490814,
      3738.560544490814,
      2238.560544490814,
      2088.560544490814,
      3288.560544490814,
      4538.560544490814,
      4788.560544490814,
      3588.560544490814,
      3338.560544490814,
      3288.560544490814,
      3188.560544490814,
      2838.560544490814,
      1838.5605444908142,
      2588.560544490814,
      4088.560544490814,
      3988.560544490814,
      4588.560544490814,
      4788.560544490814,
      4188.560544490814,
      4488.560544490814,
      3888.560544490814,
      2988.560544490814,
      2288.560544490814,
      4538.560544490814,
      3938.560544490814,
      3638.560544490814,
      3688.560544490814,
      3938.560544490814,
      2788.560544490814,
      3538.560544490814,
      3588.560544490814,
      2088.560544490814,
      3388.560544490814,
      2038.5605444908142,
      3888.560544490814,
      4838.560544490814,
      2838.560544490814,
      1788.5605444908142,
      4188.560544490814,
      3888.560544490814,
      3488.560544490814,
      2788.560544490814,
      3288.560544490814,
      2788.560544490814,
      4188.560544490814,
      4038.560544490814,
      2638.560544490814,
      3688.560544490814,
      4638.560544490814,
      3888.560544490814,
      3688.560544490814,
      2938.560544490814,
      2838.560544490814,
      3738.560544490814,
      4788.560544490814,
      3388.560544490814,
      3138.560544490814,
      3788.560544490814,
      3688.560544490814,
      3838.560544490814,
      5088.560544490814,
      2538.560544490814,
      3888.560544490814,
      2638.560544490814,
      4038.560544490814,
      2188.560544490814,
      3638.560544490814,
      4288.560544490814,
      3688.560544490814,
      3438.560544490814,
      3838.560544490814,
      1738.5605444908142,
      2588.560544490814,
      2438.560544490814,
      2938.560544490814,
      4288.560544490814,
      2188.560544490814,
      3488.560544490814,
      4588.560544490814,
      3738.560544490814,
      2588.560544490814,
      2288.560544490814,
      2988.560544490814,
      3088.560544490814,
      2288.560544490814,
      4988.560544490814,
      4488.560544490814,
      4338.560544490814,
      3788.560544490814,
      3738.560544490814,
      1738.5605444908142,
      2938.560544490814,
      2938.560544490814,
      3288.560544490814,
      3338.560544490814,
      4938.560544490814,
      4338.560544490814,
      4588.560544490814,
      3638.560544490814,
      4338.560544490814,
      2538.560544490814,
      2838.560544490814,
      4688.560544490814
    ],
    "mean_latency_ms": 3512.434418364688,
    "median_latency_ms": 3638.560544490814,
    "cache_hit_rate": 0.35960960960960964,
    "cache_misses": 6824,
    "cache_evictions": 6494,
    "wasted_prefetches": 0,
    "total_prefetches": 0,
    "dedup_skipped": 0,
    "expert_demands": 10656,
    "expert_hits": 3832
  },
  "prefetched_by_K": {
    "4": {
      "per_token_latency": [
        2098.99257651344,
        1298.9925765134396,
        1348.9925765134399,
        1198.9925765134387,
        948.9925765134387,
        1548.9925765134396,
        1248.9925765134394,
        1598.9925765134403,
        1498.9925765134399,
        998.9925765134386,
        998.9925765134387,
        1248.9925765134392,
        1648.9925765134406,
        998.9925765134392,
        1548.9925765134399,
        1248.9925765134394,
        1298.9925765134396,
        1148.9925765134387,
        1448.9925765134399,
        1098.992576513439,
        1148.9925765134392,
        1048.9925765134387,
        1298.9925765134392,
        1498.9925765134403,
        1348.9925765134396,
        1098.9925765134392,
        1698.99257651344,
        1648.9925765134399,
        1598.9925765134403,
        1648.99257651344,
        1448.9925765134396,
        1348.9925765134396,
        1448.9925765134399,
        1748.9925765134396,
        1598.9925765134403,
        1648.9925765134403,
        1698.99257651344,
        1548.9925765134394,
        1448.9925765134392,
        1148.9925765134392,
        1248.9925765134394,
        1198.9925765134394,
        1748.99257651344,
        1298.9925765134396,
        1398.9925765134399,
        1298.9925765134396,
        1448.9925765134399,
        1548.9925765134403,
        1798.9925765134406,
        1548.9925765134399,
        1748.99257651344,
        1348.9925765134392,
        1398.9925765134394,
        1498.9925765134403,
        1348.9925765134396,
        1948.9925765134403,
        1098.9925765134387,
        1398.9925765134399,
        1148.9925765134392,
        1198.9925765134394,
        1148.9925765134394,
        1198.992576513439,
        1198.992576513439,
        1398.99257651344,
        1248.9925765134394,
        1498.9925765134396,
        1198.9925765134394,
        1348.9925765134396,
        1048.9925765134387,
        1348.9925765134394,
        1148.9925765134392,
        1248.9925765134394,
        1548.9925765134396,
        1248.9925765134394,
        1348.9925765134394,
        1648.99257651344,
        1498.9925765134399,
        1448.99257651344,
        1348.9925765134394,
        1198.992576513439,
        1248.9925765134396,
        1398.9925765134396,
        1348.9925765134394,
        1598.9925765134403,
        1448.9925765134396,
        1848.9925765134403,
        1598.9925765134399,
        1398.9925765134394,
        1098.9925765134392,
        1148.9925765134392,
        1148.9925765134387,
        1198.9925765134392,
        998.9925765134387,
        1148.992576513439,
        1798.9925765134403,
        1198.992576513439,
        1548.9925765134403,
        1598.9925765134396,
        1048.992576513439,
        1448.9925765134394,
        1448.9925765134394,
        1748.9925765134406,
        1848.99257651344,
        1298.9925765134394,
        1248.992576513439,
        1548.9925765134399,
        1248.9925765134394,
        1748.9925765134403,
        1348.9925765134394,
        1548.9925765134396,
        1198.992576513439
      ],
      "mean_latency_ms": 1388.632216153079,
      "median_latency_ms": 1348.9925765134396,
      "cache_hit_rate": 0.8042417417417418,
      "cache_misses": 2086,
      "cache_evictions": 8544,
      "wasted_prefetches": 2148,
      "total_prefetches": 6788,
      "dedup_skipped": 11416,
      "expert_demands": 10656,
      "expert_hits": 8570
    },