{
  "model": "qwen1_5_moe_a2_7b",
  "gpu_memory_gb": 8.0,
  "cache_capacity": 402,
  "total_experts": 1440,
  "tokens": 111,
  "measured": {
    "predictor_ms": 0.6957093267701566,
    "layer_compute_ms": 97.11433871587117,
    "transfer_ms": 50.0
  },
  "baseline": {
    "per_token_latency": [
      6780.744129180906,
      6080.744129180906,
      6180.744129180907,
      6030.744129180906,
      5130.744129180908,
      4980.744129180908,
      5680.744129180907,
      6730.7441291809055,
      4580.744129180908,
      5630.744129180907,
      4130.74412918091,
      4030.744129180909,
      5230.744129180908,
      6530.744129180906,
      6580.744129180906,
      5430.744129180908,
      5080.744129180907,
      5230.744129180907,
      4980.744129180908,
      4730.744129180908,
      3880.744129180909,
      4480.744129180909,
      6080.744129180906,
      5730.744129180907,
      6480.744129180906,
      6780.744129180906,
      6230.744129180906,
      6280.744129180906,
      5730.744129180906,
      4830.744129180908,
      4180.744129180909,
      6380.7441291809055,
      5680.744129180907,
      5530.744129180907,
      5380.744129180907,
      5880.744129180907,
      4380.744129180909,
      5330.744129180908,
      5580.744129180906,
      4180.744129180909,
      5230.744129180907,
      3780.7441291809096,
      5580.744129180907,
      6730.744129180906,
      4680.744129180908,
      3780.7441291809096,
      6030.744129180906,
      5880.744129180906,
      5530.744129180907,
      4530.744129180908,
      5030.744129180908,
      4880.744129180908,
      6130.744129180906,
      5980.744129180906,
      4380.744129180909,
      5680.744129180907,
      6580.744129180906,
      5830.744129180906,
      5530.744129180907,
      5580.744129180907,
      4930.744129180907,
      5580.744129180907,
      6730.744129180906,
      5180.744129180908,
      5230.744129180908,
      5480.744129180907,
      5680.744129180907,
      5630.744129180906,
      6930.744129180906,
      4430.744129180909,
      5530.744129180907,
      4630.744129180909,
      5830.744129180907,
      4080.7441291809096,
      5530.744129180907,
      6130.744129180906,
      5630.744129180907,
      5380.744129180907,
      5880.744129180906,
      3480.744129180909,
      4480.744129180909,
      4380.744129180909,
      4730.744129180908,
      6030.744129180906,
      4130.744129180909,
      5480.744129180907,
      6480.744129180906,
      5580.744129180907,
      4380.744129180909,
      4230.744129180909,
      4880.744129180908,
      4930.744129180908,
      4230.744129180909,
      6830.744129180906,
      6630.744129180906,
      6280.744129180906,
      5480.744129180907,
      5430.744129180907,
      3580.744129180909,
      4830.744129180908,
      4880.744129180908,
      5080.744129180908,
      5130.744129180908,
      6780.744129180906,
      6430.744129180906,
      6380.744129180906,
      5530.744129180907,
      6080.744129180906,
      4480.744129180908,
      4830.744129180909,
      6580.744129180906
    ],
    "mean_latency_ms": 5398.762147198926,
    "median_latency_ms": 5530.744129180907,
    "cache_hit_rate": 0.36082957957957956,
    "cache_misses": 6811,
    "cache_evictions": 6481,
    "wasted_prefetches": 0,
    "total_prefetches": 0,
    "dedup_skipped": 0,
    "expert_demands": 10656,
    "expert_hits": 3845
  },
  "prefetched_by_K": {
    "4": {
      "per_token_latency": [
        3847.4411530233933,
        2847.4411530233924,
        2897.4411530233924,
        2747.4411530233924,
        2747.441153023392,
        3097.4411530233924,
        2847.4411530233924,
        2747.4411530233924,
        3097.441153023393,
        2747.441153023392,
        2797.4411530233924,
        2847.4411530233924,
        3347.441153023393,
        2647.441153023392,
        2997.4411530233924,
        2947.4411530233924,
        2947.4411530233924,
        2797.441153023392,
        2897.4411530233924,
        2697.441153023392,
        3047.4411530233924,
        2647.4411530233924,
        2847.4411530233924,
        3097.441153023393,
        2947.4411530233924,
        2797.4411530233924,
        3197.4411530233924,
        3197.4411530233924,
        3047.4411530233924,
        2847.4411530233924,
        3147.441153023393,
        2747.4411530233924,
        2847.4411530233924,
        3197.4411530233924,
        3297.441153023393,
        3097.441153023393,
        3297.4411530233924,
        3047.4411530233924,
        2847.441153023392,
        2997.4411530233924,
        2647.4411530233924,
        2847.4411530233924,
        3297.441153023393,
        2947.4411530233924,
        3097.441153023393,
        2947.4411530233924,
        3047.4411530233924,
        3297.441153023393,
        3347.441153023393,
        3097.441153023393,
        3047.4411530233924,
        2847.441153023392,
        2747.441153023392,
        3047.441153023393,
        2997.441153023393,
        3397.441153023393,
        2897.4411530233924,
        2947.4411530233924,
        2847.4411530233924,
        2647.4411530233924,
        2747.4411530233924,
        2647.441153023392,
        2947.4411530233924,
        2997.4411530233924,
        2647.441153023392,
        3047.441153023393,
        2697.4411530233924,
        2847.4411530233924,
        2647.441153023392,
        2997.4411530233924,
        2897.4411530233924,
        2797.441153023392,
        2947.4411530233924,
        2847.441153023392,
        2847.4411530233924,
        3147.4411530233924,
        2997.4411530233924,
        3247.441153023393,
        3047.4411530233924,
        2647.441153023392,
        2747.441153023392,
        2697.4411530233924,
        2997.4411530233924,
        3147.441153023393,
        3147.4411530233924,
        3047.4411530233924,
        2897.4411530233924,
        2897.4411530233924,
        2897.441153023392,
        2747.4411530233924,
        2697.441153023392,
        2847.4411530233924,
        2697.4411530233924,
        2797.4411530233924,
        3197.4411530233933,
        2847.4411530233924,
        3147.441153023393,
        3097.4411530233924,
        2547.441153023392,
        2847.4411530233924,
        2847.4411530233924,
        3297.441153023393,
        3197.441153023393,
        2897.4411530233924,
        2797.4411530233924,
        2997.4411530233924,
        2947.4411530233924,
        3447.441153023393,
        2847.4411530233924,
        2797.4411530233924,
        2747.4411530233924
      ],
      "mean_latency_ms": 2947.441153023392,
      "median_latency_ms": 2897.4411530233924,
      "cache_hit_rate": 0.875,
      "cache_misses": 1332,
      "cache_evictions": 10461,
      "wasted_prefetches": 4030,
      "total_prefetches": 9459,
      "dedup_skipped": 28303,
      "expert_demands": 10656,
      "expert_hits": 9324
    },