{
  "model": "qwen1_5_moe_a2_7b",
  "gpu_memory_gb": 16.0,
  "cache_capacity": 1440,
  "total_experts": 1440,
  "tokens": 108,
  "measured": {
    "predictor_ms": 0.6745986676930139,
    "layer_compute_ms": 53.70322938760122,
    "transfer_ms": 50.0
  },
  "baseline": {
    "per_token_latency": [
      5638.877505302428,
      4788.877505302429,
      4338.87750530243,
      3438.87750530243,
      3088.8775053024297,
      4138.87750530243,
      4638.877505302429,
      3538.8775053024306,
      4888.877505302429,
      3988.87750530243,
      3488.8775053024306,
      2038.8775053024287,
      2388.877505302429,
      2488.877505302429,
      2488.877505302429,
      3238.8775053024306,
      2438.877505302429,
      2188.8775053024287,
      1838.877505302429,
      2088.8775053024287,
      1938.8775053024287,
      2038.8775053024287,
      1988.8775053024287,
      2688.8775053024297,
      2838.8775053024297,
      2388.8775053024287,
      1788.8775053024287,
      1938.8775053024285,
      1738.8775053024287,
      1938.8775053024285,
      1938.8775053024287,
      1538.877505302429,
      1888.8775053024285,
      1638.8775053024287,
      1688.8775053024285,
      1538.877505302429,
      1488.877505302429,
      1888.8775053024285,
      1688.8775053024287,
      1438.877505302429,
      2138.8775053024283,
      1888.8775053024287,
      2188.877505302429,
      1488.877505302429,
      1488.877505302429,
      1538.877505302429,
      2438.877505302429,
      1438.877505302429,
      1388.8775053024292,
      1488.877505302429,
      1538.877505302429,
      1388.8775053024292,
      1738.8775053024287,
      1338.8775053024292,
      1488.8775053024287,
      1338.8775053024292,
      1388.877505302429,
      1338.8775053024292,
      1588.8775053024287,
      1288.8775053024292,
      1538.877505302429,
      1288.8775053024292,
      1688.8775053024287,
      1488.877505302429,
      1538.877505302429,
      1388.877505302429,
      1338.8775053024292,
      1338.877505302429,
      1538.8775053024292,
      1538.877505302429,
      1288.8775053024292,
      1338.8775053024292,
      1388.877505302429,
      1288.8775053024292,
      1288.8775053024292,
      1338.8775053024292,
      1288.8775053024292,
      1388.877505302429,
      1288.8775053024292,
      1338.8775053024292,
      1338.877505302429,
      1838.8775053024285,
      1588.877505302429,
      1438.8775053024292,
      2038.8775053024283,
      1738.8775053024287,
      1338.877505302429,
      1488.8775053024287,
      1338.8775053024292,
      1388.877505302429,
      1288.8775053024292,
      1288.8775053024292,
      1338.877505302429,
      1388.8775053024292,
      1288.8775053024292,
      1488.877505302429,
      1288.8775053024292,
      1288.8775053024292,
      1288.8775053024292,
      1338.8775053024292,
      1388.877505302429,
      1338.877505302429,
      1338.877505302429,
      1438.877505302429,
      1338.877505302429,
      1288.8775053024292,
      1338.8775053024292,
      1288.8775053024292
    ],
    "mean_latency_ms": 1894.8960238209477,
    "median_latency_ms": 1538.877505302429,
    "cache_hit_rate": 0.8737461419753086,
    "cache_misses": 1309,
    "cache_evictions": 0,
    "wasted_prefetches": 0,
    "total_prefetches": 0,
    "dedup_skipped": 0,
    "expert_demands": 10368,
    "expert_hits": 9059
  },
  "prefetched_by_K": {
    "4": {
      "per_token_latency": [
        1755.0678733270615,
        1755.0678733270615,
        1655.0678733270615,
        1605.0678733270615,
        1705.0678733270615,
        1755.0678733270615,
        1555.0678733270615,
        1605.0678733270615,
        1555.0678733270615,
        1505.0678733270615,
        1555.0678733270615,
        1605.0678733270615,
        1355.0678733270615,
        1455.0678733270615,
        1505.0678733270615,
        1555.0678733270615,
        1655.0678733270615,
        1605.0678733270615,
        1405.0678733270615,
        1405.0678733270615,
        1405.0678733270615,
        1555.0678733270615,
        1355.0678733270615,
        1455.0678733270615,
        1455.0678733270615,
        1355.0678733270615,
        1505.0678733270615,
        1405.0678733270615,
        1405.0678733270615,
        1305.0678733270615,
        1305.0678733270615,
        1355.0678733270615,
        1355.0678733270615,
        1305.0678733270615,
        1305.0678733270615,
        1355.0678733270615,
        1305.0678733270615,
        1355.0678733270615,
        1355.0678733270615,
        1355.0678733270615,
        1505.0678733270615,
        1355.0678733270615,
        1305.0678733270615,
        1355.0678733270615,
        1305.0678733270615,
        1405.0678733270615,
        1455.0678733270615,
        1355.0678733270615,
        1305.0678733270615,
        1305.0678733270615,
        1305.0678733270615,
        1305.0678733270615,
        1305.0678733270615,
        1355.0678733270615,
        1305.0678733270615,
        1305.0678733270615,
        1305.0678733270615,
        1355.0678733270615,
        1305.0678733270615,
        1305.0678733270615,
        1305.0678733270615,
        1305.0678733270615,
        1305.0678733270615,
        1305.0678733270615,
        1355.0678733270615,
        1305.0678733270615,
        1355.0678733270615,
        1305.0678733270615,
        1355.0678733270615,
        1305.0678733270615,
        1305.0678733270615,
        1305.0678733270615,
        1305.0678733270615,
        1305.0678733270615,
        1305.0678733270615,
        1305.0678733270615,
        1305.0678733270615,
        1355.0678733270615,
        1305.0678733270615,
        1305.0678733270615,
        1355.0678733270615,
        1355.0678733270615,
        1305.0678733270615,
        1305.0678733270615,
        1305.0678733270615,
        1405.0678733270615,
        1305.0678733270615,
        1305.0678733270615,
        1305.0678733270615,
        1305.0678733270615,
        1305.0678733270615,
        1305.0678733270615,
        1305.0678733270615,
        1355.0678733270615,
        1305.0678733270615,
        1305.0678733270615,
        1305.0678733270615,
        1305.0678733270615,
        1305.0678733270615,
        1305.0678733270615,
        1305.0678733270615,
        1305.0678733270615,
        1305.0678733270615,
        1305.0678733270615,
        1305.0678733270615,
        1305.0678733270615,
        1305.0678733270615,
        1305.0678733270615
      ],
      "mean_latency_ms": 1379.6049103640985,
      "median_latency_ms": 1305.0678733270615,
      "cache_hit_rate": 0.9844714506172839,
      "cache_misses": 161,
      "cache_evictions": 0,
      "wasted_prefetches": 514,
      "total_prefetches": 1190,
      "dedup_skipped": 35937,
      "expert_demands": 10368,
      "expert_hits": 10207
    },